ISO-10303-21;
HEADER;
FILE_DESCRIPTION (( 'STEP AP214' ),
    '1' );
FILE_NAME ('»úÍ·¿ò¼Ü¸Ä°æ.STEP',
    '2026-07-28T02:56:57',
    ( '' ),
    ( '' ),
    'SwSTEP 2.0',
    'SolidWorks 2025',
    '' );
FILE_SCHEMA (( 'AUTOMOTIVE_DESIGN' ));
ENDSEC;

DATA;
#1 = ORIENTED_EDGE ( 'NONE', *, *, #7566, .T. ) ;
#3 = ADVANCED_FACE ( 'NONE', ( #10254 ), #7682, .T. ) ;
#2 = CARTESIAN_POINT ( 'NONE',  ( 10.29777649649680349, -19.84040790171517799, 7.500000000000001776 ) ) ;
#4 = LINE ( 'NONE', #7284, #9868 ) ;
#5 = CARTESIAN_POINT ( 'NONE',  ( 18.82748011637280783, -2.235800397254170235, 28.19999999999999929 ) ) ;
#6 = CARTESIAN_POINT ( 'NONE',  ( 19.27513582454292518, 3.075962310662788468, 28.64198937509604548 ) ) ;
#7 = CARTESIAN_POINT ( 'NONE',  ( 12.37227441075756396, 15.04782614135670471, 28.84720618330618080 ) ) ;
#8 = AXIS2_PLACEMENT_3D ( 'NONE', #7926, #1550, #1494 ) ;
#9 = ORIENTED_EDGE ( 'NONE', *, *, #555, .T. ) ;
#10 = PLANE ( 'NONE',  #1423 ) ;
#11 = EDGE_CURVE ( 'NONE', #6597, #933, #1408, .T. ) ;
#12 = ORIENTED_EDGE ( 'NONE', *, *, #5861, .F. ) ;
#13 = ORIENTED_EDGE ( 'NONE', *, *, #6336, .F. ) ;
#14 = DIRECTION ( 'NONE',  ( 1.734723475976809934E-14, -1.000000000000000000, 0.000000000000000000 ) ) ;
#15 = CARTESIAN_POINT ( 'NONE',  ( 12.05328176879519830, 15.36703200561694693, 28.48906993330934156 ) ) ;
#16 = VECTOR ( 'NONE', #2840, 1000.000000000000114 ) ;
#17 = FACE_OUTER_BOUND ( 'NONE', #875, .T. ) ;
#18 = ORIENTED_EDGE ( 'NONE', *, *, #8290, .T. ) ;
#19 = CARTESIAN_POINT ( 'NONE',  ( -12.03340901608232549, 18.70235664966126166, 7.499999999999999112 ) ) ;
#20 = CARTESIAN_POINT ( 'NONE',  ( -12.28961222886572635, 15.23313670504048822, 28.53637502743994148 ) ) ;
#21 = FACE_BOUND ( 'NONE', #6493, .T. ) ;
#22 = VERTEX_POINT ( 'NONE', #7836 ) ;
#23 = CARTESIAN_POINT ( 'NONE',  ( -12.34302986889891507, 15.06255257626967570, 28.67561381411794841 ) ) ;
#24 = CARTESIAN_POINT ( 'NONE',  ( -7.006408470545472333, -18.28193336513601253, 28.57881599493675395 ) ) ;
#25 = ORIENTED_EDGE ( 'NONE', *, *, #653, .F. ) ;
#26 = ORIENTED_EDGE ( 'NONE', *, *, #9606, .T. ) ;
#27 = CARTESIAN_POINT ( 'NONE',  ( -18.86219647268502797, 2.965095027826889940, 29.22072941136058333 ) ) ;
#28 = DIRECTION ( 'NONE',  ( 0.000000000000000000, 0.000000000000000000, 1.000000000000000000 ) ) ;
#29 = FACE_OUTER_BOUND ( 'NONE', #8206, .T. ) ;
#30 = CARTESIAN_POINT ( 'NONE',  ( 19.16049461291375167, 3.184776695237488742, 29.02171038122561697 ) ) ;
#31 = CARTESIAN_POINT ( 'NONE',  ( -7.274305630064777262, -18.24585853384122203, 28.49996611647304690 ) ) ;
#32 = DIRECTION ( 'NONE',  ( 0.000000000000000000, -0.000000000000000000, -1.000000000000000000 ) ) ;
#33 = CARTESIAN_POINT ( 'NONE',  ( -12.33004660872496672, 14.89231613727656978, 28.95130519092480625 ) ) ;
#34 = AXIS2_PLACEMENT_3D ( 'NONE', #3568, #6090, #1156 ) ;
#35 = CARTESIAN_POINT ( 'NONE',  ( -6.722304035853496451, -18.14964495965853075, 28.90639860571152298 ) ) ;
#36 = CARTESIAN_POINT ( 'NONE',  ( -12.31642761777923667, 14.96939603170074662, 29.23956187080565527 ) ) ;
#37 = B_SPLINE_CURVE_WITH_KNOTS ( 'NONE', 3,
 ( #10551, #8192, #5628, #905 ),
 .UNSPECIFIED., .F., .F.,
 ( 4, 4 ),
 ( 0.000000000000000000, 1.000000000000000000 ),
 .UNSPECIFIED. ) ;
#38 = TOROIDAL_SURFACE ( 'NONE', #8759, 1.299999999999999378, 0.2000000000000000111 ) ;
#39 = AXIS2_PLACEMENT_3D ( 'NONE', #167, #5961, #9271 ) ;
#40 = ORIENTED_EDGE ( 'NONE', *, *, #6416, .T. ) ;
#41 = CARTESIAN_POINT ( 'NONE',  ( -12.20793455651528703, 15.07623759340907377, 29.39310519443597158 ) ) ;
#42 = EDGE_CURVE ( 'NONE', #7698, #7588, #1461, .T. ) ;
#43 = DIRECTION ( 'NONE',  ( 0.000000000000000000, 0.000000000000000000, 1.000000000000000000 ) ) ;
#44 = CARTESIAN_POINT ( 'NONE',  ( -19.37243663885484679, 2.776573513429728024, 28.50824300787861887 ) ) ;
#45 = CARTESIAN_POINT ( 'NONE',  ( 31.33064391108925051, -31.98515466406566432, 0.000000000000000000 ) ) ;
#46 = CARTESIAN_POINT ( 'NONE',  ( -6.974247450655045810, -18.17443916511205515, 29.39279517359646121 ) ) ;
#47 = AXIS2_PLACEMENT_3D ( 'NONE', #4444, #6055, #8805 ) ;
#48 = DIRECTION ( 'NONE',  ( 0.8660254037844405950, -0.4999999999999966693, 0.000000000000000000 ) ) ;
#49 = DIRECTION ( 'NONE',  ( 0.000000000000000000, 0.000000000000000000, 1.000000000000000000 ) ) ;
#50 = CARTESIAN_POINT ( 'NONE',  ( 13.61993538651340252, 15.87486596493608815, 29.27139071817105531 ) ) ;
#51 = CARTESIAN_POINT ( 'NONE',  ( 10.29777649649660987, -15.24040790171518545, 28.20000000000000284 ) ) ;
#52 = CARTESIAN_POINT ( 'NONE',  ( 6.886352965645495594, -17.83652614491036914, 29.25794598734139740 ) ) ;
#53 = EDGE_CURVE ( 'NONE', #1913, #10278, #10460, .T. ) ;
#54 = AXIS2_PLACEMENT_3D ( 'NONE', #2076, #1274, #3743 ) ;
#55 = DIRECTION ( 'NONE',  ( 0.000000000000000000, -0.000000000000000000, 1.000000000000000000 ) ) ;
#56 = ORIENTED_EDGE ( 'NONE', *, *, #2385, .T. ) ;
#57 = DIRECTION ( 'NONE',  ( 0.4999999999999986677, 0.8660254037844393737, 0.000000000000000000 ) ) ;
#58 = CARTESIAN_POINT ( 'NONE',  ( 27.96880466650897290, -22.28449844995375884, 7.739664914432065501 ) ) ;
#59 = DIRECTION ( 'NONE',  ( 0.4999999999999995559, 0.8660254037844389297, 0.000000000000000000 ) ) ;
#60 = CARTESIAN_POINT ( 'NONE',  ( 19.32282178814020313, 3.080779697120955785, 28.62778276953628520 ) ) ;
#61 = CARTESIAN_POINT ( 'NONE',  ( 12.27727009189540652, 14.95954107494076624, 29.11987714371310787 ) ) ;
#62 = B_SPLINE_CURVE_WITH_KNOTS ( 'NONE', 3,
 ( #6225, #3818, #485, #9436 ),
 .UNSPECIFIED., .F., .F.,
 ( 4, 4 ),
 ( 0.000000000000000000, 0.0003526191071291328010 ),
 .UNSPECIFIED. ) ;
#63 = ORIENTED_EDGE ( 'NONE', *, *, #2030, .T. ) ;
#64 = CARTESIAN_POINT ( 'NONE',  ( 12.31459901614139696, 15.19048644950234461, 28.62070426118372879 ) ) ;
#65 = ADVANCED_FACE ( 'NONE', ( #4730 ), #10408, .T. ) ;
#66 = ADVANCED_FACE ( 'NONE', ( #10304 ), #5543, .F. ) ;
#67 = ORIENTED_EDGE ( 'NONE', *, *, #4266, .T. ) ;
#68 = VERTEX_POINT ( 'NONE', #3069 ) ;
#69 = CARTESIAN_POINT ( 'NONE',  ( 26.33064391108925051, -31.98515466406566432, 7.000000000000000000 ) ) ;
#70 = DIRECTION ( 'NONE',  ( 0.5000000000000009992, -0.8660254037844380415, 0.000000000000000000 ) ) ;
#71 = CARTESIAN_POINT ( 'NONE',  ( 0.000000000000000000, 30.00000000000000000, 5.000000000000000000 ) ) ;
#72 = ORIENTED_EDGE ( 'NONE', *, *, #3997, .T. ) ;
#73 = CARTESIAN_POINT ( 'NONE',  ( 19.41159739100698900, 2.752478805500815362, 28.49996611647302203 ) ) ;
#74 = EDGE_CURVE ( 'NONE', #4347, #9459, #5062, .T. ) ;
#75 = AXIS2_PLACEMENT_3D ( 'NONE', #9083, #1535, #6895 ) ;
#76 = CARTESIAN_POINT ( 'NONE',  ( -18.82047468757074782, 2.887903993452793916, 29.25474978903302770 ) ) ;
#77 = CARTESIAN_POINT ( 'NONE',  ( 6.974926708480573723, -20.04040790171518438, 28.70129651736450072 ) ) ;
#78 = ORIENTED_EDGE ( 'NONE', *, *, #2851, .T. ) ;
#79 = CARTESIAN_POINT ( 'NONE',  ( -12.32683227025420258, 15.09420167585229855, 28.63876439088462078 ) ) ;
#80 = CARTESIAN_POINT ( 'NONE',  ( -6.928525995866681164, -18.28740204470771147, 28.64026438662784813 ) ) ;
#81 = B_SPLINE_CURVE_WITH_KNOTS ( 'NONE', 3,
 ( #5929, #6781, #7737, #398, #8386, #3621 ),
 .UNSPECIFIED., .F., .F.,
 ( 4, 2, 4 ),
 ( -4.472146664848133034E-06, 0.0003123412476762570502, 0.0006291546420173621664 ),
 .UNSPECIFIED. ) ;
#82 = ORIENTED_EDGE ( 'NONE', *, *, #2106, .T. ) ;
#83 = ORIENTED_EDGE ( 'NONE', *, *, #5369, .T. ) ;
#84 = DIRECTION ( 'NONE',  ( 0.5000000000000237588, 0.8660254037844250519, -0.000000000000000000 ) ) ;
#85 = CARTESIAN_POINT ( 'NONE',  ( -8.902223503503249091, -15.24040790171519788, 7.499999999999999112 ) ) ;
#86 = CARTESIAN_POINT ( 'NONE',  ( 22.26119697378124584, 1.016827546908745328, 28.19999999999999929 ) ) ;
#87 = CARTESIAN_POINT ( 'NONE',  ( 19.24174132454593789, 3.221215179567452402, 29.01997792675009791 ) ) ;
#88 = DIRECTION ( 'NONE',  ( -0.4999999999999996114, -0.8660254037844389297, 0.000000000000000000 ) ) ;
#89 = CARTESIAN_POINT ( 'NONE',  ( -25.97224062880127349, -5.040407901715212802, 17.00000000000000000 ) ) ;
#90 = CARTESIAN_POINT ( 'NONE',  ( -12.34816715199720782, 14.92506419298431197, 29.04662282448834532 ) ) ;
#91 = CARTESIAN_POINT ( 'NONE',  ( -6.780524611322026551, -18.27858319812751731, 28.94467561622388985 ) ) ;
#92 = CARTESIAN_POINT ( 'NONE',  ( -12.26026368088623997, 15.02292190488386581, 29.33732282281607695 ) ) ;
#93 = CIRCLE ( 'NONE', #5912, 2.500000000000000000 ) ;
#94 = ORIENTED_EDGE ( 'NONE', *, *, #6234, .T. ) ;
#95 = CARTESIAN_POINT ( 'NONE',  ( 19.29734237640655792, 3.028708797068537795, 29.39565576978507266 ) ) ;
#96 = LINE ( 'NONE', #784, #7123 ) ;
#97 = CARTESIAN_POINT ( 'NONE',  ( -19.22013649828697268, 3.006811818874623121, 28.62861060700967286 ) ) ;
#98 = CARTESIAN_POINT ( 'NONE',  ( 33.01783415592232984, -19.06285543798025728, 0.000000000000000000 ) ) ;
#99 = DIRECTION ( 'NONE',  ( -0.000000000000000000, -0.000000000000000000, -1.000000000000000000 ) ) ;
#100 = EDGE_CURVE ( 'NONE', #5743, #1913, #3578, .T. ) ;
#101 = CARTESIAN_POINT ( 'NONE',  ( -15.77276837002725074, 9.025596260870788257, 1.700000000000001510 ) ) ;
#102 = CARTESIAN_POINT ( 'NONE',  ( -6.971903708329452165, -18.15561772208878466, 29.39098831337916096 ) ) ;
#103 = CARTESIAN_POINT ( 'NONE',  ( 20.96860244792060257, 3.655666939284765604, 28.30000000000000071 ) ) ;
#104 = EDGE_CURVE ( 'NONE', #5759, #9807, #10418, .T. ) ;
#105 = CARTESIAN_POINT ( 'NONE',  ( 7.008704790890030623, -17.96601190709963092, 29.34599229078183313 ) ) ;
#106 = DIRECTION ( 'NONE',  ( -0.4999999999999952816, -0.8660254037844413721, 0.000000000000000000 ) ) ;
#107 = ORIENTED_EDGE ( 'NONE', *, *, #4716, .F. ) ;
#108 = CARTESIAN_POINT ( 'NONE',  ( -17.31198659095687375, -10.04040790171521103, 17.00000000000000000 ) ) ;
#109 = DIRECTION ( 'NONE',  ( 0.8660254037844382635, 0.5000000000000008882, -0.000000000000000000 ) ) ;
#110 = DIRECTION ( 'NONE',  ( 1.000000000000000000, 1.387778780781444413E-14, 0.000000000000000000 ) ) ;
#111 = CARTESIAN_POINT ( 'NONE',  ( 19.26510550383911280, 3.104810702010486700, 28.67512056971995094 ) ) ;
#112 = CARTESIAN_POINT ( 'NONE',  ( -22.03588377586673985, 1.493473498422624779, 32.00000000000000000 ) ) ;
#113 = ADVANCED_FACE ( 'NONE', ( #1767 ), #5289, .T. ) ;
#114 = ORIENTED_EDGE ( 'NONE', *, *, #8408, .F. ) ;
#115 = CARTESIAN_POINT ( 'NONE',  ( 12.29318207890823800, 15.22697449801851555, 28.58571393947461203 ) ) ;
#116 = VERTEX_POINT ( 'NONE', #5145 ) ;
#117 = ORIENTED_EDGE ( 'NONE', *, *, #8627, .F. ) ;
#118 = CARTESIAN_POINT ( 'NONE',  ( 19.40975672110861439, 2.755666939284761696, 1.700000000000001510 ) ) ;
#119 = CARTESIAN_POINT ( 'NONE',  ( 17.32902956042068610, -20.04040790171517372, 32.00000000000000000 ) ) ;
#120 = CYLINDRICAL_SURFACE ( 'NONE', #3641, 1.100000000000000311 ) ;
#121 = VERTEX_POINT ( 'NONE', #5899 ) ;
#122 = CARTESIAN_POINT ( 'NONE',  ( 28.29534409416613272, -8.446736232765223562, 12.45276762173876861 ) ) ;
#123 = EDGE_CURVE ( 'NONE', #2420, #8999, #8538, .T. ) ;
#124 = AXIS2_PLACEMENT_3D ( 'NONE', #9474, #2939, #7220 ) ;
#125 = LINE ( 'NONE', #3390, #5812 ) ;
#126 = CARTESIAN_POINT ( 'NONE',  ( 56.55350122782569144, -43.51768077679396640, 31.79166666666666785 ) ) ;
#127 = ORIENTED_EDGE ( 'NONE', *, *, #10163, .T. ) ;
#128 = EDGE_CURVE ( 'NONE', #3561, #2118, #9964, .T. ) ;
#129 = CARTESIAN_POINT ( 'NONE',  ( -12.26769158256341186, 15.08823742269099633, 28.59508510857574848 ) ) ;
#130 = CARTESIAN_POINT ( 'NONE',  ( -7.053217735756012630, -18.26257326964366712, 28.55305947006190692 ) ) ;
#131 = ORIENTED_EDGE ( 'NONE', *, *, #4193, .F. ) ;
#132 = EDGE_LOOP ( 'NONE', ( #7459, #8587, #10359, #7245 ) ) ;
#133 = DIRECTION ( 'NONE',  ( -0.5000000000000005551, 0.8660254037844384856, 0.000000000000000000 ) ) ;
#134 = LINE ( 'NONE', #1101, #10186 ) ;
#135 = CARTESIAN_POINT ( 'NONE',  ( 12.10975672110860302, 15.39963783453756285, 1.700000000000001510 ) ) ;
#136 = CARTESIAN_POINT ( 'NONE',  ( 19.21056416860656313, 3.204448271834784645, 29.02036582846018575 ) ) ;
#137 = CARTESIAN_POINT ( 'NONE',  ( -7.266121644971110349, -18.20576024591332853, 28.49697292815870142 ) ) ;
#138 = CARTESIAN_POINT ( 'NONE',  ( 11.95901206230196934, 14.80182516367531598, 29.25474978903321599 ) ) ;
#139 = ORIENTED_EDGE ( 'NONE', *, *, #1785, .T. ) ;
#140 = CARTESIAN_POINT ( 'NONE',  ( -12.35607188097605835, 14.92899503827775831, 29.02182853374335281 ) ) ;
#141 = CARTESIAN_POINT ( 'NONE',  ( -6.780097632734806368, -18.27591313831002040, 28.94484905524021912 ) ) ;
#142 = CARTESIAN_POINT ( 'NONE',  ( -12.37615280419775665, 15.08324403164914962, 29.33287930512288355 ) ) ;
#143 = CIRCLE ( 'NONE', #1698, 11.49999999999999822 ) ;
#144 = ORIENTED_EDGE ( 'NONE', *, *, #1133, .T. ) ;
#145 = CARTESIAN_POINT ( 'NONE',  ( 19.21400742603941580, 2.983746660970583164, 29.39355036544922939 ) ) ;
#146 = LINE ( 'NONE', #9035, #5251 ) ;
#147 = CARTESIAN_POINT ( 'NONE',  ( -19.30674834427449937, 2.821086918211524353, 28.51190938002825703 ) ) ;
#148 = CARTESIAN_POINT ( 'NONE',  ( 13.49539736716370264, 16.19963783453756179, 1.300000000000001155 ) ) ;
#149 = CARTESIAN_POINT ( 'NONE',  ( 19.12605555438626226, 3.112607088763561070, 29.23428668920965023 ) ) ;
#150 = PRODUCT_CONTEXT ( 'NONE', #10236, 'mechanical' ) ;
#151 = FACE_OUTER_BOUND ( 'NONE', #9757, .T. ) ;
#152 = AXIS2_PLACEMENT_3D ( 'NONE', #438, #6178, #3819 ) ;
#153 = CARTESIAN_POINT ( 'NONE',  ( -9.699017848312161405, -19.95148980674239780, 32.00000000000000000 ) ) ;
#154 = CARTESIAN_POINT ( 'NONE',  ( -6.945590897601205072, -18.05025132194981907, 29.37076959214738636 ) ) ;
#155 = CARTESIAN_POINT ( 'NONE',  ( 11.46119697378141034, 19.72297626865238129, 28.20000000000000284 ) ) ;
#156 = VECTOR ( 'NONE', #10393, 1000.000000000000000 ) ;
#157 = CIRCLE ( 'NONE', #4949, 11.99999999999999645 ) ;
#158 = CARTESIAN_POINT ( 'NONE',  ( -9.292901417279228582, 55.26510000294449299, 31.79166666666666785 ) ) ;
#159 = EDGE_CURVE ( 'NONE', #8686, #8299, #9904, .T. ) ;
#160 = CIRCLE ( 'NONE', #3070, 0.2000000000000000944 ) ;
#161 = VERTEX_POINT ( 'NONE', #1715 ) ;
#162 = DIRECTION ( 'NONE',  ( -1.224646799147353207E-16, -1.349190160747589117E-31, 1.000000000000000000 ) ) ;
#163 = DIRECTION ( 'NONE',  ( 0.5000000000000162093, 0.8660254037844292707, -0.000000000000000000 ) ) ;
#164 = VECTOR ( 'NONE', #5411, 999.9999999999998863 ) ;
#165 = CARTESIAN_POINT ( 'NONE',  ( 13.39539736716370300, 16.37284291529445213, 28.30000000000000071 ) ) ;
#166 = CARTESIAN_POINT ( 'NONE',  ( 19.25089910056510689, 3.105857602609590540, 28.68082004827439846 ) ) ;
#167 = CARTESIAN_POINT ( 'NONE',  ( 15.75055632772620662, 9.093587935699105174, 28.30000000000000071 ) ) ;
#168 = CARTESIAN_POINT ( 'NONE',  ( -13.52650773155875186, 15.74090178242921390, 29.32853526825829960 ) ) ;
#169 = AXIS2_PLACEMENT_3D ( 'NONE', #649, #2324, #7943 ) ;
#170 = EDGE_LOOP ( 'NONE', ( #5154, #1195, #209, #6197 ) ) ;
#171 = CARTESIAN_POINT ( 'NONE',  ( 12.37937297490026367, 15.07231330562848370, 28.81697441675547822 ) ) ;
#172 = ORIENTED_EDGE ( 'NONE', *, *, #5629, .T. ) ;
#173 = VERTEX_POINT ( 'NONE', #9104 ) ;
#174 = DIRECTION ( 'NONE',  ( -0.8660254037844382635, -0.5000000000000008882, 0.000000000000000000 ) ) ;
#175 = EDGE_CURVE ( 'NONE', #8393, #4536, #5037, .T. ) ;
#176 = CARTESIAN_POINT ( 'NONE',  ( 7.529375709731974453, -18.24040790171480708, 1.700000000000000178 ) ) ;
#177 = CARTESIAN_POINT ( 'NONE',  ( 18.96990114932950888, 3.178952207243094907, 29.01996368272317639 ) ) ;
#178 = ORIENTED_EDGE ( 'NONE', *, *, #1240, .T. ) ;
#179 = DIRECTION ( 'NONE',  ( 1.000000000000000000, 1.015854067532018234E-14, 0.000000000000000000 ) ) ;
#180 = FACE_OUTER_BOUND ( 'NONE', #316, .T. ) ;
#181 = DIRECTION ( 'NONE',  ( 0.8660254037844389297, -0.4999999999999996114, 0.000000000000000000 ) ) ;
#182 = VERTEX_POINT ( 'NONE', #961 ) ;
#183 = CARTESIAN_POINT ( 'NONE',  ( -12.34256762959420151, 15.06165129990411522, 28.67601094394473193 ) ) ;
#184 = CARTESIAN_POINT ( 'NONE',  ( -6.925929913656768910, -18.28397047109736917, 28.64198937509629417 ) ) ;
#185 = VERTEX_POINT ( 'NONE', #908 ) ;
#186 = ORIENTED_EDGE ( 'NONE', *, *, #2883, .F. ) ;
#187 = CARTESIAN_POINT ( 'NONE',  ( 7.329375709731974275, -18.24040790171481063, 28.30000000000000071 ) ) ;
#188 = DIRECTION ( 'NONE',  ( 0.000000000000000000, -0.000000000000000000, -1.000000000000000000 ) ) ;
#189 = CYLINDRICAL_SURFACE ( 'NONE', #2738, 9.999999999999998224 ) ;
#190 = CARTESIAN_POINT ( 'NONE',  ( 19.24217197470309770, 3.220469271614961659, 28.94292798232859809 ) ) ;
#191 = LINE ( 'NONE', #8281, #4103 ) ;
#192 = LINE ( 'NONE', #2772, #2428 ) ;
#193 = ORIENTED_EDGE ( 'NONE', *, *, #6692, .F. ) ;
#194 = CARTESIAN_POINT ( 'NONE',  ( -12.36055687221421628, 14.93309506141103249, 29.02171038122546776 ) ) ;
#195 = CARTESIAN_POINT ( 'NONE',  ( -6.772865085066118063, -18.24267454026907131, 28.94738074638254588 ) ) ;
#196 = CARTESIAN_POINT ( 'NONE',  ( -12.32677404324470416, 14.97738796953572127, 29.24069346738562558 ) ) ;
#197 = EDGE_CURVE ( 'NONE', #6110, #7626, #9051, .T. ) ;
#198 = ORIENTED_EDGE ( 'NONE', *, *, #3216, .T. ) ;
#199 = CARTESIAN_POINT ( 'NONE',  ( -12.27302991082355454, 15.11737323358176610, 29.39547860497311405 ) ) ;
#200 = EDGE_CURVE ( 'NONE', #5481, #7365, #700, .T. ) ;
#201 = CARTESIAN_POINT ( 'NONE',  ( -7.283508979556645002, -18.04040790171495701, 28.99988140765558597 ) ) ;
#202 = CARTESIAN_POINT ( 'NONE',  ( -19.24768520663761251, 2.887267573535491128, 28.52349137540527835 ) ) ;
#203 = CARTESIAN_POINT ( 'NONE',  ( -7.470624290268027323, -18.04040790171496056, 28.30000000000000071 ) ) ;
#204 = CARTESIAN_POINT ( 'NONE',  ( 19.11444067441968642, 3.023328823168685009, 29.32894863584441936 ) ) ;
#205 = DIRECTION ( 'NONE',  ( 0.8660254037844380415, 0.5000000000000008882, -0.000000000000000000 ) ) ;
#206 = CARTESIAN_POINT ( 'NONE',  ( 20.38929697658826612, 3.659053448735055003, 29.39571968233660115 ) ) ;
#207 = EDGE_CURVE ( 'NONE', #6849, #10026, #9211, .T. ) ;
#208 = CARTESIAN_POINT ( 'NONE',  ( -6.962047672208323768, -18.10620175839125068, 29.38340163665495552 ) ) ;
#209 = ORIENTED_EDGE ( 'NONE', *, *, #4315, .T. ) ;
#210 = CARTESIAN_POINT ( 'NONE',  ( -6.124135179726539313, -18.09679586789876993, 28.79559556019463074 ) ) ;
#211 = EDGE_CURVE ( 'NONE', #7937, #3720, #6698, .T. ) ;
#212 = B_SPLINE_CURVE_WITH_KNOTS ( 'NONE', 3,
 ( #7788, #8595, #2112, #449 ),
 .UNSPECIFIED., .F., .F.,
 ( 4, 4 ),
 ( 0.000000000000000000, 1.000000000000000000 ),
 .UNSPECIFIED. ) ;
#213 = DIRECTION ( 'NONE',  ( 0.8660254037844382635, 0.5000000000000008882, -0.000000000000000000 ) ) ;
#214 = ORIENTED_EDGE ( 'NONE', *, *, #6942, .F. ) ;
#215 = AXIS2_PLACEMENT_3D ( 'NONE', #3756, #6269, #7922 ) ;
#216 = CARTESIAN_POINT ( 'NONE',  ( 8.275005356588465588, 15.92571069814724716, 32.00000000000000000 ) ) ;
#217 = DIRECTION ( 'NONE',  ( -1.101697372407250679E-15, 1.000000000000000000, 0.000000000000000000 ) ) ;
#218 = CARTESIAN_POINT ( 'NONE',  ( 19.32217301119015929, 3.003890845320349445, 28.57617658950708517 ) ) ;
#219 = CARTESIAN_POINT ( 'NONE',  ( 18.10427503561601625, -1.383172453091390475, 7.499999999999999112 ) ) ;
#220 = DIRECTION ( 'NONE',  ( 0.8660254037844381525, 0.5000000000000008882, -0.000000000000000000 ) ) ;
#221 = VERTEX_POINT ( 'NONE', #4292 ) ;
#222 = DIRECTION ( 'NONE',  ( -0.8660254037844405950, -0.4999999999999966693, 0.000000000000000000 ) ) ;
#223 = CIRCLE ( 'NONE', #1250, 1.100000000000000311 ) ;
#224 = ORIENTED_EDGE ( 'NONE', *, *, #5042, .T. ) ;
#225 = VECTOR ( 'NONE', #6814, 1000.000000000000227 ) ;
#226 = CARTESIAN_POINT ( 'NONE',  ( 26.33064391108925051, -31.98515466406566432, 7.000000000000000000 ) ) ;
#227 = DIRECTION ( 'NONE',  ( 0.8660254037844380415, 0.5000000000000008882, -0.000000000000000000 ) ) ;
#228 = CARTESIAN_POINT ( 'NONE',  ( 12.10623157967436292, 15.23937714182092584, 28.48645985243223677 ) ) ;
#229 = ORIENTED_EDGE ( 'NONE', *, *, #1441, .F. ) ;
#230 = CARTESIAN_POINT ( 'NONE',  ( 56.99033417765470233, 45.96410000294404341, 3.500000000000000444 ) ) ;
#231 = AXIS2_PLACEMENT_3D ( 'NONE', #6164, #7864, #2132 ) ;
#232 = DIRECTION ( 'NONE',  ( -0.000000000000000000, -0.000000000000000000, 1.000000000000000000 ) ) ;
#233 = VERTEX_POINT ( 'NONE', #3981 ) ;
#234 = CARTESIAN_POINT ( 'NONE',  ( -12.15370338128918704, 15.25194624167673219, 28.51166295154401098 ) ) ;
#235 = CARTESIAN_POINT ( 'NONE',  ( -7.034597078407666793, -18.24386436353951524, 28.55707014556315926 ) ) ;
#236 = ADVANCED_FACE ( 'NONE', ( #5846 ), #6537, .T. ) ;
#237 = EDGE_LOOP ( 'NONE', ( #1862, #5607, #82, #8851 ) ) ;
#238 = EDGE_LOOP ( 'NONE', ( #3026, #4364, #1407, #948 ) ) ;
#239 = DIRECTION ( 'NONE',  ( -1.734723475976817507E-14, 1.000000000000000000, 0.000000000000000000 ) ) ;
#240 = CARTESIAN_POINT ( 'NONE',  ( 55.54884018471332752, -45.25780474784973961, 7.500000000000001776 ) ) ;
#241 = DIRECTION ( 'NONE',  ( -1.026956297778269800E-14, 1.000000000000000000, 0.000000000000000000 ) ) ;
#242 = CARTESIAN_POINT ( 'NONE',  ( 19.19456736061667002, 3.197972875224537770, 28.94489586755519284 ) ) ;
#243 = AXIS2_PLACEMENT_3D ( 'NONE', #2070, #5340, #8605 ) ;
#244 = CARTESIAN_POINT ( 'NONE',  ( 0.04777649649679721611, -19.54040790171519859, 38.50000000000000000 ) ) ;
#245 = CARTESIAN_POINT ( 'NONE',  ( 18.76907524960683915, 2.964480057692363779, 29.23849492710517950 ) ) ;
#246 = VERTEX_POINT ( 'NONE', #3429 ) ;
#247 = EDGE_CURVE ( 'NONE', #2221, #3595, #2787, .T. ) ;
#248 = CARTESIAN_POINT ( 'NONE',  ( -12.37442295546145310, 14.94762704436816314, 29.04641671811587855 ) ) ;
#249 = CARTESIAN_POINT ( 'NONE',  ( -6.780820446026779358, -18.28054582850103671, 28.94455251774936499 ) ) ;
#250 = ORIENTED_EDGE ( 'NONE', *, *, #6464, .T. ) ;
#251 = CARTESIAN_POINT ( 'NONE',  ( 9.702343856119618692, -15.18245223464855442, 32.00000000000000000 ) ) ;
#252 = CARTESIAN_POINT ( 'NONE',  ( -28.48076211353531306, -14.99999999999999467, 5.000000000000000000 ) ) ;
#253 = CARTESIAN_POINT ( 'NONE',  ( -19.21070480018966009, 3.010977012695329247, 28.62701290348789485 ) ) ;
#254 = CARTESIAN_POINT ( 'NONE',  ( -12.11172730674650744, 15.36670539106910205, 28.49996611647302203 ) ) ;
#255 = CARTESIAN_POINT ( 'NONE',  ( 19.13662733805421112, 3.116095617296523290, 29.23570562211351032 ) ) ;
#256 =( LENGTH_UNIT ( ) NAMED_UNIT ( * ) SI_UNIT ( .MILLI., .METRE. ) );
#257 = DIRECTION ( 'NONE',  ( 0.5000000000000022204, -0.8660254037844372643, 1.156482317317870187E-14 ) ) ;
#258 = DIRECTION ( 'NONE',  ( 0.000000000000000000, 0.000000000000000000, -1.000000000000000000 ) ) ;
#259 = AXIS2_PLACEMENT_3D ( 'NONE', #3971, #7286, #59 ) ;
#260 = EDGE_CURVE ( 'NONE', #9511, #5503, #6033, .T. ) ;
#261 = CARTESIAN_POINT ( 'NONE',  ( -6.896825218327044205, -18.14607224364409177, 29.33321254066810013 ) ) ;
#262 = CARTESIAN_POINT ( 'NONE',  ( 0.04777649649677667698, -17.54040790171488950, 38.50000000000000000 ) ) ;
#263 = DIRECTION ( 'NONE',  ( 0.4999999999999966693, 0.8660254037844405950, 0.000000000000000000 ) ) ;
#264 = ADVANCED_FACE ( 'NONE', ( #6756 ), #1019, .F. ) ;
#265 = DIRECTION ( 'NONE',  ( -0.8500000000000008660, -7.372574772901431729E-15, -0.5267826876426355831 ) ) ;
#266 = ORIENTED_EDGE ( 'NONE', *, *, #9133, .F. ) ;
#267 = CIRCLE ( 'NONE', #9501, 1.299999999999999378 ) ;
#268 = CARTESIAN_POINT ( 'NONE',  ( -11.84036289588799384, 15.43672233804204552, 28.50000000000000000 ) ) ;
#269 = DIRECTION ( 'NONE',  ( -1.101697372407250679E-15, 1.000000000000000000, 0.000000000000000000 ) ) ;
#270 = DIRECTION ( 'NONE',  ( 1.026956297778269800E-14, -1.000000000000000000, -0.000000000000000000 ) ) ;
#271 = CARTESIAN_POINT ( 'NONE',  ( 19.22761638859745403, 2.998788932651581529, 28.56253294807861565 ) ) ;
#272 = CARTESIAN_POINT ( 'NONE',  ( 12.83440205453818983, 17.74451529956983364, 7.500000000000001776 ) ) ;
#273 = CARTESIAN_POINT ( 'NONE',  ( 7.329375709731993815, -20.04040790171518438, 1.700000000000000178 ) ) ;
#274 = VERTEX_POINT ( 'NONE', #3484 ) ;
#275 = FACE_OUTER_BOUND ( 'NONE', #282, .T. ) ;
#276 = ORIENTED_EDGE ( 'NONE', *, *, #4001, .T. ) ;
#277 = CARTESIAN_POINT ( 'NONE',  ( 12.29308648518621716, 15.02958970365822289, 28.69492189893879797 ) ) ;
#278 = CARTESIAN_POINT ( 'NONE',  ( 12.12305978647489013, 15.46706908779159306, 28.49447239994696446 ) ) ;
#279 = ORIENTED_EDGE ( 'NONE', *, *, #4713, .F. ) ;
#280 = CARTESIAN_POINT ( 'NONE',  ( 19.46198189364963227, 2.781568311664533333, 28.49996611647302203 ) ) ;
#281 = AXIS2_PLACEMENT_3D ( 'NONE', #3633, #2878, #410 ) ;
#282 = EDGE_LOOP ( 'NONE', ( #5552, #6337, #3276, #3221, #5390, #7783, #3232, #5035 ) ) ;
#283 = CARTESIAN_POINT ( 'NONE',  ( -12.23930419279242621, 15.18059286201040337, 28.55383251696202151 ) ) ;
#284 = ORIENTED_EDGE ( 'NONE', *, *, #1133, .F. ) ;
#285 = ORIENTED_EDGE ( 'NONE', *, *, #3867, .F. ) ;
#286 = EDGE_LOOP ( 'NONE', ( #4419, #9291, #5927, #6885 ) ) ;
#287 = EDGE_CURVE ( 'NONE', #2259, #7626, #10015, .T. ) ;
#288 = AXIS2_PLACEMENT_3D ( 'NONE', #613, #10427, #5559 ) ;
#289 = CARTESIAN_POINT ( 'NONE',  ( 19.39019010614663685, -20.04040790171517017, 14.93889533304127681 ) ) ;
#290 = CARTESIAN_POINT ( 'NONE',  ( -19.24419631318768609, 3.153104629445465878, 29.04093136340388526 ) ) ;
#291 = LINE ( 'NONE', #8545, #10255 ) ;
#292 = CARTESIAN_POINT ( 'NONE',  ( 19.18012999474490243, 3.186678278612824933, 28.89657593214034037 ) ) ;
#293 = CARTESIAN_POINT ( 'NONE',  ( 21.65915657934286287, -7.540407901715163064, 32.00000000000000000 ) ) ;
#294 = ORIENTED_EDGE ( 'NONE', *, *, #7793, .F. ) ;
#295 = CARTESIAN_POINT ( 'NONE',  ( -12.37796798317052094, 14.95519277449886886, 28.89557207280801876 ) ) ;
#296 = CARTESIAN_POINT ( 'NONE',  ( -6.818025019298606715, -18.28414149415139889, 28.79943729226718219 ) ) ;
#297 = AXIS2_PLACEMENT_3D ( 'NONE', #751, #8041, #10559 ) ;
#298 = ORIENTED_EDGE ( 'NONE', *, *, #9671, .T. ) ;
#299 = B_SPLINE_CURVE_WITH_KNOTS ( 'NONE', 3,
 ( #3263, #8300, #7336, #2358, #4820, #8891, #6533, #6480, #2514, #9745, #5735, #3966, #4925, #1551, #9048, #9798, #2465, #3316, #1657, #7281, #7390, #5786 ),
 .UNSPECIFIED., .F., .F.,
 ( 4, 2, 2, 2, 2, 2, 2, 2, 2, 2, 4 ),
 ( 8.673617379884035472E-19, 0.001173294799013158878, 0.001759942198519732787, 0.002346589598026306914, 0.002933236997532881040, 0.003519884397039455166, 0.004693179196052586939, 0.005866473995065718712, 0.007039768794078850485, 0.008213063593091981390, 0.009386358392105113163 ),
 .UNSPECIFIED. ) ;
#300 = CARTESIAN_POINT ( 'NONE',  ( 9.487004469273903950, -15.39035818121793575, 31.90173821473733184 ) ) ;
#301 = ORIENTED_EDGE ( 'NONE', *, *, #8388, .T. ) ;
#302 = DIRECTION ( 'NONE',  ( 1.000000000000000000, 1.312821434795963927E-15, 0.000000000000000000 ) ) ;
#303 = CARTESIAN_POINT ( 'NONE',  ( -19.21863203836670664, 2.948370831622151300, 28.55482377800286642 ) ) ;
#304 = DIRECTION ( 'NONE',  ( 0.5000000000000007772, -0.8660254037844380415, 0.000000000000000000 ) ) ;
#305 = CARTESIAN_POINT ( 'NONE',  ( 19.21958811012824953, 2.986559114492627565, 29.39382391209191070 ) ) ;
#306 = EDGE_CURVE ( 'NONE', #6224, #8536, #8800, .T. ) ;
#307 = CARTESIAN_POINT ( 'NONE',  ( -6.769446089332680216, -17.78996803086419476, 29.23849492710515463 ) ) ;
#308 = CARTESIAN_POINT ( 'NONE',  ( 56.99033417765470233, 50.96410000294404341, 3.500000000000000888 ) ) ;
#309 = VECTOR ( 'NONE', #7066, 1000.000000000000000 ) ;
#310 = CARTESIAN_POINT ( 'NONE',  ( 12.25871162020676230, 15.18811671871171853, 29.39427216176076030 ) ) ;
#311 = CARTESIAN_POINT ( 'NONE',  ( -6.819237084335622257, -18.17126772019264536, 29.23402551135599836 ) ) ;
#312 = CARTESIAN_POINT ( 'NONE',  ( -12.32672799078394554, 14.89480505658420206, 28.77723580915904478 ) ) ;
#313 = ORIENTED_EDGE ( 'NONE', *, *, #9696, .F. ) ;
#314 = CARTESIAN_POINT ( 'NONE',  ( -23.77614697052908710, -20.04040790171522701, 0.000000000000000000 ) ) ;
#315 = AXIS2_PLACEMENT_3D ( 'NONE', #6557, #1468, #9715 ) ;
#316 = EDGE_LOOP ( 'NONE', ( #2004, #9983, #8062, #3040 ) ) ;
#317 = DIRECTION ( 'NONE',  ( -1.000000000000000000, 0.000000000000000000, 0.000000000000000000 ) ) ;
#318 = CARTESIAN_POINT ( 'NONE',  ( 20.79723803706208685, 3.552478805500827175, 28.49996611647302203 ) ) ;
#319 = CIRCLE ( 'NONE', #7840, 10.00000000000000178 ) ;
#320 = ADVANCED_FACE ( 'NONE', ( #9788 ), #38, .T. ) ;
#321 = CARTESIAN_POINT ( 'NONE',  ( -8.049692158673945386, 16.40235664966115792, 28.19999999999999929 ) ) ;
#322 = CARTESIAN_POINT ( 'NONE',  ( 19.30060299567621129, 3.008316830050699497, 28.58268923410724227 ) ) ;
#323 = CARTESIAN_POINT ( 'NONE',  ( -12.27147535425207359, 17.83889545525705955, 31.85085698210332694 ) ) ;
#324 = CIRCLE ( 'NONE', #5288, 2.700000000001499867 ) ;
#325 = CARTESIAN_POINT ( 'NONE',  ( -17.31198659095687375, -10.04040790171521103, 32.00000000000000000 ) ) ;
#326 = CARTESIAN_POINT ( 'NONE',  ( 7.304492287479584789, -18.19028410281067565, 28.49440698469839717 ) ) ;
#327 = TOROIDAL_SURFACE ( 'NONE', #6320, 1.300000000000000266, 0.2000000000000000111 ) ;
#328 = EDGE_CURVE ( 'NONE', #4156, #8336, #9826, .T. ) ;
#329 = VECTOR ( 'NONE', #3087, 1000.000000000000000 ) ;
#330 = AXIS2_PLACEMENT_3D ( 'NONE', #4941, #3383, #8207 ) ;
#331 = ORIENTED_EDGE ( 'NONE', *, *, #4975, .T. ) ;
#332 = DIRECTION ( 'NONE',  ( -0.8660254037844382635, -0.5000000000000008882, 0.000000000000000000 ) ) ;
#333 = EDGE_CURVE ( 'NONE', #598, #7939, #5492, .T. ) ;
#334 = FACE_OUTER_BOUND ( 'NONE', #4993, .T. ) ;
#335 = CARTESIAN_POINT ( 'NONE',  ( 12.10383339840341854, 15.20529708981626271, 28.47441706084985569 ) ) ;
#336 = AXIS2_PLACEMENT_3D ( 'NONE', #7533, #4320, #2011 ) ;
#337 = EDGE_LOOP ( 'NONE', ( #9920, #5271, #8311, #7747 ) ) ;
#338 = CARTESIAN_POINT ( 'NONE',  ( 21.65915657934286287, -7.540407901715163064, 32.00000000000000000 ) ) ;
#339 = ORIENTED_EDGE ( 'NONE', *, *, #5705, .F. ) ;
#340 = CARTESIAN_POINT ( 'NONE',  ( -12.23654549380740519, 15.17123830918362337, 28.55555175221969577 ) ) ;
#341 = VERTEX_POINT ( 'NONE', #3307 ) ;
#342 = EDGE_CURVE ( 'NONE', #4033, #3001, #5888, .T. ) ;
#343 = ORIENTED_EDGE ( 'NONE', *, *, #3656, .F. ) ;
#344 = VERTEX_POINT ( 'NONE', #4865 ) ;
#345 = CARTESIAN_POINT ( 'NONE',  ( -19.34036289588792457, 2.446341281275421942, 28.50000000000000000 ) ) ;
#346 = CARTESIAN_POINT ( 'NONE',  ( -19.33489425263178774, 3.001376899658390940, 28.62057455003990825 ) ) ;
#347 = CARTESIAN_POINT ( 'NONE',  ( 12.97927503561600204, 7.493587935699105529, 0.000000000000000000 ) ) ;
#348 = CARTESIAN_POINT ( 'NONE',  ( 19.08831260419738385, 3.179587853950881282, 28.81791463472501036 ) ) ;
#349 = FACE_OUTER_BOUND ( 'NONE', #1684, .T. ) ;
#350 = DIRECTION ( 'NONE',  ( 0.5000000000000011102, -0.8660254037844379305, 0.000000000000000000 ) ) ;
#351 = ORIENTED_EDGE ( 'NONE', *, *, #6129, .F. ) ;
#352 = CARTESIAN_POINT ( 'NONE',  ( -12.38416323426347887, 14.96093705304431509, 28.89472159763554160 ) ) ;
#353 = B_SPLINE_CURVE_WITH_KNOTS ( 'NONE', 3,
 ( #3076, #7198, #10273, #4495 ),
 .UNSPECIFIED., .F., .F.,
 ( 4, 4 ),
 ( 0.000000000000000000, 1.000000000000000000 ),
 .UNSPECIFIED. ) ;
#354 = CARTESIAN_POINT ( 'NONE',  ( -6.799873135265256607, -18.24252999333804937, 28.81078252675397877 ) ) ;
#355 = EDGE_LOOP ( 'NONE', ( #1950, #6807, #5001, #9874 ) ) ;
#356 = CARTESIAN_POINT ( 'NONE',  ( 18.95943070823886245, 2.930464460025312690, 29.33147595706688904 ) ) ;
#357 = VERTEX_POINT ( 'NONE', #9033 ) ;
#358 = DIRECTION ( 'NONE',  ( 0.4999999999999966693, -0.8660254037844405950, 0.000000000000000000 ) ) ;
#359 = CARTESIAN_POINT ( 'NONE',  ( -19.28965751150852981, 3.073853798481017474, 28.70865089481707599 ) ) ;
#360 = FACE_OUTER_BOUND ( 'NONE', #5156, .T. ) ;
#361 = CARTESIAN_POINT ( 'NONE',  ( 19.10434694852622073, 3.020511709244956045, 29.32698445422254707 ) ) ;
#362 = AXIS2_PLACEMENT_3D ( 'NONE', #6694, #904, #957 ) ;
#363 = DIRECTION ( 'NONE',  ( 0.000000000000000000, 0.000000000000000000, 1.000000000000000000 ) ) ;
#364 = CYLINDRICAL_SURFACE ( 'NONE', #434, 0.4999999999999989453 ) ;
#365 = CARTESIAN_POINT ( 'NONE',  ( -6.762688983063065429, -18.13291399927899050, 29.11132331808943619 ) ) ;
#366 = DIRECTION ( 'NONE',  ( -1.000000000000000000, -1.101697372407250679E-15, 0.000000000000000000 ) ) ;
#367 = ORIENTED_EDGE ( 'NONE', *, *, #2933, .T. ) ;
#368 = CARTESIAN_POINT ( 'NONE',  ( 20.51311088748296285, 3.958341359260325376, 28.95542924487083525 ) ) ;
#369 = EDGE_CURVE ( 'NONE', #4708, #4566, #1704, .T. ) ;
#370 = ORIENTED_EDGE ( 'NONE', *, *, #328, .T. ) ;
#371 = CARTESIAN_POINT ( 'NONE',  ( -19.32904180611774336, 2.693753606925381572, 28.48078723785724264 ) ) ;
#372 = LINE ( 'NONE', #10074, #7822 ) ;
#373 = AXIS2_PLACEMENT_3D ( 'NONE', #4520, #10035, #8586 ) ;
#374 = CARTESIAN_POINT ( 'NONE',  ( -10.03934400441925057, -15.04040790171520214, 32.00000000000000000 ) ) ;
#375 = CARTESIAN_POINT ( 'NONE',  ( 19.27532890046227720, 3.016264573975840246, 28.58956492107400393 ) ) ;
#376 = CARTESIAN_POINT ( 'NONE',  ( 9.794570841305715092, -15.12932599668799760, 32.00000000000000000 ) ) ;
#377 = LINE ( 'NONE', #2637, #4848 ) ;
#378 = CARTESIAN_POINT ( 'NONE',  ( 12.26584180408017133, 18.72929054052718811, 32.00000000000000000 ) ) ;
#379 = EDGE_CURVE ( 'NONE', #3394, #1177, #7405, .T. ) ;
#380 = CARTESIAN_POINT ( 'NONE',  ( 7.246484325620426326, -18.20957693113981435, 28.50126055456324536 ) ) ;
#381 = CIRCLE ( 'NONE', #7396, 0.2000000000000000944 ) ;
#382 = ORIENTED_EDGE ( 'NONE', *, *, #10305, .F. ) ;
#383 = FACE_OUTER_BOUND ( 'NONE', #1085, .T. ) ;
#384 = DIRECTION ( 'NONE',  ( 0.5000000000000008882, -0.8660254037844380415, 0.000000000000000000 ) ) ;
#385 = DIRECTION ( 'NONE',  ( -0.8660254037844355990, 0.5000000000000053291, 0.000000000000000000 ) ) ;
#386 = ORIENTED_EDGE ( 'NONE', *, *, #10153, .F. ) ;
#387 = DIRECTION ( 'NONE',  ( 1.000000000000000000, 1.261617073437677457E-14, 0.000000000000000000 ) ) ;
#388 = CIRCLE ( 'NONE', #1410, 1.100000000000000311 ) ;
#389 = ADVANCED_FACE ( 'NONE', ( #9252 ), #6901, .F. ) ;
#390 = EDGE_LOOP ( 'NONE', ( #9820, #2310, #7062, #8797 ) ) ;
#391 = CARTESIAN_POINT ( 'NONE',  ( -12.23489535955856589, 15.03835202198279575, 28.55519448036178787 ) ) ;
#392 = ORIENTED_EDGE ( 'NONE', *, *, #4584, .F. ) ;
#393 = EDGE_CURVE ( 'NONE', #6448, #8283, #2684, .T. ) ;
#394 = AXIS2_PLACEMENT_3D ( 'NONE', #9632, #8070, #2238 ) ;
#395 = ORIENTED_EDGE ( 'NONE', *, *, #5477, .T. ) ;
#396 = ORIENTED_EDGE ( 'NONE', *, *, #3201, .F. ) ;
#397 = VECTOR ( 'NONE', #6024, 1000.000000000000114 ) ;
#398 = CARTESIAN_POINT ( 'NONE',  ( -8.394423415104874664, 15.82206811801417601, 31.97592877889152163 ) ) ;
#399 = EDGE_CURVE ( 'NONE', #221, #2606, #891, .T. ) ;
#400 = FACE_OUTER_BOUND ( 'NONE', #8365, .T. ) ;
#401 = CARTESIAN_POINT ( 'NONE',  ( 19.22133148767267485, 3.169496201896790932, 28.79943729226718574 ) ) ;
#402 = FACE_OUTER_BOUND ( 'NONE', #355, .T. ) ;
#403 = DIRECTION ( 'NONE',  ( -0.000000000000000000, -0.000000000000000000, 1.000000000000000000 ) ) ;
#404 = VERTEX_POINT ( 'NONE', #9409 ) ;
#405 = CARTESIAN_POINT ( 'NONE',  ( -12.30646061688927873, 14.82992397326136036, 28.89927228585664665 ) ) ;
#406 = CARTESIAN_POINT ( 'NONE',  ( -6.827343352972214952, -18.26123628577162705, 28.76424777521335585 ) ) ;
#407 = ORIENTED_EDGE ( 'NONE', *, *, #9282, .F. ) ;
#408 = FACE_OUTER_BOUND ( 'NONE', #7539, .T. ) ;
#409 = ORIENTED_EDGE ( 'NONE', *, *, #4902, .T. ) ;
#410 = DIRECTION ( 'NONE',  ( 1.000000000000000000, 1.261617073437677457E-14, 0.000000000000000000 ) ) ;
#411 = VECTOR ( 'NONE', #7699, 1000.000000000000000 ) ;
#412 = CARTESIAN_POINT ( 'NONE',  ( -19.16286514098019111, 3.119247379617430926, 28.98549667328471813 ) ) ;
#413 = CARTESIAN_POINT ( 'NONE',  ( 13.65501815121411155, 15.76780605116534417, 29.04717959034936214 ) ) ;
#414 = CARTESIAN_POINT ( 'NONE',  ( 19.14341796241328808, 3.167735662662605645, 29.09529719817773952 ) ) ;
#415 = CARTESIAN_POINT ( 'NONE',  ( -11.30222350350382854, 55.26510000294446456, 28.19999999999999929 ) ) ;
#416 = CARTESIAN_POINT ( 'NONE',  ( 20.57777780627130682, 3.932594896198632117, 28.76387927822854351 ) ) ;
#417 = CARTESIAN_POINT ( 'NONE',  ( -6.782707073952189525, -18.19728645995938621, 29.11835779399638113 ) ) ;
#418 = CARTESIAN_POINT ( 'NONE',  ( -23.10661409683913092, -0.07699715283938636523, 28.20000000000000284 ) ) ;
#419 = AXIS2_PLACEMENT_3D ( 'NONE', #3247, #4052, #6619 ) ;
#420 = ORIENTED_EDGE ( 'NONE', *, *, #1306, .T. ) ;
#421 = CARTESIAN_POINT ( 'NONE',  ( 31.33064391108925051, -31.98515466406566432, 7.000000000000000000 ) ) ;
#422 = ORIENTED_EDGE ( 'NONE', *, *, #5171, .T. ) ;
#423 = CARTESIAN_POINT ( 'NONE',  ( -19.31154015158819348, 2.706675895793983599, 28.47633473293053186 ) ) ;
#424 = EDGE_CURVE ( 'NONE', #3282, #4500, #8451, .T. ) ;
#425 = CARTESIAN_POINT ( 'NONE',  ( 10.29777649649665783, -19.84040790171517799, 28.20000000000000284 ) ) ;
#426 = CARTESIAN_POINT ( 'NONE',  ( 23.48076211353166443, -14.99999999999999467, 5.000000000000000000 ) ) ;
#427 = CARTESIAN_POINT ( 'NONE',  ( 19.36317221047042736, 2.958625005520235884, 28.54519691840971873 ) ) ;
#428 = CARTESIAN_POINT ( 'NONE',  ( 18.46759765478176263, 3.133316138327655320, 29.02676820756456522 ) ) ;
#429 = EDGE_CURVE ( 'NONE', #8904, #8585, #1650, .T. ) ;
#430 = CARTESIAN_POINT ( 'NONE',  ( 13.36441980067390389, 15.82649763434959844, 29.39427216176076030 ) ) ;
#431 = DIRECTION ( 'NONE',  ( -0.8660254037844382635, -0.5000000000000008882, 0.000000000000000000 ) ) ;
#432 = CARTESIAN_POINT ( 'NONE',  ( 7.067575472869055631, -18.20997227169756627, 28.56491812508638972 ) ) ;
#433 = CIRCLE ( 'NONE', #2483, 0.2000000000000005107 ) ;
#434 = AXIS2_PLACEMENT_3D ( 'NONE', #2676, #2786, #9205 ) ;
#435 = ORIENTED_EDGE ( 'NONE', *, *, #1049, .F. ) ;
#436 = CARTESIAN_POINT ( 'NONE',  ( 25.98076211353316722, -14.99999999999999467, 0.000000000000000000 ) ) ;
#437 = B_SPLINE_CURVE_WITH_KNOTS ( 'NONE', 3,
 ( #3496, #1196, #10139, #4466 ),
 .UNSPECIFIED., .F., .F.,
 ( 4, 4 ),
 ( 0.000000000000000000, 1.000000000000000000 ),
 .UNSPECIFIED. ) ;
#438 = CARTESIAN_POINT ( 'NONE',  ( -8.049692158673945386, 16.40235664966115792, 28.19999999999999929 ) ) ;
#439 = CARTESIAN_POINT ( 'NONE',  ( 12.26408772082828591, 15.10174777692147785, 28.63007552464698691 ) ) ;
#440 = EDGE_CURVE ( 'NONE', #2705, #921, #1969, .T. ) ;
#441 = ORIENTED_EDGE ( 'NONE', *, *, #3904, .F. ) ;
#442 = CARTESIAN_POINT ( 'NONE',  ( 8.027480116372872843, 16.47034832448959207, 7.500000000000001776 ) ) ;
#443 = ORIENTED_EDGE ( 'NONE', *, *, #8963, .T. ) ;
#444 = CARTESIAN_POINT ( 'NONE',  ( -12.15148302731724428, 15.22255557115812863, 28.51044625231004659 ) ) ;
#445 = ORIENTED_EDGE ( 'NONE', *, *, #8880, .F. ) ;
#446 = ORIENTED_EDGE ( 'NONE', *, *, #10215, .T. ) ;
#447 = DIRECTION ( 'NONE',  ( -0.5000000000000009992, 0.8660254037844380415, 0.000000000000000000 ) ) ;
#448 = EDGE_CURVE ( 'NONE', #9991, #246, #8501, .T. ) ;
#449 = CARTESIAN_POINT ( 'NONE',  ( 7.070165287547292898, -18.24052360466561495, 29.39307649821696344 ) ) ;
#450 = CARTESIAN_POINT ( 'NONE',  ( 28.83064391108912972, -36.31528168298778780, 7.000000000000000000 ) ) ;
#451 = CARTESIAN_POINT ( 'NONE',  ( 19.22134292765545638, 3.150578312537764436, 28.75938145749312369 ) ) ;
#452 = TOROIDAL_SURFACE ( 'NONE', #621, 1.300000000000000266, 0.2000000000000000111 ) ;
#453 = EDGE_CURVE ( 'NONE', #699, #2334, #3494, .T. ) ;
#454 = DIRECTION ( 'NONE',  ( -0.8660254037844382635, -0.5000000000000008882, 0.000000000000000000 ) ) ;
#455 = CARTESIAN_POINT ( 'NONE',  ( -22.12800594014112221, 1.440165705317288714, 32.00000000000000000 ) ) ;
#456 = EDGE_LOOP ( 'NONE', ( #6496, #4682, #9543, #9547 ) ) ;
#457 = CARTESIAN_POINT ( 'NONE',  ( -12.36935823377086408, 14.94632823334222316, 28.89705447457411580 ) ) ;
#458 = CARTESIAN_POINT ( 'NONE',  ( -6.784804911925052195, -18.26522278273365174, 28.89557207280798679 ) ) ;
#459 = VECTOR ( 'NONE', #7260, 1000.000000000000000 ) ;
#460 = ORIENTED_EDGE ( 'NONE', *, *, #8807, .T. ) ;
#461 = DIRECTION ( 'NONE',  ( -0.000000000000000000, -0.000000000000000000, -1.000000000000000000 ) ) ;
#462 = ADVANCED_FACE ( 'NONE', ( #7643 ), #10055, .F. ) ;
#463 = CARTESIAN_POINT ( 'NONE',  ( 12.01119697378137730, 18.77034832448948265, 28.20000000000000284 ) ) ;
#464 = CARTESIAN_POINT ( 'NONE',  ( -19.18081569756251881, 3.072552535420691289, 28.72332676787076977 ) ) ;
#465 = CARTESIAN_POINT ( 'NONE',  ( 13.86407504376615485, 15.89188206889675214, 28.88828602421705227 ) ) ;
#466 = CARTESIAN_POINT ( 'NONE',  ( 19.12455289869042474, 3.162052073239634886, 29.09435986582309042 ) ) ;
#467 = CARTESIAN_POINT ( 'NONE',  ( 19.26776363011184756, 3.176143224197219173, 29.24448553307180987 ) ) ;
#468 = CARTESIAN_POINT ( 'NONE',  ( 7.489251711921739663, 27.00258726707568258, 14.66817295922668052 ) ) ;
#469 = CIRCLE ( 'NONE', #9365, 11.49999999999999822 ) ;
#470 = CARTESIAN_POINT ( 'NONE',  ( -6.793091335293932609, -18.25382229832397840, 29.12093548756218553 ) ) ;
#471 = FACE_OUTER_BOUND ( 'NONE', #8743, .T. ) ;
#472 = ORIENTED_EDGE ( 'NONE', *, *, #10032, .T. ) ;
#473 = CARTESIAN_POINT ( 'NONE',  ( -33.47810067980676507, -39.00833186246143924, 3.500000000000000000 ) ) ;
#474 = ORIENTED_EDGE ( 'NONE', *, *, #175, .T. ) ;
#475 = CARTESIAN_POINT ( 'NONE',  ( -19.23931737215798776, 2.732975170139080756, 28.44424536937445680 ) ) ;
#476 = DIRECTION ( 'NONE',  ( 1.000000000000000000, -2.688821387764050602E-15, 0.000000000000000000 ) ) ;
#477 = CARTESIAN_POINT ( 'NONE',  ( 19.39072969109740541, 2.795190862127710840, 28.50089138127210475 ) ) ;
#478 = CARTESIAN_POINT ( 'NONE',  ( 18.82891371106973111, 3.634602596932860585, 28.85721545602118354 ) ) ;
#479 = CARTESIAN_POINT ( 'NONE',  ( -12.33452961963340044, 14.93248833781430207, 29.11951656146601053 ) ) ;
#480 = DIRECTION ( 'NONE',  ( 0.5267826876426331406, 0.000000000000000000, 0.8500000000000024203 ) ) ;
#481 = CARTESIAN_POINT ( 'NONE',  ( 6.893950704476423219, -18.29171960765604865, 28.84750500433957399 ) ) ;
#482 = ADVANCED_FACE ( 'NONE', ( #408 ), #8624, .T. ) ;
#483 = AXIS2_PLACEMENT_3D ( 'NONE', #923, #1784, #5916 ) ;
#484 = ORIENTED_EDGE ( 'NONE', *, *, #2681, .F. ) ;
#485 = CARTESIAN_POINT ( 'NONE',  ( -22.31536136637494039, 1.293492777952230943, 32.00000000000000000 ) ) ;
#486 = CARTESIAN_POINT ( 'NONE',  ( 12.01119697378130802, 18.77034832448960699, 7.500000000000001776 ) ) ;
#487 = CARTESIAN_POINT ( 'NONE',  ( 12.29702449592260649, 14.98901470255225910, 28.71994443185775836 ) ) ;
#488 = ORIENTED_EDGE ( 'NONE', *, *, #772, .F. ) ;
#489 = CARTESIAN_POINT ( 'NONE',  ( 4.945668874375246382, 31.40820197496643118, 10.42231068238111114 ) ) ;
#490 = CIRCLE ( 'NONE', #4944, 1.300000000000000711 ) ;
#491 = ORIENTED_EDGE ( 'NONE', *, *, #1455, .T. ) ;
#492 = CARTESIAN_POINT ( 'NONE',  ( -12.17859316970571193, 15.28597982926464383, 28.51237153934254565 ) ) ;
#493 = VERTEX_POINT ( 'NONE', #6952 ) ;
#494 = AXIS2_PLACEMENT_3D ( 'NONE', #2096, #7980, #5371 ) ;
#495 = CIRCLE ( 'NONE', #6841, 0.2000000000000005107 ) ;
#496 = ORIENTED_EDGE ( 'NONE', *, *, #1155, .F. ) ;
#497 = EDGE_CURVE ( 'NONE', #4081, #8427, #2640, .T. ) ;
#498 = ORIENTED_EDGE ( 'NONE', *, *, #4592, .F. ) ;
#499 = AXIS2_PLACEMENT_3D ( 'NONE', #6087, #5223, #4426 ) ;
#500 = CARTESIAN_POINT ( 'NONE',  ( 7.529375709731972677, -18.04040790171480779, 28.50000000000000000 ) ) ;
#501 = CARTESIAN_POINT ( 'NONE',  ( 6.649155226746755076, -17.64566866423685099, 29.08311754091277734 ) ) ;
#502 = CARTESIAN_POINT ( 'NONE',  ( 19.22228867291151388, 3.169715223668736925, 28.79922579099954305 ) ) ;
#503 = AXIS2_PLACEMENT_3D ( 'NONE', #1445, #2462, #6378 ) ;
#504 = CARTESIAN_POINT ( 'NONE',  ( -18.62856374321550135, 3.679213578488559122, 28.72500000000000497 ) ) ;
#505 = CARTESIAN_POINT ( 'NONE',  ( 31.50852148288164045, -4.600008336930073050, 0.000000000000000000 ) ) ;
#506 = EDGE_LOOP ( 'NONE', ( #2245, #4590, #2441, #5102 ) ) ;
#507 = CARTESIAN_POINT ( 'NONE',  ( -12.35402557396995782, 14.96226768465353096, 28.80911554822334608 ) ) ;
#508 = CARTESIAN_POINT ( 'NONE',  ( -6.781432868790377100, -18.25333425045523938, 28.89705447457404830 ) ) ;
#509 = EDGE_CURVE ( 'NONE', #3217, #185, #4009, .T. ) ;
#510 = ORIENTED_EDGE ( 'NONE', *, *, #5308, .F. ) ;
#511 = ORIENTED_EDGE ( 'NONE', *, *, #4193, .T. ) ;
#512 = FACE_BOUND ( 'NONE', #641, .T. ) ;
#513 = CARTESIAN_POINT ( 'NONE',  ( -19.27579818259255262, 3.144763268418056867, 28.84230494460091521 ) ) ;
#514 = CARTESIAN_POINT ( 'NONE',  ( -12.43886716341457443, 14.40008253813920192, 28.30000000000000071 ) ) ;
#515 = CARTESIAN_POINT ( 'NONE',  ( 19.14079060069029126, 3.166899050602835164, 29.09518394946633535 ) ) ;
#516 = STYLED_ITEM ( 'NONE', ( #8270 ), #1542 ) ;
#517 = CARTESIAN_POINT ( 'NONE',  ( 12.16331289055197828, 15.44630484034854589, 28.49953455754358345 ) ) ;
#518 = EDGE_CURVE ( 'NONE', #6340, #10449, #3366, .T. ) ;
#519 = CARTESIAN_POINT ( 'NONE',  ( -6.785008967561243942, -18.20749820112752815, 29.11901173240486074 ) ) ;
#520 = CARTESIAN_POINT ( 'NONE',  ( -21.73340901608232656, 1.901463816243141647, 7.500000000000001776 ) ) ;
#521 = CARTESIAN_POINT ( 'NONE',  ( 12.11081642321048690, 15.08072594147869694, 28.43009633628223654 ) ) ;
#522 = ADVANCED_FACE ( 'NONE', ( #8987 ), #8187, .F. ) ;
#523 = B_SPLINE_CURVE_WITH_KNOTS ( 'NONE', 3,
 ( #701, #9761, #10514, #4888, #5699, #3174 ),
 .UNSPECIFIED., .F., .F.,
 ( 4, 2, 4 ),
 ( 0.000000000000000000, 0.001663169091821787736, 0.003326338183643575471 ),
 .UNSPECIFIED. ) ;
#524 = DIRECTION ( 'NONE',  ( -1.101697372407250679E-15, 1.000000000000000000, 0.000000000000000000 ) ) ;
#525 = AXIS2_PLACEMENT_3D ( 'NONE', #620, #5401, #573 ) ;
#526 = VERTEX_POINT ( 'NONE', #1600 ) ;
#527 = CARTESIAN_POINT ( 'NONE',  ( -19.34489300342576357, 2.696886220416910174, 28.48716509293849342 ) ) ;
#528 = ADVANCED_FACE ( 'NONE', ( #5783 ), #4882, .T. ) ;
#529 = CARTESIAN_POINT ( 'NONE',  ( 19.28172581271990538, 2.878345152885738223, 28.50859283430320801 ) ) ;
#530 = CARTESIAN_POINT ( 'NONE',  ( 7.329375709731974275, -18.24040790171481063, 1.700000000000001510 ) ) ;
#531 = CARTESIAN_POINT ( 'NONE',  ( -12.27444317998583934, 14.86988542654912493, 29.11132331808973817 ) ) ;
#532 = CARTESIAN_POINT ( 'NONE',  ( -19.06420276345412645, 2.868138588422938895, 29.35919704513494821 ) ) ;
#533 = CARTESIAN_POINT ( 'NONE',  ( -10.20222350350305796, -20.04040790171520570, 28.19999999999999929 ) ) ;
#534 = CARTESIAN_POINT ( 'NONE',  ( 7.019496739126539708, -18.25312042664323187, 28.62923100282419853 ) ) ;
#535 = EDGE_CURVE ( 'NONE', #1964, #6549, #4864, .T. ) ;
#536 = ORIENTED_EDGE ( 'NONE', *, *, #6286, .T. ) ;
#537 = CYLINDRICAL_SURFACE ( 'NONE', #2378, 0.2000000000000005107 ) ;
#538 = FACE_OUTER_BOUND ( 'NONE', #6076, .T. ) ;
#539 = CYLINDRICAL_SURFACE ( 'NONE', #6766, 11.49999999999999822 ) ;
#540 = CARTESIAN_POINT ( 'NONE',  ( 12.22720427753618999, 15.20156615813029610, 28.56705711417425420 ) ) ;
#541 = ORIENTED_EDGE ( 'NONE', *, *, #2423, .T. ) ;
#542 = CARTESIAN_POINT ( 'NONE',  ( -7.274305630064773709, -18.29858691404238868, 28.49996611647302203 ) ) ;
#543 = AXIS2_PLACEMENT_3D ( 'NONE', #10106, #9301, #4377 ) ;
#544 = EDGE_LOOP ( 'NONE', ( #1842, #7308, #10569, #2534, #10089, #6820 ) ) ;
#545 = CARTESIAN_POINT ( 'NONE',  ( -12.11542435174854582, 15.30523639501531008, 28.49780253618811798 ) ) ;
#546 = VECTOR ( 'NONE', #3252, 1000.000000000000227 ) ;
#547 = AXIS2_PLACEMENT_3D ( 'NONE', #8622, #2994, #2042 ) ;
#548 = VERTEX_POINT ( 'NONE', #8936 ) ;
#549 = DIRECTION ( 'NONE',  ( 0.000000000000000000, 0.000000000000000000, 1.000000000000000000 ) ) ;
#550 = CARTESIAN_POINT ( 'NONE',  ( 39.99033417765404863, -42.75833186246229900, 7.000000000000000000 ) ) ;
#551 = CARTESIAN_POINT ( 'NONE',  ( 6.431888080080335079, -18.40109191729891691, 28.93128889957760919 ) ) ;
#552 = CARTESIAN_POINT ( 'NONE',  ( 19.23569070514551171, 3.152085428741487227, 28.75495294412392866 ) ) ;
#553 = ORIENTED_EDGE ( 'NONE', *, *, #104, .F. ) ;
#554 = CARTESIAN_POINT ( 'NONE',  ( -32.48687558748510185, -9.506395210553305830, 8.231612476624917463 ) ) ;
#555 = EDGE_CURVE ( 'NONE', #8531, #7365, #2092, .T. ) ;
#556 = DIRECTION ( 'NONE',  ( 0.4999999999999996669, 0.8660254037844388186, 1.810146235801886110E-15 ) ) ;
#557 = ORIENTED_EDGE ( 'NONE', *, *, #7602, .F. ) ;
#558 = CARTESIAN_POINT ( 'NONE',  ( -12.37508031533171504, 14.99051971888446744, 28.80029899059534415 ) ) ;
#559 = CARTESIAN_POINT ( 'NONE',  ( -6.909126106767028652, -18.31793808050261063, 28.66478519012851578 ) ) ;
#560 = CIRCLE ( 'NONE', #4336, 1.100000000000000533 ) ;
#561 = ORIENTED_EDGE ( 'NONE', *, *, #1319, .T. ) ;
#562 = VERTEX_POINT ( 'NONE', #10548 ) ;
#563 = LINE ( 'NONE', #666, #2336 ) ;
#564 = AXIS2_PLACEMENT_3D ( 'NONE', #9728, #6519, #7161 ) ;
#565 = CARTESIAN_POINT ( 'NONE',  ( -19.03342192613568784, 3.118016393468775238, 28.97579099977682304 ) ) ;
#566 = FACE_BOUND ( 'NONE', #9649, .T. ) ;
#567 = CARTESIAN_POINT ( 'NONE',  ( 19.12845384894246337, 3.156654922680292241, 29.11835779399636337 ) ) ;
#568 = ADVANCED_FACE ( 'NONE', ( #7441 ), #8135, .F. ) ;
#569 = CARTESIAN_POINT ( 'NONE',  ( -7.129590363785724527, -18.20276245571955442, 28.51044625231009277 ) ) ;
#570 = CARTESIAN_POINT ( 'NONE',  ( 20.55895164948833909, 3.856127482941380524, 29.27282463556213088 ) ) ;
#571 = CARTESIAN_POINT ( 'NONE',  ( -18.35067890484702602, 3.195163480404831002, 28.90301056748129227 ) ) ;
#572 = CARTESIAN_POINT ( 'NONE',  ( -6.775806553460753889, -18.23439468550398601, 29.04663287802265614 ) ) ;
#573 = DIRECTION ( 'NONE',  ( 1.000000000000000000, 1.261617073437679508E-14, 0.000000000000000000 ) ) ;
#574 = CARTESIAN_POINT ( 'NONE',  ( -6.755980846468218282, -18.06123387496560184, 28.38996816205956009 ) ) ;
#575 = DIRECTION ( 'NONE',  ( 0.8660254037844389297, -0.4999999999999996114, 0.000000000000000000 ) ) ;
#576 = ORIENTED_EDGE ( 'NONE', *, *, #1446, .F. ) ;
#577 = DIRECTION ( 'NONE',  ( 1.000000000000000000, 0.000000000000000000, -5.421010862427507971E-15 ) ) ;
#578 = CARTESIAN_POINT ( 'NONE',  ( -23.28076211353101499, -14.99999999999999467, 0.1999999999999996503 ) ) ;
#580 = EDGE_CURVE ( 'NONE', #2154, #3344, #9447, .T. ) ;
#579 = CARTESIAN_POINT ( 'NONE',  ( 19.40614871434018340, 2.805186837245406739, 28.50085661469820764 ) ) ;
#581 = CARTESIAN_POINT ( 'NONE',  ( 18.24178741701381412, 3.378649106773985888, 28.80984104381390765 ) ) ;
#582 = CARTESIAN_POINT ( 'NONE',  ( -12.36121277995026979, 14.94720620875682471, 29.09615337359201703 ) ) ;
#583 = EDGE_CURVE ( 'NONE', #9388, #865, #1241, .T. ) ;
#584 = CARTESIAN_POINT ( 'NONE',  ( -12.06463098331747297, 15.31186896741930603, 28.49151031559080138 ) ) ;
#585 = LINE ( 'NONE', #8837, #10440 ) ;
#586 = CARTESIAN_POINT ( 'NONE',  ( 7.130955159199835691, -18.28741364609263087, 28.55984609849650369 ) ) ;
#587 = ORIENTED_EDGE ( 'NONE', *, *, #10169, .T. ) ;
#588 = LINE ( 'NONE', #2255, #156 ) ;
#589 = CARTESIAN_POINT ( 'NONE',  ( 20.89539736716372076, 3.382461858527877840, 1.300000000000001155 ) ) ;
#590 = CARTESIAN_POINT ( 'NONE',  ( -19.35580098330280663, 2.964565486977283282, 28.58559125633814091 ) ) ;
#591 = CARTESIAN_POINT ( 'NONE',  ( 12.30679891155269701, 15.05099034681894032, 28.72389576632688701 ) ) ;
#592 = ORIENTED_EDGE ( 'NONE', *, *, #6988, .F. ) ;
#593 = DIRECTION ( 'NONE',  ( -0.5000000000000246470, 0.8660254037844244968, -0.000000000000000000 ) ) ;
#594 = ORIENTED_EDGE ( 'NONE', *, *, #7981, .T. ) ;
#595 = CARTESIAN_POINT ( 'NONE',  ( -12.12164571057180318, 15.31399750253611103, 28.49937737617141664 ) ) ;
#596 = CIRCLE ( 'NONE', #945, 0.1999999999999987899 ) ;
#597 = EDGE_LOOP ( 'NONE', ( #1616, #8654, #10262, #8436 ) ) ;
#598 = VERTEX_POINT ( 'NONE', #153 ) ;
#599 = VERTEX_POINT ( 'NONE', #5625 ) ;
#600 = DIRECTION ( 'NONE',  ( 0.000000000000000000, 0.000000000000000000, 1.000000000000000000 ) ) ;
#601 = AXIS2_PLACEMENT_3D ( 'NONE', #321, #6811, #9323 ) ;
#602 = CARTESIAN_POINT ( 'NONE',  ( 6.517024731614671218, -18.04040790171481845, 28.32618083136504694 ) ) ;
#603 = CARTESIAN_POINT ( 'NONE',  ( 19.26235282277376371, 3.104946454747964601, 28.67620063722326051 ) ) ;
#604 = ORIENTED_EDGE ( 'NONE', *, *, #6015, .F. ) ;
#605 = CARTESIAN_POINT ( 'NONE',  ( -27.57573861016077288, -7.714233933766224460, 13.80069201257531830 ) ) ;
#606 = DIRECTION ( 'NONE',  ( 0.000000000000000000, 0.000000000000000000, 1.000000000000000000 ) ) ;
#607 = VERTEX_POINT ( 'NONE', #1548 ) ;
#608 = CARTESIAN_POINT ( 'NONE',  ( -12.34617858079687736, 14.97682313374411756, 28.76911983225478053 ) ) ;
#609 = CARTESIAN_POINT ( 'NONE',  ( -6.839609240513849997, -18.28624686507217945, 28.75547465877869513 ) ) ;
#610 = ADVANCED_FACE ( 'NONE', ( #7278 ), #717, .T. ) ;
#611 = VERTEX_POINT ( 'NONE', #790 ) ;
#612 = VERTEX_POINT ( 'NONE', #3586 ) ;
#613 = CARTESIAN_POINT ( 'NONE',  ( 25.98076211353316722, -14.99999999999999467, 0.1999999999999996503 ) ) ;
#614 = CARTESIAN_POINT ( 'NONE',  ( -19.38260008598469142, 2.955103193957622221, 29.42106658147462639 ) ) ;
#615 = PLANE ( 'NONE',  #5818 ) ;
#616 = CARTESIAN_POINT ( 'NONE',  ( 19.17808113819566884, 3.188763833034131689, 29.04643902444585990 ) ) ;
#617 = CARTESIAN_POINT ( 'NONE',  ( -7.171308496424592782, -18.26468627131069766, 28.51203479374198579 ) ) ;
#618 = CARTESIAN_POINT ( 'NONE',  ( -7.273514543723609727, -18.22825127320781746, 28.49964756270227184 ) ) ;
#619 = CARTESIAN_POINT ( 'NONE',  ( -6.780025311288252254, -18.25836983361525512, 29.04641671811581105 ) ) ;
#620 = CARTESIAN_POINT ( 'NONE',  ( 10.29777649649588511, 55.26510000294468483, 28.20000000000000284 ) ) ;
#621 = AXIS2_PLACEMENT_3D ( 'NONE', #6574, #5889, #9147 ) ;
#622 = CARTESIAN_POINT ( 'NONE',  ( -22.83340901608231377, -0.003792072082620112639, 7.500000000000001776 ) ) ;
#623 = ADVANCED_FACE ( 'NONE', ( #8349 ), #6909, .F. ) ;
#624 = CARTESIAN_POINT ( 'NONE',  ( -22.28340901608232016, 0.9488358720802572144, 7.500000000000001776 ) ) ;
#625 = CARTESIAN_POINT ( 'NONE',  ( -19.34269371645633839, 2.780870829323781823, 28.50632146442683279 ) ) ;
#626 = CARTESIAN_POINT ( 'NONE',  ( 23.79318993999364551, -25.04040790171517017, 7.000000000000000000 ) ) ;
#627 = CARTESIAN_POINT ( 'NONE',  ( 19.38190271340194215, 2.854221405330555683, 28.51200096476307877 ) ) ;
#628 = AXIS2_PLACEMENT_3D ( 'NONE', #8250, #4187, #7452 ) ;
#629 = CARTESIAN_POINT ( 'NONE',  ( 11.92973327643712622, 15.31144758726212629, 28.49953455754358345 ) ) ;
#630 = CARTESIAN_POINT ( 'NONE',  ( -12.37459244055443364, 14.95755755171396117, 29.09638363188633292 ) ) ;
#631 = CARTESIAN_POINT ( 'NONE',  ( -6.769446089332680216, -17.78996803086419476, 29.23849492710515463 ) ) ;
#632 = CARTESIAN_POINT ( 'NONE',  ( -4.746095424604683366, 33.06410000294339824, 9.045055480548212401 ) ) ;
#633 = CARTESIAN_POINT ( 'NONE',  ( 6.871054508522331794, -18.28116629695680828, 28.99202505027198740 ) ) ;
#634 = AXIS2_PLACEMENT_3D ( 'NONE', #6866, #2742, #3432 ) ;
#635 = ORIENTED_EDGE ( 'NONE', *, *, #3605, .T. ) ;
#636 = DIRECTION ( 'NONE',  ( 6.123233995736778362E-17, -1.060575238724906422E-16, 1.000000000000000000 ) ) ;
#637 = CARTESIAN_POINT ( 'NONE',  ( 13.80763292299727851, -42.33589999702859785, 7.000000000000000000 ) ) ;
#638 = CARTESIAN_POINT ( 'NONE',  ( -19.26078935425741889, 3.123541303096954991, 28.83915055553310580 ) ) ;
#639 = CARTESIAN_POINT ( 'NONE',  ( 12.30189737812650286, 14.93710563094075994, 28.84802936613151303 ) ) ;
#640 = FACE_OUTER_BOUND ( 'NONE', #9695, .T. ) ;
#641 = EDGE_LOOP ( 'NONE', ( #2971, #5219 ) ) ;
#642 = CARTESIAN_POINT ( 'NONE',  ( -12.14281434974272322, 15.32964604829875732, 28.50077200402966682 ) ) ;
#643 = EDGE_CURVE ( 'NONE', #1177, #6211, #2456, .T. ) ;
#644 = EDGE_CURVE ( 'NONE', #9182, #4386, #9966, .T. ) ;
#645 = ORIENTED_EDGE ( 'NONE', *, *, #10475, .F. ) ;
#646 = ORIENTED_EDGE ( 'NONE', *, *, #8046, .F. ) ;
#647 = ORIENTED_EDGE ( 'NONE', *, *, #1179, .T. ) ;
#648 = DIRECTION ( 'NONE',  ( 0.5000000000000008882, -0.8660254037844380415, 0.000000000000000000 ) ) ;
#649 = CARTESIAN_POINT ( 'NONE',  ( -12.11356797664488205, 15.36351725728515660, 1.700000000000001510 ) ) ;
#650 = VECTOR ( 'NONE', #9979, 1000.000000000000114 ) ;
#651 = VERTEX_POINT ( 'NONE', #6691 ) ;
#652 = DIRECTION ( 'NONE',  ( 1.128474576789404752E-28, -6.505213034913066047E-15, 1.000000000000000000 ) ) ;
#653 = EDGE_CURVE ( 'NONE', #3917, #2593, #4750, .T. ) ;
#654 = AXIS2_PLACEMENT_3D ( 'NONE', #6308, #2293, #4650 ) ;
#655 = CARTESIAN_POINT ( 'NONE',  ( -32.97492821867714952, -9.381516933669228564, 7.978594021082374255 ) ) ;
#656 = AXIS2_PLACEMENT_3D ( 'NONE', #7498, #2629, #10071 ) ;
#657 = EDGE_LOOP ( 'NONE', ( #4303, #5488, #9032, #7091 ) ) ;
#658 = CARTESIAN_POINT ( 'NONE',  ( -12.35758056550565698, 14.99715564203408746, 28.76155448368993106 ) ) ;
#659 = CARTESIAN_POINT ( 'NONE',  ( -6.916671302606467897, -18.27310644784565241, 28.64782806934809756 ) ) ;
#660 = EDGE_CURVE ( 'NONE', #6355, #404, #946, .T. ) ;
#661 = AXIS2_PLACEMENT_3D ( 'NONE', #2098, #8631, #1296 ) ;
#662 = ORIENTED_EDGE ( 'NONE', *, *, #855, .T. ) ;
#663 = ORIENTED_EDGE ( 'NONE', *, *, #5450, .T. ) ;
#664 = TOROIDAL_SURFACE ( 'NONE', #4449, 1.300000000000000266, 0.2000000000000000111 ) ;
#665 = VECTOR ( 'NONE', #6551, 1000.000000000000114 ) ;
#666 = CARTESIAN_POINT ( 'NONE',  ( -8.651732553112513102, 24.95959209828479786, 32.00000000000000000 ) ) ;
#667 = CARTESIAN_POINT ( 'NONE',  ( -19.09488770665501534, 3.013366679830024708, 29.25096877472274315 ) ) ;
#668 = CARTESIAN_POINT ( 'NONE',  ( 19.15468335472052885, 3.180375609602465126, 29.04664075366861198 ) ) ;
#669 = AXIS2_PLACEMENT_3D ( 'NONE', #4748, #3088, #9515 ) ;
#670 = CARTESIAN_POINT ( 'NONE',  ( -7.171731043142838047, -18.30976349767011513, 28.51001498631007181 ) ) ;
#671 = PLANE ( 'NONE',  #10174 ) ;
#672 = CARTESIAN_POINT ( 'NONE',  ( -8.902223503503249091, -15.04040790171519859, 7.499999999999999112 ) ) ;
#673 = CARTESIAN_POINT ( 'NONE',  ( -6.692148851470366644, -18.08093489101668183, 28.99738706151426371 ) ) ;
#674 = CARTESIAN_POINT ( 'NONE',  ( -11.98824547599708978, 14.76866999488879806, 29.27433224071179296 ) ) ;
#675 = CARTESIAN_POINT ( 'NONE',  ( -19.41356797664481704, 2.719546362032307929, 28.30000000000000071 ) ) ;
#676 = CARTESIAN_POINT ( 'NONE',  ( 0.04777649649675613786, -15.54040790171519504, 38.50000000000000000 ) ) ;
#677 = CARTESIAN_POINT ( 'NONE',  ( -19.24603159872057745, 2.815563822881980371, 28.47917672076662399 ) ) ;
#678 = CIRCLE ( 'NONE', #8732, 1.099999999999999867 ) ;
#679 = DIRECTION ( 'NONE',  ( 1.000000000000000000, -2.775557561562892929E-15, 0.000000000000000000 ) ) ;
#680 = CARTESIAN_POINT ( 'NONE',  ( 19.38478698303758563, 2.855734410470395446, 28.51183922054418929 ) ) ;
#681 = CARTESIAN_POINT ( 'NONE',  ( 13.36441980067390389, 15.82649763434959844, 29.39427216176076030 ) ) ;
#682 = CARTESIAN_POINT ( 'NONE',  ( -12.32787500125837887, 14.92650720106055395, 29.11901173240507035 ) ) ;
#683 = DIRECTION ( 'NONE',  ( 1.000000000000000000, 0.000000000000000000, 0.000000000000000000 ) ) ;
#684 = LINE ( 'NONE', #7074, #2404 ) ;
#685 = EDGE_CURVE ( 'NONE', #5378, #9659, #1013, .T. ) ;
#686 = CARTESIAN_POINT ( 'NONE',  ( 6.849241237841417806, -18.12394352073958359, 29.11260777371781217 ) ) ;
#687 = VERTEX_POINT ( 'NONE', #9957 ) ;
#688 = CARTESIAN_POINT ( 'NONE',  ( 28.12331695891582939, -27.54040790171518438, 0.000000000000000000 ) ) ;
#689 = CARTESIAN_POINT ( 'NONE',  ( 6.923495518575638386, -18.31018927451480849, 29.23070338494589748 ) ) ;
#690 = DIRECTION ( 'NONE',  ( 0.8660254037844389297, -0.4999999999999996114, 0.000000000000000000 ) ) ;
#691 = CARTESIAN_POINT ( 'NONE',  ( -5.415968405682486164, 30.56410000294340534, 0.000000000000000000 ) ) ;
#692 = CARTESIAN_POINT ( 'NONE',  ( 12.31121290681415203, 14.96939544779192843, 28.84895111439019288 ) ) ;
#693 = ADVANCED_FACE ( 'NONE', ( #9364 ), #364, .T. ) ;
#694 = CARTESIAN_POINT ( 'NONE',  ( -40.24750315841305337, -9.430332592739066655, 7.000000000000000000 ) ) ;
#695 = ORIENTED_EDGE ( 'NONE', *, *, #3928, .T. ) ;
#696 = CARTESIAN_POINT ( 'NONE',  ( -12.14237308549603611, 15.10318243153461282, 28.47282655262430850 ) ) ;
#697 = PRODUCT_DEFINITION_CONTEXT ( 'detailed design', #7897, 'design' ) ;
#698 = ORIENTED_EDGE ( 'NONE', *, *, #10542, .T. ) ;
#699 = VERTEX_POINT ( 'NONE', #1226 ) ;
#700 = LINE ( 'NONE', #4183, #1927 ) ;
#701 = CARTESIAN_POINT ( 'NONE',  ( -5.415968405682486164, 30.56410000294340534, 11.12003179020993038 ) ) ;
#702 = CARTESIAN_POINT ( 'NONE',  ( 12.20605039575834816, 17.83285229759672674, 31.79166666666666785 ) ) ;
#703 = EDGE_CURVE ( 'NONE', #10026, #7743, #10501, .T. ) ;
#704 = CARTESIAN_POINT ( 'NONE',  ( -7.065847071325322304, -18.11171079575757403, 28.45309165528606243 ) ) ;
#705 = EDGE_LOOP ( 'NONE', ( #9320, #8741, #3500, #8452 ) ) ;
#706 = AXIS2_PLACEMENT_3D ( 'NONE', #1361, #4582, #4684 ) ;
#707 = CARTESIAN_POINT ( 'NONE',  ( 19.27055356509291784, 3.171310915060189473, 28.74532320453973711 ) ) ;
#708 = ADVANCED_FACE ( 'NONE', ( #10010 ), #4496, .F. ) ;
#709 = CARTESIAN_POINT ( 'NONE',  ( -28.27691123228206749, -8.445419760284593735, 12.45533655084440205 ) ) ;
#710 = DIRECTION ( 'NONE',  ( -0.5000000000000005551, 0.8660254037844384856, 0.000000000000000000 ) ) ;
#711 = ORIENTED_EDGE ( 'NONE', *, *, #7470, .F. ) ;
#712 = EDGE_CURVE ( 'NONE', #2118, #6224, #4382, .T. ) ;
#713 = CARTESIAN_POINT ( 'NONE',  ( -12.36877320827242421, 15.01316675646313747, 28.75547465877869158 ) ) ;
#714 = CARTESIAN_POINT ( 'NONE',  ( -6.870236318756822946, -18.25625895321140391, 28.69178334849967271 ) ) ;
#715 = ORIENTED_EDGE ( 'NONE', *, *, #580, .F. ) ;
#716 = VERTEX_POINT ( 'NONE', #7552 ) ;
#717 = TOROIDAL_SURFACE ( 'NONE', #5349, 1.299999999999999378, 0.2000000000000000111 ) ;
#718 = CIRCLE ( 'NONE', #7224, 2.500000000001501022 ) ;
#719 = CARTESIAN_POINT ( 'NONE',  ( -19.01239360091450692, 3.106663447480678908, 29.02640432078187160 ) ) ;
#720 = CARTESIAN_POINT ( 'NONE',  ( -18.94301585798952914, 2.854332497440352334, 29.32209529695892058 ) ) ;
#721 = CARTESIAN_POINT ( 'NONE',  ( -12.13755013343301137, 13.92197894325301988, 28.72500000000000142 ) ) ;
#722 = CARTESIAN_POINT ( 'NONE',  ( 19.18529630793736729, 3.191649616995689609, 29.04634587615766961 ) ) ;
#723 = CARTESIAN_POINT ( 'NONE',  ( -7.171731043142838047, -18.32767642020609955, 28.51001498631007181 ) ) ;
#724 = LINE ( 'NONE', #8925, #7789 ) ;
#725 = DIRECTION ( 'NONE',  ( 1.000000000000000000, 0.000000000000000000, 0.000000000000000000 ) ) ;
#726 = AXIS2_PLACEMENT_3D ( 'NONE', #3422, #6690, #8458 ) ;
#727 = CARTESIAN_POINT ( 'NONE',  ( -6.787202133870187559, -18.25313948090561311, 29.09625827074988180 ) ) ;
#728 = CARTESIAN_POINT ( 'NONE',  ( -12.21368852609874267, 15.08016978359433935, 29.39351266794876238 ) ) ;
#729 = AXIS2_PLACEMENT_3D ( 'NONE', #5962, #5153, #1136 ) ;
#730 = FACE_OUTER_BOUND ( 'NONE', #6008, .T. ) ;
#731 = CIRCLE ( 'NONE', #10492, 1.100000000000000977 ) ;
#732 = CARTESIAN_POINT ( 'NONE',  ( -19.32608951646861684, 2.716417930028003358, 28.48461340437295419 ) ) ;
#733 = CARTESIAN_POINT ( 'NONE',  ( 18.89231643667993765, 2.934159794279505462, 29.30373929464201410 ) ) ;
#734 = AXIS2_PLACEMENT_3D ( 'NONE', #5683, #8940, #6862 ) ;
#735 = CARTESIAN_POINT ( 'NONE',  ( 19.35759847358763253, 2.743373906811807039, 28.49364505592956931 ) ) ;
#736 = DIRECTION ( 'NONE',  ( -0.4999999999999967804, -0.8660254037844405950, -1.184838168362787580E-14 ) ) ;
#737 = CARTESIAN_POINT ( 'NONE',  ( 8.997776496496802778, -19.84040790171517799, 7.500000000000001776 ) ) ;
#738 = DIRECTION ( 'NONE',  ( -1.015854067532018234E-14, 1.000000000000000000, -0.000000000000000000 ) ) ;
#739 = CARTESIAN_POINT ( 'NONE',  ( -42.74750315841317416, -5.100205573816943172, 0.000000000000000000 ) ) ;
#740 = B_SPLINE_CURVE_WITH_KNOTS ( 'NONE', 3,
 ( #10179, #6759, #1826, #10020, #4350, #9214 ),
 .UNSPECIFIED., .F., .F.,
 ( 4, 2, 4 ),
 ( 0.000000000000000000, 0.0004057138013021618136, 0.0008114276026043236272 ),
 .UNSPECIFIED. ) ;
#741 = DIRECTION ( 'NONE',  ( 1.026956297778269800E-14, -1.000000000000000000, 0.000000000000000000 ) ) ;
#742 = B_SPLINE_CURVE_WITH_KNOTS ( 'NONE', 3,
 ( #254, #1974, #1222, #2834 ),
 .UNSPECIFIED., .F., .F.,
 ( 4, 4 ),
 ( 0.000000000000000000, 1.000000000000000000 ),
 .UNSPECIFIED. ) ;
#743 = ADVANCED_FACE ( 'NONE', ( #3639 ), #9329, .T. ) ;
#744 = ORIENTED_EDGE ( 'NONE', *, *, #1956, .T. ) ;
#745 = FACE_OUTER_BOUND ( 'NONE', #1896, .T. ) ;
#746 = FACE_OUTER_BOUND ( 'NONE', #8396, .T. ) ;
#747 = EDGE_CURVE ( 'NONE', #6061, #9076, #10529, .T. ) ;
#748 = CARTESIAN_POINT ( 'NONE',  ( 22.10579389784012250, 1.508157380145664472, 32.00000000000000000 ) ) ;
#749 = CARTESIAN_POINT ( 'NONE',  ( -7.876487077917073698, 16.30235664966116715, 28.19999999999999929 ) ) ;
#750 = CARTESIAN_POINT ( 'NONE',  ( 11.99762717652795274, 14.93485075722629674, 29.32634567524559799 ) ) ;
#751 = CARTESIAN_POINT ( 'NONE',  ( 0.008521484731877086022, 19.95959209828480141, 32.00000000000000000 ) ) ;
#752 = ORIENTED_EDGE ( 'NONE', *, *, #5583, .T. ) ;
#753 = CARTESIAN_POINT ( 'NONE',  ( -12.16784297925729064, 15.39910378969895888, 28.49996611647303624 ) ) ;
#754 = ORIENTED_EDGE ( 'NONE', *, *, #4058, .T. ) ;
#755 = ORIENTED_EDGE ( 'NONE', *, *, #3411, .F. ) ;
#756 = CARTESIAN_POINT ( 'NONE',  ( -9.746095424604677149, 33.06410000294339824, 0.000000000000000000 ) ) ;
#757 = EDGE_CURVE ( 'NONE', #1005, #716, #8305, .T. ) ;
#758 = CYLINDRICAL_SURFACE ( 'NONE', #1181, 5.000000000000000888 ) ;
#759 = CARTESIAN_POINT ( 'NONE',  ( -12.10406727682534722, 15.36218705016007391, 28.49991479356367208 ) ) ;
#760 = ORIENTED_EDGE ( 'NONE', *, *, #7612, .T. ) ;
#761 = CIRCLE ( 'NONE', #7449, 0.2000000000000005107 ) ;
#762 = CARTESIAN_POINT ( 'NONE',  ( 33.95522672518698926, -8.968895557117186002, 7.570849840155471355 ) ) ;
#763 = CARTESIAN_POINT ( 'NONE',  ( -12.23866904330722605, 15.32137289072720598, 28.50185735642835638 ) ) ;
#764 = CARTESIAN_POINT ( 'NONE',  ( -10.20222350350320006, -19.84040790171520641, 7.499999999999999112 ) ) ;
#765 = VERTEX_POINT ( 'NONE', #8659 ) ;
#766 = CARTESIAN_POINT ( 'NONE',  ( -12.27720332124970248, 15.14044258866651838, 28.58333328749634106 ) ) ;
#767 = CARTESIAN_POINT ( 'NONE',  ( -6.905519743443786496, -18.30716173822630211, 28.66789583650712814 ) ) ;
#768 = ORIENTED_EDGE ( 'NONE', *, *, #8046, .T. ) ;
#769 = CIRCLE ( 'NONE', #7962, 0.1999999999999987899 ) ;
#770 = ORIENTED_EDGE ( 'NONE', *, *, #4511, .F. ) ;
#771 = CARTESIAN_POINT ( 'NONE',  ( 6.781801835219655850, -17.70640150147181302, 29.17690854119013366 ) ) ;
#772 = EDGE_CURVE ( 'NONE', #2606, #4744, #10187, .T. ) ;
#773 = CARTESIAN_POINT ( 'NONE',  ( -19.19123666617692336, 2.950247646744476704, 29.35420839137654170 ) ) ;
#774 = DIRECTION ( 'NONE',  ( 0.8660254037844414832, -0.4999999999999951705, 0.000000000000000000 ) ) ;
#775 = CARTESIAN_POINT ( 'NONE',  ( 19.01807519392141543, 3.160315389759842830, 29.03602244303274915 ) ) ;
#776 = CARTESIAN_POINT ( 'NONE',  ( -7.226545816219797302, -18.25123096037496495, 28.50080372683361674 ) ) ;
#777 = DIRECTION ( 'NONE',  ( 0.4999999999999995559, 0.8660254037844389297, 0.000000000000000000 ) ) ;
#778 = DIRECTION ( 'NONE',  ( 1.000000000000000000, 1.261617073437677457E-14, 0.000000000000000000 ) ) ;
#779 = CARTESIAN_POINT ( 'NONE',  ( -6.765006818981385450, -18.16048416795691267, 29.09134955568780967 ) ) ;
#780 = CARTESIAN_POINT ( 'NONE',  ( -12.27125591798145265, 14.93057488043218228, 29.23252710712173297 ) ) ;
#781 = EDGE_CURVE ( 'NONE', #3560, #3873, #1814, .T. ) ;
#782 = ORIENTED_EDGE ( 'NONE', *, *, #8435, .T. ) ;
#783 = CARTESIAN_POINT ( 'NONE',  ( -11.97406470607840845, 14.70426426802675479, 29.23849492710514042 ) ) ;
#784 = CARTESIAN_POINT ( 'NONE',  ( 13.39539736716370300, 16.37284291529445213, 28.50000000000000000 ) ) ;
#785 = CARTESIAN_POINT ( 'NONE',  ( -19.44565547037349518, 2.746698724449663231, 28.50108894025592221 ) ) ;
#786 = CYLINDRICAL_SURFACE ( 'NONE', #4246, 10.00000000000000178 ) ;
#787 = CARTESIAN_POINT ( 'NONE',  ( 19.33291753612403596, 2.752242966899379084, 28.48885327365212561 ) ) ;
#788 = DIRECTION ( 'NONE',  ( -0.000000000000000000, -0.000000000000000000, -1.000000000000000000 ) ) ;
#789 = AXIS2_PLACEMENT_3D ( 'NONE', #1864, #7702, #5290 ) ;
#790 = CARTESIAN_POINT ( 'NONE',  ( 12.10975672110860124, 15.39963783453756285, 1.500000000000001332 ) ) ;
#791 = EDGE_CURVE ( 'NONE', #607, #9342, #2667, .T. ) ;
#792 = CARTESIAN_POINT ( 'NONE',  ( 21.72591375053598028, 1.644008128993052820, 31.90172116060437091 ) ) ;
#793 = DIRECTION ( 'NONE',  ( 0.5000000000000018874, -0.8660254037844375974, 0.000000000000000000 ) ) ;
#794 = CARTESIAN_POINT ( 'NONE',  ( 7.056886508292109284, -18.33374416860034017, 29.38734081494769512 ) ) ;
#795 = AXIS2_PLACEMENT_3D ( 'NONE', #8709, #10269, #5505 ) ;
#796 = ORIENTED_EDGE ( 'NONE', *, *, #9231, .T. ) ;
#797 = CARTESIAN_POINT ( 'NONE',  ( -18.04504732837500214, -1.310106343957295083, 32.00000000000000000 ) ) ;
#798 = CARTESIAN_POINT ( 'NONE',  ( 24.09593553657274612, -20.04040790171517017, 10.89912989198345450 ) ) ;
#799 = CARTESIAN_POINT ( 'NONE',  ( -23.77614697052907999, -25.04040790171522346, 0.000000000000000000 ) ) ;
#800 = DIRECTION ( 'NONE',  ( -0.4999999999999958367, -0.8660254037844411501, 0.000000000000000000 ) ) ;
#801 = CARTESIAN_POINT ( 'NONE',  ( 19.27216902867105830, 3.104747687459596506, 28.67246655027652125 ) ) ;
#802 = CARTESIAN_POINT ( 'NONE',  ( 12.16664726873862534, 14.93265839163291986, 29.23763109720818676 ) ) ;
#803 = EDGE_CURVE ( 'NONE', #233, #6023, #3732, .T. ) ;
#804 = ORIENTED_EDGE ( 'NONE', *, *, #8176, .F. ) ;
#805 = CARTESIAN_POINT ( 'NONE',  ( 7.377104257134101672, -18.04040790171480779, 28.99837095140253851 ) ) ;
#806 = VECTOR ( 'NONE', #7342, 999.9999999999998863 ) ;
#807 = VERTEX_POINT ( 'NONE', #1480 ) ;
#808 = ORIENTED_EDGE ( 'NONE', *, *, #9856, .T. ) ;
#809 = CARTESIAN_POINT ( 'NONE',  ( -9.391451476280387567, -15.39035818121795707, 31.90173821473732474 ) ) ;
#810 = DIRECTION ( 'NONE',  ( -0.8660254037844382635, -0.5000000000000008882, 0.000000000000000000 ) ) ;
#811 = CARTESIAN_POINT ( 'NONE',  ( -25.98076211353316367, -14.99999999999999467, 5.000000000000000000 ) ) ;
#812 = CIRCLE ( 'NONE', #8003, 9.999999999999998224 ) ;
#813 = ORIENTED_EDGE ( 'NONE', *, *, #4579, .T. ) ;
#814 = CARTESIAN_POINT ( 'NONE',  ( 32.50061485466724065, -9.506998150933537062, 8.233478227813220585 ) ) ;
#815 = PLANE ( 'NONE',  #1702 ) ;
#816 = CARTESIAN_POINT ( 'NONE',  ( 6.984479489849190870, -19.65295154840919523, 29.32698032750586492 ) ) ;
#817 = VERTEX_POINT ( 'NONE', #517 ) ;
#818 = CARTESIAN_POINT ( 'NONE',  ( -12.32085610819701849, 15.07924690248322541, 28.64529179377014145 ) ) ;
#819 = CARTESIAN_POINT ( 'NONE',  ( -6.999382148232418110, -18.27436980960341373, 28.58182780099021159 ) ) ;
#820 = ADVANCED_FACE ( 'NONE', ( #7056 ), #3693, .T. ) ;
#821 = CIRCLE ( 'NONE', #315, 0.2000000000000005107 ) ;
#822 = ORIENTED_EDGE ( 'NONE', *, *, #1947, .F. ) ;
#823 = ORIENTED_EDGE ( 'NONE', *, *, #1636, .F. ) ;
#824 = AXIS2_PLACEMENT_3D ( 'NONE', #7461, #5104, #2808 ) ;
#825 = DIRECTION ( 'NONE',  ( 0.000000000000000000, 0.000000000000000000, 1.000000000000000000 ) ) ;
#826 = CARTESIAN_POINT ( 'NONE',  ( -19.17984584197428788, 3.032979484291823624, 29.27134319205089241 ) ) ;
#827 = CARTESIAN_POINT ( 'NONE',  ( 6.811334824846015934, -17.96028344892272699, 29.16485592912048119 ) ) ;
#828 = VECTOR ( 'NONE', #4074, 1000.000000000000114 ) ;
#829 = CARTESIAN_POINT ( 'NONE',  ( 19.14992572035579244, 3.181498779518005637, 29.02190911342733770 ) ) ;
#830 = LINE ( 'NONE', #2498, #9741 ) ;
#831 = FACE_OUTER_BOUND ( 'NONE', #9930, .T. ) ;
#832 = EDGE_CURVE ( 'NONE', #9493, #1808, #8067, .T. ) ;
#833 = CARTESIAN_POINT ( 'NONE',  ( -12.32264231297959967, 14.88099924978133970, 28.95187934442582289 ) ) ;
#834 = CARTESIAN_POINT ( 'NONE',  ( -6.712072630892466307, -18.14066118635776448, 28.89927228585665731 ) ) ;
#835 = CARTESIAN_POINT ( 'NONE',  ( -12.20581961745447863, 15.07473642828027671, 29.39291813971763645 ) ) ;
#836 = CIRCLE ( 'NONE', #7847, 0.2000000000000001221 ) ;
#837 = CIRCLE ( 'NONE', #2211, 0.1999999999999987899 ) ;
#838 = EDGE_LOOP ( 'NONE', ( #854, #5212 ) ) ;
#839 = CIRCLE ( 'NONE', #848, 11.99999999999999822 ) ;
#840 = CARTESIAN_POINT ( 'NONE',  ( -12.10060798370211721, 14.97373786611145263, 29.36614187387244357 ) ) ;
#841 = CARTESIAN_POINT ( 'NONE',  ( -28.10627398945131361, -27.54040790171516306, 7.000000000000000000 ) ) ;
#842 = CARTESIAN_POINT ( 'NONE',  ( -19.29961267530204694, 2.792306818801401747, 28.49761803091436718 ) ) ;
#843 = CARTESIAN_POINT ( 'NONE',  ( -20.99627797715787025, 3.578212227496323727, 28.99837095140253851 ) ) ;
#844 = AXIS2_PLACEMENT_3D ( 'NONE', #4267, #1909, #1854 ) ;
#845 = DIRECTION ( 'NONE',  ( 1.000000000000000000, 0.000000000000000000, 0.000000000000000000 ) ) ;
#846 = ADVANCED_FACE ( 'NONE', ( #3952 ), #1586, .F. ) ;
#847 = DIRECTION ( 'NONE',  ( -0.4999999999999958367, -0.8660254037844411501, 0.000000000000000000 ) ) ;
#848 = AXIS2_PLACEMENT_3D ( 'NONE', #7176, #738, #4923 ) ;
#849 = DIRECTION ( 'NONE',  ( -0.000000000000000000, -0.000000000000000000, -1.000000000000000000 ) ) ;
#850 = CARTESIAN_POINT ( 'NONE',  ( -19.06420276345412645, 2.868138588422938895, 29.35919704513494821 ) ) ;
#851 = FACE_OUTER_BOUND ( 'NONE', #7684, .T. ) ;
#852 = EDGE_CURVE ( 'NONE', #1459, #5443, #3343, .T. ) ;
#853 = CARTESIAN_POINT ( 'NONE',  ( 6.964237939655675724, -17.99815133007919243, 29.31261933797552999 ) ) ;
#854 = ORIENTED_EDGE ( 'NONE', *, *, #5501, .T. ) ;
#855 = EDGE_CURVE ( 'NONE', #1913, #9145, #724, .T. ) ;
#856 = CARTESIAN_POINT ( 'NONE',  ( -11.99147851343124138, 38.06410000294339824, 0.000000000000000000 ) ) ;
#857 = DIRECTION ( 'NONE',  ( 1.101697372407250679E-15, -1.000000000000000000, -0.000000000000000000 ) ) ;
#858 = CARTESIAN_POINT ( 'NONE',  ( -19.34511245535723489, 2.977543815306682440, 29.39427216176077451 ) ) ;
#859 = CARTESIAN_POINT ( 'NONE',  ( 19.30458438332209070, 3.112367808864128893, 28.66478519012850867 ) ) ;
#860 = CARTESIAN_POINT ( 'NONE',  ( 12.41215701244492919, 15.07034885482861419, 29.15680525261953093 ) ) ;
#861 = B_SPLINE_CURVE_WITH_KNOTS ( 'NONE', 3,
 ( #901, #8295, #2728, #6000, #6746, #9898 ),
 .UNSPECIFIED., .F., .F.,
 ( 4, 2, 4 ),
 ( -4.472146664844787253E-06, 0.0003123412476762684885, 0.0006291546420173817905 ),
 .UNSPECIFIED. ) ;
#862 = AXIS2_PLACEMENT_3D ( 'NONE', #533, #3813, #2997 ) ;
#863 = VERTEX_POINT ( 'NONE', #4859 ) ;
#864 = DIRECTION ( 'NONE',  ( -0.000000000000000000, 0.000000000000000000, 1.000000000000000000 ) ) ;
#865 = VERTEX_POINT ( 'NONE', #9727 ) ;
#866 = ORIENTED_EDGE ( 'NONE', *, *, #6880, .T. ) ;
#867 = CARTESIAN_POINT ( 'NONE',  ( 7.329375709731972499, -18.04040790171481135, 28.30000000000000071 ) ) ;
#868 = CARTESIAN_POINT ( 'NONE',  ( -20.97923206737139523, 3.607736609307733655, 28.49953455754358345 ) ) ;
#869 = TOROIDAL_SURFACE ( 'NONE', #2926, 11.99999999999999822, 0.5000000000000000000 ) ;
#870 = LINE ( 'NONE', #1620, #7738 ) ;
#871 = ORIENTED_EDGE ( 'NONE', *, *, #287, .T. ) ;
#872 = CARTESIAN_POINT ( 'NONE',  ( 12.06913485476361281, 15.38143764352534859, 28.49628953726925218 ) ) ;
#873 = CARTESIAN_POINT ( 'NONE',  ( -12.33543750004898243, 15.15376500708044638, 29.39571968233660471 ) ) ;
#874 = DIRECTION ( 'NONE',  ( -0.8660254037844382635, -0.5000000000000008882, 0.000000000000000000 ) ) ;
#875 = EDGE_LOOP ( 'NONE', ( #5862, #2172 ) ) ;
#876 = CARTESIAN_POINT ( 'NONE',  ( -12.30743769441815161, 15.02748721825513023, 28.66393250065560139 ) ) ;
#877 = CARTESIAN_POINT ( 'NONE',  ( -7.009347364720215801, -18.28550575926426447, 28.57740905904212170 ) ) ;
#878 = EDGE_LOOP ( 'NONE', ( #4142, #1205, #6248, #2528 ) ) ;
#879 = ORIENTED_EDGE ( 'NONE', *, *, #7371, .T. ) ;
#880 = CYLINDRICAL_SURFACE ( 'NONE', #5084, 0.4999999999999993894 ) ;
#881 = LINE ( 'NONE', #1907, #2318 ) ;
#882 = CARTESIAN_POINT ( 'NONE',  ( 13.46860244792058836, 16.64604799605134033, 1.700000000000000178 ) ) ;
#883 = CARTESIAN_POINT ( 'NONE',  ( 19.20093732634024164, 3.192789188404621559, 28.89426630723160727 ) ) ;
#884 = EDGE_CURVE ( 'NONE', #7393, #3618, #5056, .T. ) ;
#885 = CARTESIAN_POINT ( 'NONE',  ( 18.30503467093292613, 3.269101658430714874, 28.30000000000000426 ) ) ;
#886 = CARTESIAN_POINT ( 'NONE',  ( 20.96860244792060257, 3.655666939284765160, 1.700000000000001510 ) ) ;
#887 = CARTESIAN_POINT ( 'NONE',  ( -12.43190636965202067, 14.98667602357925510, 29.04568301858808965 ) ) ;
#888 = CIRCLE ( 'NONE', #9277, 11.49999999999999645 ) ;
#889 = CARTESIAN_POINT ( 'NONE',  ( -6.769647152407842761, -18.23172234887782395, 28.94830810438561386 ) ) ;
#890 = CARTESIAN_POINT ( 'NONE',  ( -12.20330291683037593, 15.07288598954719916, 29.39265277535492160 ) ) ;
#891 = CIRCLE ( 'NONE', #6890, 0.1999999999999987899 ) ;
#892 = CIRCLE ( 'NONE', #1928, 0.1999999999999992617 ) ;
#893 = ORIENTED_EDGE ( 'NONE', *, *, #10056, .T. ) ;
#894 = CARTESIAN_POINT ( 'NONE',  ( -28.78088866670498547, -25.07348198914027648, 7.058359047896092697 ) ) ;
#896 = ADVANCED_FACE ( 'NONE', ( #10536 ), #7266, .F. ) ;
#895 = CARTESIAN_POINT ( 'NONE',  ( -12.10450162296360865, 15.12182643058573461, 28.45309165528605888 ) ) ;
#897 = CARTESIAN_POINT ( 'NONE',  ( -19.31238457462556823, 2.918733879331066650, 28.56595499465892729 ) ) ;
#898 = CARTESIAN_POINT ( 'NONE',  ( 19.15357726665192573, 2.960182998822771694, 29.38599438256254004 ) ) ;
#899 = CARTESIAN_POINT ( 'NONE',  ( 19.42370006628068069, 2.759466288327995453, 28.49996611647302558 ) ) ;
#900 = TOROIDAL_SURFACE ( 'NONE', #8084, 19.99999999999999645, 10.00000000000000000 ) ;
#901 = CARTESIAN_POINT ( 'NONE',  ( 18.08262669439585579, -0.3456764261984865416, 31.79166666666666785 ) ) ;
#902 = DIRECTION ( 'NONE',  ( -5.633679745264399073E-15, 3.252606517456514485E-15, 1.000000000000000000 ) ) ;
#903 = CARTESIAN_POINT ( 'NONE',  ( -6.804356120125095053, -17.94268924882851124, 29.26408262254900450 ) ) ;
#904 = DIRECTION ( 'NONE',  ( -0.8660254037844382635, -0.5000000000000008882, 0.000000000000000000 ) ) ;
#905 = CARTESIAN_POINT ( 'NONE',  ( 12.07598911176079248, 15.21272216989742532, 28.45793782530210692 ) ) ;
#906 = AXIS2_PLACEMENT_3D ( 'NONE', #8104, #9867, #2484 ) ;
#907 = EDGE_CURVE ( 'NONE', #7785, #1725, #4186, .T. ) ;
#908 = CARTESIAN_POINT ( 'NONE',  ( 27.32902956042067188, -10.04040790171517195, 17.00000000000000000 ) ) ;
#909 = ORIENTED_EDGE ( 'NONE', *, *, #5253, .F. ) ;
#910 = CIRCLE ( 'NONE', #5540, 0.1999999999999996503 ) ;
#911 = ADVANCED_FACE ( 'NONE', ( #831 ), #671, .F. ) ;
#912 = CARTESIAN_POINT ( 'NONE',  ( -7.470624290268006007, -20.04040790171496411, 1.700000000000000178 ) ) ;
#913 = DIRECTION ( 'NONE',  ( 1.101697372407250679E-15, -1.000000000000000000, -0.000000000000000000 ) ) ;
#914 = EDGE_CURVE ( 'NONE', #8047, #5743, #1443, .T. ) ;
#915 = DIRECTION ( 'NONE',  ( -1.026956297778269800E-14, 1.000000000000000000, 0.000000000000000000 ) ) ;
#916 = CARTESIAN_POINT ( 'NONE',  ( 19.24674355739489329, 3.106318601807764868, 28.68250758446062321 ) ) ;
#917 = CARTESIAN_POINT ( 'NONE',  ( 12.19811570899598685, 14.84431780093966147, 29.09898118753311635 ) ) ;
#918 = ORIENTED_EDGE ( 'NONE', *, *, #1681, .T. ) ;
#919 = CARTESIAN_POINT ( 'NONE',  ( -17.31198659095686665, -15.04040790171521103, 32.00000000000000000 ) ) ;
#920 = ORIENTED_EDGE ( 'NONE', *, *, #10019, .F. ) ;
#921 = VERTEX_POINT ( 'NONE', #6517 ) ;
#922 = DIRECTION ( 'NONE',  ( 1.000000000000000000, 1.734723475976810250E-14, 0.000000000000000000 ) ) ;
#923 = CARTESIAN_POINT ( 'NONE',  ( 25.98076211353316722, -14.99999999999999467, 0.1999999999999996503 ) ) ;
#924 = DIRECTION ( 'NONE',  ( 0.8660254037844389297, -0.4999999999999996114, 0.000000000000000000 ) ) ;
#925 = B_SPLINE_CURVE_WITH_KNOTS ( 'NONE', 3,
 ( #3602, #3544, #6870, #8523, #2747, #7507, #168, #6923 ),
 .UNSPECIFIED., .F., .F.,
 ( 4, 2, 2, 4 ),
 ( 0.000000000000000000, 0.0002358005330732134590, 0.0004716010661464269181, 0.0009432021322928441868 ),
 .UNSPECIFIED. ) ;
#926 = ORIENTED_EDGE ( 'NONE', *, *, #1900, .T. ) ;
#927 = CARTESIAN_POINT ( 'NONE',  ( 35.24089748527684662, -7.938938792876878203, 7.193083217200673118 ) ) ;
#928 = CARTESIAN_POINT ( 'NONE',  ( -19.02897340770450185, 3.030517380912508774, 28.39316016287148869 ) ) ;
#929 = ORIENTED_EDGE ( 'NONE', *, *, #3216, .F. ) ;
#930 = CARTESIAN_POINT ( 'NONE',  ( -12.32511626571401742, 15.09027789899367278, 28.64046918041910672 ) ) ;
#931 = CARTESIAN_POINT ( 'NONE',  ( -7.028326501303936880, -18.32767642020609955, 28.56684427480539057 ) ) ;
#932 = VERTEX_POINT ( 'NONE', #2499 ) ;
#933 = VERTEX_POINT ( 'NONE', #2448 ) ;
#934 = CARTESIAN_POINT ( 'NONE',  ( -19.18476177671917782, 3.063338660432994853, 28.69492189893880152 ) ) ;
#935 = CARTESIAN_POINT ( 'NONE',  ( 22.26119697378132400, 1.016827546908620539, 7.499999999999999112 ) ) ;
#936 = CARTESIAN_POINT ( 'NONE',  ( 9.275795893297436479, 33.90820197496642407, 0.000000000000000000 ) ) ;
#937 = CARTESIAN_POINT ( 'NONE',  ( 19.19233984129862591, 3.196678565178593168, 29.02086437869386870 ) ) ;
#938 = CARTESIAN_POINT ( 'NONE',  ( -7.274305630064774597, -18.25029741213866785, 28.49996611647303979 ) ) ;
#939 = DIRECTION ( 'NONE',  ( 0.000000000000000000, -0.000000000000000000, -1.000000000000000000 ) ) ;
#940 = EDGE_LOOP ( 'NONE', ( #5697, #9408, #2160, #1955 ) ) ;
#941 = CARTESIAN_POINT ( 'NONE',  ( -12.37820755620733237, 14.95059306020744572, 29.04635745566390526 ) ) ;
#942 = CARTESIAN_POINT ( 'NONE',  ( -6.777939462165261553, -18.25836185261609756, 29.02122770440100652 ) ) ;
#943 = CARTESIAN_POINT ( 'NONE',  ( -12.21208290843056865, 14.98689314939186268, 29.33198943315414198 ) ) ;
#944 = ADVANCED_FACE ( 'NONE', ( #10482 ), #9144, .T. ) ;
#945 = AXIS2_PLACEMENT_3D ( 'NONE', #2203, #1959, #9295 ) ;
#946 = CIRCLE ( 'NONE', #7450, 0.2000000000000005107 ) ;
#947 = B_SPLINE_CURVE_WITH_KNOTS ( 'NONE', 3,
 ( #9507, #7742, #4484, #3885 ),
 .UNSPECIFIED., .F., .F.,
 ( 4, 4 ),
 ( 0.000000000000000000, 0.0003526191071291378968 ),
 .UNSPECIFIED. ) ;
#948 = ORIENTED_EDGE ( 'NONE', *, *, #4182, .T. ) ;
#949 = CARTESIAN_POINT ( 'NONE',  ( -12.15284078447839278, 15.03172187386557823, 29.38462329228877223 ) ) ;
#950 = CARTESIAN_POINT ( 'NONE',  ( 35.88653380537866155, -7.015170464834575625, 7.071962365227624225 ) ) ;
#951 = CARTESIAN_POINT ( 'NONE',  ( -19.38670640169055304, 2.914826853835285725, 28.55209782434129551 ) ) ;
#952 = CARTESIAN_POINT ( 'NONE',  ( 18.86740369176552790, 3.022463605465206538, 29.23745301411677389 ) ) ;
#953 = CARTESIAN_POINT ( 'NONE',  ( -6.894082190321071835, -17.93781289490160091, 29.33147595704257071 ) ) ;
#954 = DIRECTION ( 'NONE',  ( -0.000000000000000000, -0.000000000000000000, -1.000000000000000000 ) ) ;
#955 = CARTESIAN_POINT ( 'NONE',  ( 11.95901206230266745, 14.80182516367507439, 29.25474978903300283 ) ) ;
#956 = CARTESIAN_POINT ( 'NONE',  ( -6.902138114135659919, -18.19035843523793616, 29.33720028208099961 ) ) ;
#957 = DIRECTION ( 'NONE',  ( 0.4999999999999976130, -0.8660254037844400399, 0.000000000000000000 ) ) ;
#958 = ORIENTED_EDGE ( 'NONE', *, *, #1374, .T. ) ;
#959 = CARTESIAN_POINT ( 'NONE',  ( -6.147121255070375767, -17.54040789727459781, 28.80984104381396804 ) ) ;
#960 = ADVANCED_FACE ( 'NONE', ( #1639 ), #3142, .T. ) ;
#961 = CARTESIAN_POINT ( 'NONE',  ( -9.102223503503200419, -19.84040790171520641, 7.499999999999999112 ) ) ;
#962 = VERTEX_POINT ( 'NONE', #9026 ) ;
#963 = CYLINDRICAL_SURFACE ( 'NONE', #8707, 0.1999999999999987899 ) ;
#964 = DIRECTION ( 'NONE',  ( 0.000000000000000000, 0.000000000000000000, 1.000000000000000000 ) ) ;
#965 = AXIS2_PLACEMENT_3D ( 'NONE', #3579, #1114, #7645 ) ;
#966 = CARTESIAN_POINT ( 'NONE',  ( 20.79539736716371578, 3.555666939284765071, 28.30000000000000071 ) ) ;
#967 = CARTESIAN_POINT ( 'NONE',  ( 19.27066064214798757, 3.104723080000897806, 28.67301824093011575 ) ) ;
#968 = DIRECTION ( 'NONE',  ( 0.000000000000000000, 0.000000000000000000, -1.000000000000000000 ) ) ;
#969 = DIRECTION ( 'NONE',  ( 1.000000000000000000, 0.000000000000000000, 0.000000000000000000 ) ) ;
#970 = VERTEX_POINT ( 'NONE', #4111 ) ;
#971 = CARTESIAN_POINT ( 'NONE',  ( -9.746095424604677149, 33.06410000294339824, 0.000000000000000000 ) ) ;
#972 = CIRCLE ( 'NONE', #3547, 1.299999999999998712 ) ;
#973 = ORIENTED_EDGE ( 'NONE', *, *, #1971, .T. ) ;
#974 = ORIENTED_EDGE ( 'NONE', *, *, #1487, .T. ) ;
#975 = CARTESIAN_POINT ( 'NONE',  ( 12.30735820543594095, 14.98024842907499732, 28.77817761727657953 ) ) ;
#976 = CARTESIAN_POINT ( 'NONE',  ( 13.49539736716370264, 16.19963783453756179, 28.30000000000000071 ) ) ;
#977 = DIRECTION ( 'NONE',  ( 0.5000000000000015543, -0.8660254037844377084, 0.000000000000000000 ) ) ;
#978 = ORIENTED_EDGE ( 'NONE', *, *, #8176, .T. ) ;
#979 = B_SPLINE_CURVE_WITH_KNOTS ( 'NONE', 3,
 ( #2251, #5526, #8783, #792, #1493, #4069 ),
 .UNSPECIFIED., .F., .F.,
 ( 4, 2, 4 ),
 ( 0.000000000000000000, 0.0003125181372540151927, 0.0006250362745080303853 ),
 .UNSPECIFIED. ) ;
#980 = CARTESIAN_POINT ( 'NONE',  ( 32.98627932147159214, -9.383211245396390510, 7.981394601566551117 ) ) ;
#981 = VECTOR ( 'NONE', #1385, 1000.000000000000000 ) ;
#982 = EDGE_CURVE ( 'NONE', #3595, #2221, #4529, .T. ) ;
#983 = DIRECTION ( 'NONE',  ( -6.859794606063990095E-16, 1.000000000000000000, 0.000000000000000000 ) ) ;
#984 = LINE ( 'NONE', #126, #2059 ) ;
#985 = ORIENTED_EDGE ( 'NONE', *, *, #3385, .F. ) ;
#986 = CARTESIAN_POINT ( 'NONE',  ( -12.31293192655309099, 15.05237089970652242, 28.65610955924388747 ) ) ;
#987 = CARTESIAN_POINT ( 'NONE',  ( -6.928359244611818291, -18.18289787984170758, 28.55519448036179142 ) ) ;
#988 = EDGE_CURVE ( 'NONE', #2748, #3025, #9317, .T. ) ;
#989 = ORIENTED_EDGE ( 'NONE', *, *, #5555, .T. ) ;
#990 = ORIENTED_EDGE ( 'NONE', *, *, #2153, .T. ) ;
#991 = AXIS2_PLACEMENT_3D ( 'NONE', #626, #3099, #10382 ) ;
#992 = SPHERICAL_SURFACE ( 'NONE', #8892, 0.2000000000000000111 ) ;
#993 = EDGE_CURVE ( 'NONE', #10054, #7520, #3154, .T. ) ;
#994 = LINE ( 'NONE', #4265, #8638 ) ;
#995 = DIRECTION ( 'NONE',  ( 0.5000000000000163203, 0.8660254037844293817, 0.000000000000000000 ) ) ;
#996 = CARTESIAN_POINT ( 'NONE',  ( 19.07703343298287990, 3.180582389001867405, 28.90779605067612223 ) ) ;
#997 = DIRECTION ( 'NONE',  ( 1.026956297778269800E-14, -1.000000000000000000, -0.000000000000000000 ) ) ;
#998 = CARTESIAN_POINT ( 'NONE',  ( -7.171575664871265410, -18.32767642020609955, 28.50185735642835638 ) ) ;
#999 = VERTEX_POINT ( 'NONE', #4807 ) ;
#1000 = CARTESIAN_POINT ( 'NONE',  ( -12.40022338661479573, 14.96712740577785006, 29.04597547197300145 ) ) ;
#1001 = ADVANCED_FACE ( 'NONE', ( #3353 ), #5826, .F. ) ;
#1002 = CARTESIAN_POINT ( 'NONE',  ( -6.778183949514842155, -18.25991259462543681, 29.02118938250593061 ) ) ;
#1003 = CARTESIAN_POINT ( 'NONE',  ( -12.38226284918964915, 15.01619228005619355, 29.24448553307180987 ) ) ;
#1004 = TOROIDAL_SURFACE ( 'NONE', #3397, 1.299999999999999378, 0.2000000000000000111 ) ;
#1005 = VERTEX_POINT ( 'NONE', #1055 ) ;
#1006 = DIRECTION ( 'NONE',  ( 1.026956297778269800E-14, -1.000000000000000000, -0.000000000000000000 ) ) ;
#1007 = DIRECTION ( 'NONE',  ( -1.000000000000000000, 0.000000000000000000, 0.000000000000000000 ) ) ;
#1008 = CARTESIAN_POINT ( 'NONE',  ( -19.35806031539614125, 2.859870612572184001, 28.53326147057245521 ) ) ;
#1009 = DIRECTION ( 'NONE',  ( 0.000000000000000000, 1.000000000000000000, 0.000000000000000000 ) ) ;
#1010 = CARTESIAN_POINT ( 'NONE',  ( 19.03270255886741680, 3.090226250688869136, 29.21719270237715094 ) ) ;
#1011 = DIRECTION ( 'NONE',  ( 0.000000000000000000, 0.000000000000000000, -1.000000000000000000 ) ) ;
#1012 = CIRCLE ( 'NONE', #9390, 1.300000000000000266 ) ;
#1013 = LINE ( 'NONE', #1171, #9163 ) ;
#1014 = CARTESIAN_POINT ( 'NONE',  ( -6.897581375953378391, -18.15055795664953919, 29.33378156876168319 ) ) ;
#1015 = FACE_OUTER_BOUND ( 'NONE', #5272, .T. ) ;
#1016 = AXIS2_PLACEMENT_3D ( 'NONE', #9064, #4994, #6498 ) ;
#1017 = VERTEX_POINT ( 'NONE', #5179 ) ;
#1018 = AXIS2_PLACEMENT_3D ( 'NONE', #3511, #6893, #2867 ) ;
#1019 = CYLINDRICAL_SURFACE ( 'NONE', #4663, 1.099999999999996092 ) ;
#1020 = EDGE_LOOP ( 'NONE', ( #4800, #5760, #3007, #10528 ) ) ;
#1021 = DIRECTION ( 'NONE',  ( 0.8660254037844382635, 0.5000000000000008882, -0.000000000000000000 ) ) ;
#1022 = CARTESIAN_POINT ( 'NONE',  ( 7.329375709731975164, -18.17519624387358590, 28.48906993330934512 ) ) ;
#1023 = AXIS2_PLACEMENT_3D ( 'NONE', #5626, #8188, #10549 ) ;
#1024 = DIRECTION ( 'NONE',  ( 0.000000000000000000, 0.000000000000000000, -1.000000000000000000 ) ) ;
#1025 = CARTESIAN_POINT ( 'NONE',  ( 19.29838606344661756, 3.008916638978839320, 28.58333328749633395 ) ) ;
#1026 = CARTESIAN_POINT ( 'NONE',  ( -12.30892172130508300, 17.92519748906897092, 31.90172116060437091 ) ) ;
#1027 = EDGE_CURVE ( 'NONE', #4728, #2420, #5989, .T. ) ;
#1028 = CARTESIAN_POINT ( 'NONE',  ( 20.89539736716372076, 3.382461858527878729, 28.30000000000000071 ) ) ;
#1029 = AXIS2_PLACEMENT_3D ( 'NONE', #4424, #1048, #9993 ) ;
#1030 = EDGE_LOOP ( 'NONE', ( #6881, #1724, #4801, #9801 ) ) ;
#1031 = CARTESIAN_POINT ( 'NONE',  ( 7.113625252606444072, -18.26133117553401064, 28.56533646466248655 ) ) ;
#1032 = EDGE_LOOP ( 'NONE', ( #3833, #8375, #276, #7678 ) ) ;
#1033 = DIRECTION ( 'NONE',  ( 0.000000000000000000, 0.000000000000000000, -1.000000000000000000 ) ) ;
#1034 = CARTESIAN_POINT ( 'NONE',  ( 12.18440205453825520, 18.87034832448948052, 28.20000000000000284 ) ) ;
#1035 = EDGE_CURVE ( 'NONE', #1903, #7393, #3674, .T. ) ;
#1036 = CARTESIAN_POINT ( 'NONE',  ( 19.14661921708602677, 3.139281365329663398, 28.69479352100505665 ) ) ;
#1037 = VECTOR ( 'NONE', #3655, 1000.000000000000000 ) ;
#1038 = ORIENTED_EDGE ( 'NONE', *, *, #7150, .T. ) ;
#1039 = FACE_BOUND ( 'NONE', #4248, .T. ) ;
#1040 = CARTESIAN_POINT ( 'NONE',  ( 18.10427503561601625, -1.383172453091390475, 7.499999999999999112 ) ) ;
#1041 = ORIENTED_EDGE ( 'NONE', *, *, #2696, .T. ) ;
#1042 = CARTESIAN_POINT ( 'NONE',  ( -12.28367718354996185, 15.16087256975907316, 28.57705699479568651 ) ) ;
#1043 = CARTESIAN_POINT ( 'NONE',  ( -7.023387331610072337, -18.23605250785076848, 28.55874191339335866 ) ) ;
#1044 = ORIENTED_EDGE ( 'NONE', *, *, #1552, .F. ) ;
#1045 = AXIS2_PLACEMENT_3D ( 'NONE', #3850, #2240, #4705 ) ;
#1046 = ORIENTED_EDGE ( 'NONE', *, *, #5504, .T. ) ;
#1047 = EDGE_CURVE ( 'NONE', #4272, #5993, #1105, .T. ) ;
#1048 = DIRECTION ( 'NONE',  ( -1.101697372407250679E-15, 1.000000000000000000, 0.000000000000000000 ) ) ;
#1049 = EDGE_CURVE ( 'NONE', #7046, #5201, #7433, .T. ) ;
#1050 = DIRECTION ( 'NONE',  ( 0.000000000000000000, 0.8379809868053443855, -0.5456994280304324763 ) ) ;
#1051 = CARTESIAN_POINT ( 'NONE',  ( 10.29777649649660987, -15.24040790171518545, 28.20000000000000284 ) ) ;
#1052 = CARTESIAN_POINT ( 'NONE',  ( 19.15174624277566906, 3.185183090968352726, 28.94830810438563162 ) ) ;
#1053 = EDGE_CURVE ( 'NONE', #5928, #4272, #8444, .T. ) ;
#1054 = CARTESIAN_POINT ( 'NONE',  ( -7.274305630064770156, -18.24328983660629078, 28.49996611647302558 ) ) ;
#1055 = CARTESIAN_POINT ( 'NONE',  ( 13.46860244792058836, 16.64604799605134033, 28.30000000000000071 ) ) ;
#1056 = ORIENTED_EDGE ( 'NONE', *, *, #1810, .T. ) ;
#1057 = CARTESIAN_POINT ( 'NONE',  ( -12.43273688113548836, 14.98523753549360826, 29.01997792675009435 ) ) ;
#1058 = CARTESIAN_POINT ( 'NONE',  ( -6.778904788053951691, -18.26899210163464105, 28.94531325076174255 ) ) ;
#1059 = ORIENTED_EDGE ( 'NONE', *, *, #6745, .F. ) ;
#1060 = CARTESIAN_POINT ( 'NONE',  ( -6.726224519921904843, -17.86607500088646105, 29.20668032927649804 ) ) ;
#1061 = DIRECTION ( 'NONE',  ( -1.000000000000000000, -6.938893903907222067E-15, 0.000000000000000000 ) ) ;
#1062 = CARTESIAN_POINT ( 'NONE',  ( -19.33396617060624223, 2.814697834076297145, 28.51541769777507795 ) ) ;
#1063 = DIRECTION ( 'NONE',  ( -1.000000000000000000, 0.000000000000000000, 0.000000000000000000 ) ) ;
#1064 = CARTESIAN_POINT ( 'NONE',  ( 19.15962873879978545, 3.124351462129949741, 29.23851741520259040 ) ) ;
#1065 = DIRECTION ( 'NONE',  ( -0.000000000000000000, -0.000000000000000000, -1.000000000000000000 ) ) ;
#1066 = CARTESIAN_POINT ( 'NONE',  ( 18.63240732925244814, 3.007788564119759034, 29.16058789364486614 ) ) ;
#1067 = B_SPLINE_CURVE_WITH_KNOTS ( 'NONE', 3,
 ( #3425, #7333, #4924, #1819, #3368, #6635 ),
 .UNSPECIFIED., .F., .F.,
 ( 4, 2, 4 ),
 ( 0.0004264199171732575193, 0.0009190818439052595617, 0.001411743770637261496 ),
 .UNSPECIFIED. ) ;
#1068 = CIRCLE ( 'NONE', #9624, 11.99999999999999822 ) ;
#1069 = CARTESIAN_POINT ( 'NONE',  ( -6.901951800983417762, -18.18767095935043798, 29.33706150091945375 ) ) ;
#1070 = CARTESIAN_POINT ( 'NONE',  ( -12.10450162296360865, 15.12182643058573461, 28.45309165528605888 ) ) ;
#1071 = CARTESIAN_POINT ( 'NONE',  ( -17.95188957942405494, -0.9709161997098797459, 32.00000000000000000 ) ) ;
#1072 = CARTESIAN_POINT ( 'NONE',  ( -24.46944017860628406, -20.07715662499166953, 10.57796284189611669 ) ) ;
#1073 = ORIENTED_EDGE ( 'NONE', *, *, #10454, .T. ) ;
#1074 = DIRECTION ( 'NONE',  ( -0.5000000000000004441, 0.8660254037844384856, 0.000000000000000000 ) ) ;
#1075 = CARTESIAN_POINT ( 'NONE',  ( -10.20222350350320006, -20.04040790171520570, 7.499999999999999112 ) ) ;
#1076 = CARTESIAN_POINT ( 'NONE',  ( -9.919718042574686478, -15.04040790171519859, 32.00000000000000000 ) ) ;
#1077 = CARTESIAN_POINT ( 'NONE',  ( 19.31420765590270250, 2.956019894281610494, 28.55383251696199665 ) ) ;
#1078 = CARTESIAN_POINT ( 'NONE',  ( 20.99539736716371863, 3.209256777770990610, 28.50000000000000000 ) ) ;
#1079 = CARTESIAN_POINT ( 'NONE',  ( -17.31198659095686665, -15.04040790171521103, 32.00000000000000000 ) ) ;
#1080 = ORIENTED_EDGE ( 'NONE', *, *, #10488, .F. ) ;
#1081 = CARTESIAN_POINT ( 'NONE',  ( 7.229481738839076854, -18.12444627390226159, 28.46321571553535179 ) ) ;
#1082 = CIRCLE ( 'NONE', #6054, 0.2000000000000005107 ) ;
#1083 = ADVANCED_FACE ( 'NONE', ( #1857 ), #1293, .T. ) ;
#1084 = B_SPLINE_CURVE_WITH_KNOTS ( 'NONE', 3,
 ( #138, #5126, #1801, #3626 ),
 .UNSPECIFIED., .F., .F.,
 ( 4, 4 ),
 ( 0.000000000000000000, 1.000000000000000000 ),
 .UNSPECIFIED. ) ;
#1085 = EDGE_LOOP ( 'NONE', ( #5303, #1578, #4690, #645 ) ) ;
#1086 = AXIS2_PLACEMENT_3D ( 'NONE', #4860, #3898, #10537 ) ;
#1087 = DIRECTION ( 'NONE',  ( -0.000000000000000000, -0.000000000000000000, -1.000000000000000000 ) ) ;
#1088 = CARTESIAN_POINT ( 'NONE',  ( 19.33655164035172547, 2.482461858527876153, 28.30000000000000071 ) ) ;
#1089 = FACE_OUTER_BOUND ( 'NONE', #4678, .T. ) ;
#1090 = ORIENTED_EDGE ( 'NONE', *, *, #4345, .F. ) ;
#1091 = DIRECTION ( 'NONE',  ( -1.000000000000000000, -1.101697372407250679E-15, 0.000000000000000000 ) ) ;
#1092 = VECTOR ( 'NONE', #741, 1000.000000000000000 ) ;
#1093 = CARTESIAN_POINT ( 'NONE',  ( -28.81360094162512553, -36.31528168298734016, 7.000000000000000000 ) ) ;
#1094 = ORIENTED_EDGE ( 'NONE', *, *, #7790, .T. ) ;
#1095 = CARTESIAN_POINT ( 'NONE',  ( -12.27860092265506786, 15.14559562564963002, 28.58182780099021869 ) ) ;
#1096 = CARTESIAN_POINT ( 'NONE',  ( -7.059519004919953211, -18.27205379032211141, 28.55148769499976780 ) ) ;
#1097 = ORIENTED_EDGE ( 'NONE', *, *, #4627, .F. ) ;
#1098 = ADVANCED_FACE ( 'NONE', ( #6844 ), #7538, .F. ) ;
#1099 = ORIENTED_EDGE ( 'NONE', *, *, #712, .T. ) ;
#1100 = CARTESIAN_POINT ( 'NONE',  ( -56.67105222701395206, -43.28455718469607660, 7.499999999999999112 ) ) ;
#1101 = CARTESIAN_POINT ( 'NONE',  ( -7.470624290268006007, -20.04040790171496411, 28.50000000000000000 ) ) ;
#1102 = CARTESIAN_POINT ( 'NONE',  ( -6.539808321074500164, -18.04435188008030266, 28.34816684064372794 ) ) ;
#1103 = CARTESIAN_POINT ( 'NONE',  ( 19.13788251115377648, 3.179836955156573719, 28.90220800621593611 ) ) ;
#1104 = FACE_OUTER_BOUND ( 'NONE', #3886, .T. ) ;
#1105 = LINE ( 'NONE', #1963, #5040 ) ;
#1106 = VERTEX_POINT ( 'NONE', #7587 ) ;
#1107 = CARTESIAN_POINT ( 'NONE',  ( -12.35653463617210868, 14.92531555276441679, 28.94830810438553570 ) ) ;
#1108 = B_SPLINE_CURVE_WITH_KNOTS ( 'NONE', 3,
 ( #1581, #8113, #3294, #2443, #771, #6564 ),
 .UNSPECIFIED., .F., .F.,
 ( 4, 2, 4 ),
 ( 0.000000000000000000, 0.0004950750420270764660, 0.0009901500840541529319 ),
 .UNSPECIFIED. ) ;
#1109 = CARTESIAN_POINT ( 'NONE',  ( -6.791457026819291087, -18.30016068264623996, 28.89237478871428877 ) ) ;
#1110 = ORIENTED_EDGE ( 'NONE', *, *, #8580, .F. ) ;
#1111 = EDGE_CURVE ( 'NONE', #5775, #4252, #2261, .T. ) ;
#1112 = CARTESIAN_POINT ( 'NONE',  ( 9.794570841305715092, -15.12932599668799760, 32.00000000000000000 ) ) ;
#1113 = ORIENTED_EDGE ( 'NONE', *, *, #4511, .T. ) ;
#1114 = DIRECTION ( 'NONE',  ( -1.101697372407250679E-15, 1.000000000000000000, 0.000000000000000000 ) ) ;
#1115 = CARTESIAN_POINT ( 'NONE',  ( -19.29347379682682018, 2.825144989307084131, 28.50922623772577325 ) ) ;
#1116 = CARTESIAN_POINT ( 'NONE',  ( 13.70037201445005515, 15.82051957756788063, 28.83624295949016414 ) ) ;
#1117 = CARTESIAN_POINT ( 'NONE',  ( 19.11366159504954609, 3.108699890778351627, 29.23252710712282365 ) ) ;
#1118 = SHAPE_DEFINITION_REPRESENTATION ( #3606, #4823 ) ;
#1119 = CARTESIAN_POINT ( 'NONE',  ( -12.10450162296360865, 15.12182643058573461, 28.45309165528605888 ) ) ;
#1120 = CARTESIAN_POINT ( 'NONE',  ( 20.40651709992560825, 3.763787769741556932, 29.32086353998579753 ) ) ;
#1121 = AXIS2_PLACEMENT_3D ( 'NONE', #935, #9880, #3399 ) ;
#1122 = EDGE_CURVE ( 'NONE', #9178, #1318, #192, .T. ) ;
#1123 = CARTESIAN_POINT ( 'NONE',  ( -6.894373884521256102, -18.13330061039969010, 29.33136663874368821 ) ) ;
#1124 = CARTESIAN_POINT ( 'NONE',  ( -11.97406470607840845, 14.70426426802675479, 29.23849492710514042 ) ) ;
#1125 = ORIENTED_EDGE ( 'NONE', *, *, #6318, .T. ) ;
#1126 = FACE_OUTER_BOUND ( 'NONE', #7524, .T. ) ;
#1127 = EDGE_CURVE ( 'NONE', #7193, #2154, #1924, .T. ) ;
#1128 = EDGE_LOOP ( 'NONE', ( #1332, #6059, #1125, #5486 ) ) ;
#1129 = VECTOR ( 'NONE', #5959, 1000.000000000000000 ) ;
#1130 = CARTESIAN_POINT ( 'NONE',  ( 8.562726881338262430, 15.84317429198817528, 31.90173821473731763 ) ) ;
#1131 = DIRECTION ( 'NONE',  ( -0.4999999999999966693, 0.8660254037844405950, 1.084202172485503842E-15 ) ) ;
#1132 = CARTESIAN_POINT ( 'NONE',  ( -11.48340901608233011, 19.65498459382414609, 7.499999999999999112 ) ) ;
#1133 = EDGE_CURVE ( 'NONE', #4115, #7046, #8282, .T. ) ;
#1134 = CARTESIAN_POINT ( 'NONE',  ( 19.30472702602104107, 2.958308067292600541, 28.55555175221967446 ) ) ;
#1135 = CARTESIAN_POINT ( 'NONE',  ( -28.10627398945131361, -27.54040790171516306, 0.000000000000000000 ) ) ;
#1136 = DIRECTION ( 'NONE',  ( -0.8660254037844293817, 0.5000000000000160982, 0.000000000000000000 ) ) ;
#1137 = CARTESIAN_POINT ( 'NONE',  ( 7.256274981003404179, -18.14379272263021647, 28.47468786311813815 ) ) ;
#1138 = VERTEX_POINT ( 'NONE', #1912 ) ;
#1139 = CARTESIAN_POINT ( 'NONE',  ( 56.35044301230885111, -43.86938792296342626, 31.50000000000000000 ) ) ;
#1140 = CARTESIAN_POINT ( 'NONE',  ( 16.87638935264600093, 9.743587935699133951, 38.50000000000000000 ) ) ;
#1141 = ORIENTED_EDGE ( 'NONE', *, *, #4792, .T. ) ;
#1142 = CARTESIAN_POINT ( 'NONE',  ( -17.74969215867379901, -0.3985361837567230614, 28.20000000000000284 ) ) ;
#1143 = AXIS2_PLACEMENT_3D ( 'NONE', #2771, #9300, #1962 ) ;
#1144 = ORIENTED_EDGE ( 'NONE', *, *, #7135, .F. ) ;
#1145 = CARTESIAN_POINT ( 'NONE',  ( -12.23304763286364860, 15.08421810559325849, 28.56253294807865473 ) ) ;
#1146 = ORIENTED_EDGE ( 'NONE', *, *, #3355, .F. ) ;
#1147 = ORIENTED_EDGE ( 'NONE', *, *, #3085, .T. ) ;
#1148 = ORIENTED_EDGE ( 'NONE', *, *, #3683, .F. ) ;
#1149 = CARTESIAN_POINT ( 'NONE',  ( -7.270624290268025369, -18.24040790171495630, 1.700000000000001510 ) ) ;
#1150 = AXIS2_PLACEMENT_3D ( 'NONE', #9911, #5636, #10555 ) ;
#1151 = DIRECTION ( 'NONE',  ( 0.4999999999999986677, 0.8660254037844393737, 0.000000000000000000 ) ) ;
#1152 = DIRECTION ( 'NONE',  ( -1.101697372407250679E-15, 1.000000000000000000, 0.000000000000000000 ) ) ;
#1153 = CARTESIAN_POINT ( 'NONE',  ( 19.10841612019700264, 3.168270525045499220, 28.77696464990358649 ) ) ;
#1154 = DIRECTION ( 'NONE',  ( -1.101697372407250679E-15, 1.000000000000000000, 0.000000000000000000 ) ) ;
#1155 = EDGE_CURVE ( 'NONE', #116, #7619, #4659, .T. ) ;
#1156 = DIRECTION ( 'NONE',  ( 0.5000000000000004441, 0.8660254037844383745, 0.000000000000000000 ) ) ;
#1157 = ORIENTED_EDGE ( 'NONE', *, *, #907, .F. ) ;
#1158 = CARTESIAN_POINT ( 'NONE',  ( -12.31519390649756751, 14.86291271247933388, 28.90779605067621816 ) ) ;
#1159 = CARTESIAN_POINT ( 'NONE',  ( -6.824932307547620702, -18.31639270815035658, 28.79409828997233589 ) ) ;
#1160 = CIRCLE ( 'NONE', #6631, 2.500000000000002220 ) ;
#1161 = ORIENTED_EDGE ( 'NONE', *, *, #703, .F. ) ;
#1162 = CARTESIAN_POINT ( 'NONE',  ( 19.20443769954750479, 2.979352443181148224, 29.39279517359632621 ) ) ;
#1163 = EDGE_LOOP ( 'NONE', ( #4417, #3666, #6593, #285 ) ) ;
#1164 = CARTESIAN_POINT ( 'NONE',  ( 35.88653380537866155, -7.015170464834574737, 0.000000000000000000 ) ) ;
#1165 = CARTESIAN_POINT ( 'NONE',  ( -19.23042832128751911, 3.063692181112131152, 28.72191274990931475 ) ) ;
#1166 = CARTESIAN_POINT ( 'NONE',  ( 13.36441980067393587, 15.82649763434961265, 29.39427216176076740 ) ) ;
#1167 = CARTESIAN_POINT ( 'NONE',  ( 19.20162069609662225, 2.978125839908342343, 29.39252822737532256 ) ) ;
#1168 = CARTESIAN_POINT ( 'NONE',  ( -6.837913819288760742, -17.85887418997494436, 29.28921805549963508 ) ) ;
#1169 = LINE ( 'NONE', #415, #5006 ) ;
#1170 = AXIS2_PLACEMENT_3D ( 'NONE', #843, #8883, #6423 ) ;
#1171 = CARTESIAN_POINT ( 'NONE',  ( 11.90975672110860195, 15.39963783453756285, 0.000000000000000000 ) ) ;
#1172 = CARTESIAN_POINT ( 'NONE',  ( -6.819654469827338694, -18.17318555898905785, 29.23428668920950813 ) ) ;
#1173 = CARTESIAN_POINT ( 'NONE',  ( -12.26021598585493244, 14.77094852414912829, 29.01996368272316218 ) ) ;
#1174 = VERTEX_POINT ( 'NONE', #6732 ) ;
#1175 = CARTESIAN_POINT ( 'NONE',  ( 20.58066253645728594, 3.927598576223054749, 28.75620681517427712 ) ) ;
#1176 = CIRCLE ( 'NONE', #7158, 0.1999999999999997335 ) ;
#1177 = VERTEX_POINT ( 'NONE', #245 ) ;
#1179 = EDGE_CURVE ( 'NONE', #3615, #7197, #1084, .T. ) ;
#1178 = CARTESIAN_POINT ( 'NONE',  ( 8.504275035615991740, 15.24451529956982299, 7.500000000000001776 ) ) ;
#1180 = DIRECTION ( 'NONE',  ( -1.000000000000000000, 0.000000000000000000, 0.000000000000000000 ) ) ;
#1181 = AXIS2_PLACEMENT_3D ( 'NONE', #7410, #6599, #10515 ) ;
#1182 = DIRECTION ( 'NONE',  ( -1.000000000000000000, 0.000000000000000000, 0.000000000000000000 ) ) ;
#1183 = CARTESIAN_POINT ( 'NONE',  ( 19.33769908304587659, 2.954723615243732393, 28.55017081357745568 ) ) ;
#1184 = FACE_OUTER_BOUND ( 'NONE', #10303, .T. ) ;
#1185 = AXIS2_PLACEMENT_3D ( 'NONE', #9978, #6928, #10189 ) ;
#1186 = EDGE_CURVE ( 'NONE', #5201, #9807, #9350, .T. ) ;
#1187 = AXIS2_PLACEMENT_3D ( 'NONE', #2965, #7138, #8798 ) ;
#1188 = CARTESIAN_POINT ( 'NONE',  ( 16.87638935264598672, 9.743587935699126845, 38.50000000000000000 ) ) ;
#1189 = CARTESIAN_POINT ( 'NONE',  ( 13.46860244792058836, 16.64604799605134033, 32.00000000000000000 ) ) ;
#1190 = CARTESIAN_POINT ( 'NONE',  ( 7.168341078798173172, -18.22895887696420658, 28.52942157583470362 ) ) ;
#1191 = AXIS2_PLACEMENT_3D ( 'NONE', #5418, #10343, #8680 ) ;
#1192 = EDGE_CURVE ( 'NONE', #6934, #4033, #4145, .T. ) ;
#1193 = AXIS2_PLACEMENT_3D ( 'NONE', #3320, #5791, #6383 ) ;
#1194 = AXIS2_PLACEMENT_3D ( 'NONE', #7354, #14, #922 ) ;
#1195 = ORIENTED_EDGE ( 'NONE', *, *, #7565, .F. ) ;
#1196 = CARTESIAN_POINT ( 'NONE',  ( 19.39096741559019677, 2.743336397154485518, 28.49903521740794687 ) ) ;
#1197 = DIRECTION ( 'NONE',  ( 0.8660254037844389297, -0.4999999999999996114, 0.000000000000000000 ) ) ;
#1198 = CARTESIAN_POINT ( 'NONE',  ( 12.14181584318503404, 15.44181400099721202, 28.49809166245624326 ) ) ;
#1199 = AXIS2_PLACEMENT_3D ( 'NONE', #1051, #1152, #7634 ) ;
#1200 = EDGE_LOOP ( 'NONE', ( #3679, #9396, #3339, #4770 ) ) ;
#1201 = DIRECTION ( 'NONE',  ( 1.000000000000000000, 0.000000000000000000, 0.000000000000000000 ) ) ;
#1202 = VERTEX_POINT ( 'NONE', #5880 ) ;
#1203 = CARTESIAN_POINT ( 'NONE',  ( -12.30148304432075079, 15.19222868482766309, 28.56684427480538702 ) ) ;
#1204 = EDGE_LOOP ( 'NONE', ( #3068, #2663, #7710, #2274 ) ) ;
#1205 = ORIENTED_EDGE ( 'NONE', *, *, #5589, .T. ) ;
#1206 = EDGE_LOOP ( 'NONE', ( #8005, #10283, #796, #7244 ) ) ;
#1207 = CIRCLE ( 'NONE', #2574, 0.3999999999999990785 ) ;
#1208 = LINE ( 'NONE', #347, #6157 ) ;
#1209 = CARTESIAN_POINT ( 'NONE',  ( 19.20994320837303704, 3.150001856411976942, 28.76301258469641553 ) ) ;
#1210 = DIRECTION ( 'NONE',  ( -0.000000000000000000, -0.000000000000000000, 1.000000000000000000 ) ) ;
#1211 = DIRECTION ( 'NONE',  ( -0.4999999999999966693, -0.8660254037844405950, 0.000000000000000000 ) ) ;
#1212 = ORIENTED_EDGE ( 'NONE', *, *, #1324, .F. ) ;
#1213 = CARTESIAN_POINT ( 'NONE',  ( -12.38496284936460512, 14.96166073809004082, 28.89461677255778937 ) ) ;
#1214 = CARTESIAN_POINT ( 'NONE',  ( -6.783784996207583795, -18.20472374100056001, 28.78364706566540931 ) ) ;
#1215 = EDGE_CURVE ( 'NONE', #6664, #3346, #6972, .T. ) ;
#1216 = ORIENTED_EDGE ( 'NONE', *, *, #7021, .F. ) ;
#1217 = CARTESIAN_POINT ( 'NONE',  ( -56.12105222701402596, -44.23718512885884024, 28.19999999999999929 ) ) ;
#1218 = ORIENTED_EDGE ( 'NONE', *, *, #4502, .F. ) ;
#1219 = EDGE_CURVE ( 'NONE', #185, #8341, #5519, .T. ) ;
#1220 = DIRECTION ( 'NONE',  ( -0.8660254037844382635, -0.5000000000000008882, 0.000000000000000000 ) ) ;
#1221 = CARTESIAN_POINT ( 'NONE',  ( -19.19377056331292764, 3.128464923013449805, 28.98905654548677902 ) ) ;
#1222 = CARTESIAN_POINT ( 'NONE',  ( -12.16211180938915426, 15.39579489723281824, 28.49996611647302203 ) ) ;
#1223 = CARTESIAN_POINT ( 'NONE',  ( 19.17870354487877194, 3.174322752698438332, 29.12082472423932344 ) ) ;
#1224 = CIRCLE ( 'NONE', #7881, 0.1999999999999997335 ) ;
#1225 = CARTESIAN_POINT ( 'NONE',  ( -6.823920678360617664, -19.76649208236500144, 29.23314670551836869 ) ) ;
#1226 = CARTESIAN_POINT ( 'NONE',  ( -22.31198659095688086, -10.04040790171521103, 32.00000000000000000 ) ) ;
#1227 = CARTESIAN_POINT ( 'NONE',  ( -6.792360346398372606, -18.08114907431282248, 29.21719270237690935 ) ) ;
#1228 = ORIENTED_EDGE ( 'NONE', *, *, #9402, .F. ) ;
#1229 = CARTESIAN_POINT ( 'NONE',  ( 12.41665512111348235, 14.46807421296751528, 28.30000000000000071 ) ) ;
#1230 = EDGE_CURVE ( 'NONE', #2957, #4397, #888, .T. ) ;
#1231 = ORIENTED_EDGE ( 'NONE', *, *, #7590, .F. ) ;
#1232 = CARTESIAN_POINT ( 'NONE',  ( -19.38084589364319044, 2.682862570910722777, 28.49439123618036973 ) ) ;
#1233 = FACE_OUTER_BOUND ( 'NONE', #2962, .T. ) ;
#1234 = CIRCLE ( 'NONE', #2085, 0.1999999999999987899 ) ;
#1235 = DIRECTION ( 'NONE',  ( 0.5000000000000007772, -0.8660254037844382635, 0.000000000000000000 ) ) ;
#1236 = CARTESIAN_POINT ( 'NONE',  ( 19.31773060839173084, 2.955397297201126872, 28.55334173799688458 ) ) ;
#1237 = CARTESIAN_POINT ( 'NONE',  ( -19.51356797664481135, 2.546341281275420254, 1.700000000000000178 ) ) ;
#1238 = LINE ( 'NONE', #1189, #1037 ) ;
#1239 = CARTESIAN_POINT ( 'NONE',  ( 7.254697346892028165, -18.11187910157575942, 28.45413554080369067 ) ) ;
#1240 = EDGE_CURVE ( 'NONE', #10472, #1413, #947, .T. ) ;
#1241 = CIRCLE ( 'NONE', #3977, 1.099999999999998757 ) ;
#1242 = TOROIDAL_SURFACE ( 'NONE', #4497, 1.300000000000000266, 0.2000000000000000111 ) ;
#1243 = EDGE_CURVE ( 'NONE', #3319, #8838, #4276, .T. ) ;
#1244 = ORIENTED_EDGE ( 'NONE', *, *, #555, .F. ) ;
#1245 = LINE ( 'NONE', #10294, #7000 ) ;
#1246 = CARTESIAN_POINT ( 'NONE',  ( 7.329375709731974275, -18.24040790171481063, 28.30000000000000071 ) ) ;
#1247 = CARTESIAN_POINT ( 'NONE',  ( 12.17098252339223485, 15.15545342291504838, 28.51847080685266533 ) ) ;
#1248 = EDGE_LOOP ( 'NONE', ( #313, #7941, #10330, #5005, #7734 ) ) ;
#1249 = DIRECTION ( 'NONE',  ( -1.101697372407250679E-15, 1.000000000000000000, 0.000000000000000000 ) ) ;
#1250 = AXIS2_PLACEMENT_3D ( 'NONE', #2087, #5524, #4559 ) ;
#1251 = ORIENTED_EDGE ( 'NONE', *, *, #1771, .T. ) ;
#1252 = CARTESIAN_POINT ( 'NONE',  ( -12.17366430570002755, 15.11232467301626770, 28.50498498197079300 ) ) ;
#1253 = EDGE_LOOP ( 'NONE', ( #8107, #3129, #8723, #1820, #1436, #3358, #7181, #4783, #9672, #8476, #3292, #4795, #10459, #9090 ) ) ;
#1254 = EDGE_CURVE ( 'NONE', #4886, #121, #2870, .T. ) ;
#1255 = VECTOR ( 'NONE', #7666, 1000.000000000000000 ) ;
#1256 = ORIENTED_EDGE ( 'NONE', *, *, #1971, .F. ) ;
#1257 = VERTEX_POINT ( 'NONE', #4532 ) ;
#1258 = CIRCLE ( 'NONE', #2804, 2.700000000002148681 ) ;
#1259 = DIRECTION ( 'NONE',  ( 0.4999999999999878431, -0.8660254037844457020, 0.000000000000000000 ) ) ;
#1260 = VECTOR ( 'NONE', #4501, 1000.000000000000114 ) ;
#1261 = CARTESIAN_POINT ( 'NONE',  ( 6.247470119625552876, -17.54040789711892145, 28.81281325806199334 ) ) ;
#1262 = CARTESIAN_POINT ( 'NONE',  ( 19.26248748371238406, 3.185281777829262584, 28.79409828997233944 ) ) ;
#1263 = CARTESIAN_POINT ( 'NONE',  ( 11.93655164035171445, 15.29963783453756321, 28.30000000000000071 ) ) ;
#1264 = DIRECTION ( 'NONE',  ( -0.8660254037844413721, 0.4999999999999952260, -0.000000000000000000 ) ) ;
#1265 = ORIENTED_EDGE ( 'NONE', *, *, #832, .F. ) ;
#1266 = CARTESIAN_POINT ( 'NONE',  ( -12.34903025015858091, 14.92182253708024930, 28.90128278589787669 ) ) ;
#1267 = CARTESIAN_POINT ( 'NONE',  ( -6.788040048267996340, -18.28010091494051181, 28.89408067286325021 ) ) ;
#1268 = VERTEX_POINT ( 'NONE', #3020 ) ;
#1269 = DIRECTION ( 'NONE',  ( 0.8660254037844381525, 0.5000000000000008882, -0.000000000000000000 ) ) ;
#1270 = FACE_BOUND ( 'NONE', #9132, .T. ) ;
#1271 = CARTESIAN_POINT ( 'NONE',  ( -19.09429909827720806, 3.080999365207950369, 29.11616452698141799 ) ) ;
#1272 = CARTESIAN_POINT ( 'NONE',  ( 10.29777649649680349, -20.04040790171518083, 7.500000000000001776 ) ) ;
#1273 = CARTESIAN_POINT ( 'NONE',  ( 19.17235676561375257, 3.171792448537558595, 29.12062072675450253 ) ) ;
#1274 = DIRECTION ( 'NONE',  ( -0.000000000000000000, -0.000000000000000000, -1.000000000000000000 ) ) ;
#1275 = EDGE_CURVE ( 'NONE', #7823, #2923, #7391, .T. ) ;
#1276 = CARTESIAN_POINT ( 'NONE',  ( 4.945668874375246382, 31.40820197496643118, 10.42231068238111114 ) ) ;
#1277 = CARTESIAN_POINT ( 'NONE',  ( -6.824870736724309772, -18.19971948963041086, 29.23759443214036935 ) ) ;
#1278 = CARTESIAN_POINT ( 'NONE',  ( -16.99147851343125026, 55.26410000294399794, 7.000000000000000000 ) ) ;
#1279 = EDGE_LOOP ( 'NONE', ( #7828, #2168, #6828, #8260 ) ) ;
#1280 = DIRECTION ( 'NONE',  ( -0.8660254037844413721, 0.4999999999999952260, -0.000000000000000000 ) ) ;
#1281 = VERTEX_POINT ( 'NONE', #8752 ) ;
#1282 = CARTESIAN_POINT ( 'NONE',  ( -19.27982835922517424, 2.712123181911823888, 28.46224552834494048 ) ) ;
#1283 = DIRECTION ( 'NONE',  ( 0.000000000000000000, 0.000000000000000000, 1.000000000000000000 ) ) ;
#1284 = CIRCLE ( 'NONE', #4711, 11.99999999999999822 ) ;
#1285 = CARTESIAN_POINT ( 'NONE',  ( 19.43588685150999140, 2.884945262803481736, 28.51001498631006470 ) ) ;
#1286 = CARTESIAN_POINT ( 'NONE',  ( 19.11601983580403541, 2.956864649345334328, 28.42884216425966315 ) ) ;
#1287 = CARTESIAN_POINT ( 'NONE',  ( -12.25375429708425479, 14.77436046749336107, 29.01618753263695893 ) ) ;
#1288 = DIRECTION ( 'NONE',  ( 0.000000000000000000, -0.000000000000000000, -1.000000000000000000 ) ) ;
#1289 = DIRECTION ( 'NONE',  ( 0.5000000000000016653, -0.8660254037844377084, 0.000000000000000000 ) ) ;
#1290 = EDGE_CURVE ( 'NONE', #9342, #2082, #2784, .T. ) ;
#1291 = CARTESIAN_POINT ( 'NONE',  ( 6.854057032045867359, -18.19628504040444028, 28.84876943756972878 ) ) ;
#1292 = AXIS2_PLACEMENT_3D ( 'NONE', #8906, #4786, #9812 ) ;
#1293 = TOROIDAL_SURFACE ( 'NONE', #8243, 11.99999999999999822, 0.5000000000000000000 ) ;
#1294 = ORIENTED_EDGE ( 'NONE', *, *, #3711, .F. ) ;
#1295 = CARTESIAN_POINT ( 'NONE',  ( 33.01783415592232984, -19.06285543798025728, 7.000000000000000000 ) ) ;
#1296 = DIRECTION ( 'NONE',  ( 0.000000000000000000, -1.000000000000000000, 0.000000000000000000 ) ) ;
#1297 = CARTESIAN_POINT ( 'NONE',  ( 12.30164727272268443, 15.03477744056157128, 28.72397202287190154 ) ) ;
#1298 = ORIENTED_EDGE ( 'NONE', *, *, #7432, .F. ) ;
#1299 = CARTESIAN_POINT ( 'NONE',  ( 7.071715600440882987, -18.31012240788767897, 29.39427216176076385 ) ) ;
#1300 = VERTEX_POINT ( 'NONE', #3835 ) ;
#1301 = CARTESIAN_POINT ( 'NONE',  ( -12.11680088255677035, 15.30743614823975385, 28.49813673451924245 ) ) ;
#1302 = EDGE_LOOP ( 'NONE', ( #8035, #3441, #4410, #294 ) ) ;
#1303 = ORIENTED_EDGE ( 'NONE', *, *, #9693, .T. ) ;
#1304 = DIRECTION ( 'NONE',  ( 0.4999999999999996114, 0.8660254037844389297, 0.000000000000000000 ) ) ;
#1305 = DIRECTION ( 'NONE',  ( -0.000000000000000000, -0.000000000000000000, 1.000000000000000000 ) ) ;
#1306 = EDGE_CURVE ( 'NONE', #1318, #7743, #3803, .T. ) ;
#1307 = CARTESIAN_POINT ( 'NONE',  ( -18.94969215867388357, -2.476997152839489402, 7.500000000000001776 ) ) ;
#1308 = CARTESIAN_POINT ( 'NONE',  ( 19.22640328921721675, 3.151011315917444655, 28.75781059279474761 ) ) ;
#1309 = AXIS2_PLACEMENT_3D ( 'NONE', #8342, #4439, #1007 ) ;
#1310 = EDGE_CURVE ( 'NONE', #8155, #3328, #6823, .T. ) ;
#1311 = FACE_OUTER_BOUND ( 'NONE', #4997, .T. ) ;
#1312 = CARTESIAN_POINT ( 'NONE',  ( -6.835484600346545925, -18.32767642020610310, 29.24448553307180632 ) ) ;
#1313 = ORIENTED_EDGE ( 'NONE', *, *, #6406, .T. ) ;
#1314 = CARTESIAN_POINT ( 'NONE',  ( -12.38375331788639144, 14.95160276349570161, 28.94535135870506437 ) ) ;
#1315 = CARTESIAN_POINT ( 'NONE',  ( -6.818670370973815231, -18.28625015142560173, 28.79896438887294607 ) ) ;
#1316 = AXIS2_PLACEMENT_3D ( 'NONE', #1149, #10102, #9293 ) ;
#1317 = ORIENTED_EDGE ( 'NONE', *, *, #6582, .T. ) ;
#1318 = VERTEX_POINT ( 'NONE', #5438 ) ;
#1319 = EDGE_CURVE ( 'NONE', #6122, #4744, #8231, .T. ) ;
#1320 = DIRECTION ( 'NONE',  ( -0.000000000000000000, -0.000000000000000000, -1.000000000000000000 ) ) ;
#1321 = CARTESIAN_POINT ( 'NONE',  ( -19.17844667568508044, 3.123409690683309314, 28.98724385442048757 ) ) ;
#1322 = CARTESIAN_POINT ( 'NONE',  ( 23.79318993999364551, -25.04040790171517017, 0.000000000000000000 ) ) ;
#1323 = CARTESIAN_POINT ( 'NONE',  ( 19.18196198207312619, 3.133373453075452453, 29.24069346738607322 ) ) ;
#1324 = EDGE_CURVE ( 'NONE', #8431, #8531, #2719, .T. ) ;
#1325 = CARTESIAN_POINT ( 'NONE',  ( 20.46712003763472865, 3.769171933078615755, 29.35215396628516871 ) ) ;
#1326 = CIRCLE ( 'NONE', #6977, 4.999999999999997335 ) ;
#1327 = CARTESIAN_POINT ( 'NONE',  ( -6.780926390199812914, -18.19015787771018111, 29.11781973295806480 ) ) ;
#1328 = CARTESIAN_POINT ( 'NONE',  ( -12.08924447734514196, 14.95897824732314341, 29.36071699482299735 ) ) ;
#1329 = ORIENTED_EDGE ( 'NONE', *, *, #1967, .F. ) ;
#1330 = CARTESIAN_POINT ( 'NONE',  ( 12.34802284538887562, 14.58694880156163265, 28.32430540817895448 ) ) ;
#1331 = CARTESIAN_POINT ( 'NONE',  ( 6.955367464496111651, -18.31190395502711254, 28.72708902541502596 ) ) ;
#1332 = ORIENTED_EDGE ( 'NONE', *, *, #2530, .F. ) ;
#1333 = DIRECTION ( 'NONE',  ( -1.026956297778269800E-14, 1.000000000000000000, 0.000000000000000000 ) ) ;
#1334 = DIRECTION ( 'NONE',  ( 0.4999999999999995559, 0.8660254037844389297, 0.000000000000000000 ) ) ;
#1335 = CARTESIAN_POINT ( 'NONE',  ( 19.39974503959346563, 2.800978554857435743, 28.50083898149411255 ) ) ;
#1336 = DIRECTION ( 'NONE',  ( -0.4999999999999966693, 0.8660254037844405950, 0.000000000000000000 ) ) ;
#1337 = CARTESIAN_POINT ( 'NONE',  ( -12.37242409572552049, 14.95592685699962310, 29.09635575791942230 ) ) ;
#1338 = DIRECTION ( 'NONE',  ( 0.5000000000000008882, -0.8660254037844381525, 0.000000000000000000 ) ) ;
#1339 = DIRECTION ( 'NONE',  ( 1.000000000000000000, 0.000000000000000000, -0.000000000000000000 ) ) ;
#1340 = CARTESIAN_POINT ( 'NONE',  ( 6.869334802622631742, -18.31439097596939902, 28.99613047529677701 ) ) ;
#1341 = CIRCLE ( 'NONE', #8690, 4.999999999999997335 ) ;
#1342 = AXIS2_PLACEMENT_3D ( 'NONE', #2917, #7942, #648 ) ;
#1343 = ORIENTED_EDGE ( 'NONE', *, *, #8301, .T. ) ;
#1344 = DIRECTION ( 'NONE',  ( -1.101697372407250679E-15, 1.000000000000000000, 0.000000000000000000 ) ) ;
#1345 = CIRCLE ( 'NONE', #7334, 1.300000000000000711 ) ;
#1346 = EDGE_CURVE ( 'NONE', #9388, #607, #8599, .T. ) ;
#1347 = DIRECTION ( 'NONE',  ( -0.8660254037844365982, -0.5000000000000036637, 0.000000000000000000 ) ) ;
#1348 = CARTESIAN_POINT ( 'NONE',  ( 12.21979023319956070, 15.17976312340817913, 28.56705958781211052 ) ) ;
#1349 = ORIENTED_EDGE ( 'NONE', *, *, #4125, .T. ) ;
#1350 = CARTESIAN_POINT ( 'NONE',  ( -7.274305630064775485, -18.26949740787867427, 28.49996611647302203 ) ) ;
#1351 = TOROIDAL_SURFACE ( 'NONE', #10246, 1.299999999999999378, 0.2000000000000000111 ) ;
#1352 = ORIENTED_EDGE ( 'NONE', *, *, #791, .F. ) ;
#1353 = CARTESIAN_POINT ( 'NONE',  ( -12.23859135417144373, 15.32150745225758470, 28.51001498631007536 ) ) ;
#1354 = CIRCLE ( 'NONE', #10079, 1.099999999999998535 ) ;
#1355 = CIRCLE ( 'NONE', #4450, 1.100000000000000311 ) ;
#1356 = VERTEX_POINT ( 'NONE', #455 ) ;
#1357 = ADVANCED_FACE ( 'NONE', ( #7842, #6994, #2922, #6192, #9452 ), #3783, .T. ) ;
#1358 = EDGE_LOOP ( 'NONE', ( #5857, #8919, #3075, #7577 ) ) ;
#1359 = CIRCLE ( 'NONE', #7348, 20.00000000000000355 ) ;
#1360 = CARTESIAN_POINT ( 'NONE',  ( -31.49147851341842141, -4.600008336931103337, 0.000000000000000000 ) ) ;
#1361 = CARTESIAN_POINT ( 'NONE',  ( 11.91268736665065475, 15.34097196907353577, 28.99837095140254206 ) ) ;
#1362 = CARTESIAN_POINT ( 'NONE',  ( 19.20125673801313582, 3.166034487111093032, 28.80424298901426283 ) ) ;
#1363 = AXIS2_PLACEMENT_3D ( 'NONE', #4963, #8224, #1745 ) ;
#1364 = ORIENTED_EDGE ( 'NONE', *, *, #5696, .T. ) ;
#1365 = CARTESIAN_POINT ( 'NONE',  ( -31.76307475365760524, -9.598405660479706114, 8.671473965483869506 ) ) ;
#1366 = CARTESIAN_POINT ( 'NONE',  ( 7.343012437561155181, -18.24040790171481063, 28.49953455754358345 ) ) ;
#1367 = ORIENTED_EDGE ( 'NONE', *, *, #6608, .T. ) ;
#1368 = CARTESIAN_POINT ( 'NONE',  ( -12.36523088124062220, 14.97846042272473355, 28.80402591302204840 ) ) ;
#1369 = CARTESIAN_POINT ( 'NONE',  ( -6.839450387879705495, -18.28586914014483611, 28.75559739676437943 ) ) ;
#1370 = ORIENTED_EDGE ( 'NONE', *, *, #6930, .F. ) ;
#1371 = ORIENTED_EDGE ( 'NONE', *, *, #2016, .T. ) ;
#1372 = EDGE_CURVE ( 'NONE', #1202, #5963, #1341, .T. ) ;
#1373 = CYLINDRICAL_SURFACE ( 'NONE', #3716, 4.999999999999997335 ) ;
#1374 = EDGE_CURVE ( 'NONE', #5376, #3560, #8182, .T. ) ;
#1375 = CARTESIAN_POINT ( 'NONE',  ( -19.19058617371703690, 3.069293561866313524, 28.72376350995518735 ) ) ;
#1376 = DIRECTION ( 'NONE',  ( -1.000000000000000000, -1.577021341797096821E-15, 0.000000000000000000 ) ) ;
#1377 = CARTESIAN_POINT ( 'NONE',  ( 19.14979250770855401, 3.163503593864110286, 29.11966729756877825 ) ) ;
#1378 = B_SPLINE_CURVE_WITH_KNOTS ( 'NONE', 3,
 ( #7664, #8472, #6869, #1026, #323, #7455 ),
 .UNSPECIFIED., .F., .F.,
 ( 4, 2, 4 ),
 ( 0.000000000000000000, 0.0003125181372540118858, 0.0006250362745080237717 ),
 .UNSPECIFIED. ) ;
#1379 = VECTOR ( 'NONE', #2143, 1000.000000000000000 ) ;
#1380 = CARTESIAN_POINT ( 'NONE',  ( -7.163954991927953486, -18.23310000795538244, 28.51182152128782477 ) ) ;
#1381 = CARTESIAN_POINT ( 'NONE',  ( 20.73016310114685368, 3.924768897987849225, 29.05938720681495013 ) ) ;
#1382 = CARTESIAN_POINT ( 'NONE',  ( -6.790373815660616152, -18.23518423483930917, 29.12037021587016739 ) ) ;
#1383 = CYLINDRICAL_SURFACE ( 'NONE', #9763, 2.500000000000002220 ) ;
#1384 = DIRECTION ( 'NONE',  ( 0.000000000000000000, -1.000000000000000000, 0.000000000000000000 ) ) ;
#1385 = DIRECTION ( 'NONE',  ( -0.4999999999999995559, -0.8660254037844389297, 0.000000000000000000 ) ) ;
#1386 = CIRCLE ( 'NONE', #3097, 0.1999999999999999833 ) ;
#1387 = ORIENTED_EDGE ( 'NONE', *, *, #8820, .F. ) ;
#1388 = CARTESIAN_POINT ( 'NONE',  ( -19.41669684490682357, 2.680326400536050535, 28.49782309624820442 ) ) ;
#1389 = CARTESIAN_POINT ( 'NONE',  ( 12.35899955303114339, 18.39010039627978443, 32.00000000000000000 ) ) ;
#1390 = CARTESIAN_POINT ( 'NONE',  ( 19.29384342658270057, 2.780540687214346107, 28.47979335161161174 ) ) ;
#1391 = CARTESIAN_POINT ( 'NONE',  ( -12.35868274625546270, 14.95258765676561197, 29.12075559708317840 ) ) ;
#1392 = CARTESIAN_POINT ( 'NONE',  ( -12.10450162296360865, 15.12182643058573461, 28.45309165528605888 ) ) ;
#1393 = DIRECTION ( 'NONE',  ( 6.859794606063990095E-16, -1.000000000000000000, 0.000000000000000000 ) ) ;
#1394 = CARTESIAN_POINT ( 'NONE',  ( 6.831549220051474691, -17.91619125968599846, 29.20315462158113817 ) ) ;
#1395 = EDGE_LOOP ( 'NONE', ( #1561, #744, #10072, #4451 ) ) ;
#1396 = CARTESIAN_POINT ( 'NONE',  ( -11.99147851343124138, 38.06410000294339824, 7.000000000000000000 ) ) ;
#1397 = CYLINDRICAL_SURFACE ( 'NONE', #7685, 0.1999999999999990397 ) ;
#1398 = DIRECTION ( 'NONE',  ( -1.000000000000000000, -1.101697372407250679E-15, 0.000000000000000000 ) ) ;
#1399 = CARTESIAN_POINT ( 'NONE',  ( 12.28542493526428991, 15.15610322884485051, 28.62598302003338446 ) ) ;
#1400 = EDGE_LOOP ( 'NONE', ( #7480, #10526, #1931, #3975 ) ) ;
#1401 = CARTESIAN_POINT ( 'NONE',  ( 7.854275035616066880, 16.37034832448946986, 28.20000000000000284 ) ) ;
#1402 = ADVANCED_FACE ( 'NONE', ( #21, #4794, #4950, #7302, #8214 ), #7417, .F. ) ;
#1403 = ORIENTED_EDGE ( 'NONE', *, *, #4394, .F. ) ;
#1404 = CARTESIAN_POINT ( 'NONE',  ( -12.10557129068697613, 15.26772283980048073, 28.49370538449585410 ) ) ;
#1405 = CIRCLE ( 'NONE', #10302, 0.2000000000000001221 ) ;
#1406 = EDGE_LOOP ( 'NONE', ( #1256, #4624, #3946, #7202, #3980, #3684 ) ) ;
#1407 = ORIENTED_EDGE ( 'NONE', *, *, #5108, .F. ) ;
#1408 = LINE ( 'NONE', #7787, #6314 ) ;
#1409 = CARTESIAN_POINT ( 'NONE',  ( 25.98928359826505030, -5.040407901715162176, 32.00000000000000000 ) ) ;
#1410 = AXIS2_PLACEMENT_3D ( 'NONE', #8935, #1599, #4870 ) ;
#1411 = CARTESIAN_POINT ( 'NONE',  ( 8.079308867615994316, 16.03895323893728175, 32.00000000000000000 ) ) ;
#1412 = CARTESIAN_POINT ( 'NONE',  ( 19.24950226853582791, 3.106000982227952179, 28.68138736359703600 ) ) ;
#1413 = VERTEX_POINT ( 'NONE', #10521 ) ;
#1414 = DIRECTION ( 'NONE',  ( 0.000000000000000000, 0.000000000000000000, 1.000000000000000000 ) ) ;
#1415 = DIRECTION ( 'NONE',  ( -0.8660254037844405950, 0.4999999999999967804, 0.000000000000000000 ) ) ;
#1416 = VERTEX_POINT ( 'NONE', #3231 ) ;
#1417 = CARTESIAN_POINT ( 'NONE',  ( -12.37321915657102878, 15.01871715685315323, 28.75345534191292884 ) ) ;
#1418 = CARTESIAN_POINT ( 'NONE',  ( -6.832751573755476926, -18.27130339204281739, 28.76056851090178057 ) ) ;
#1419 = EDGE_CURVE ( 'NONE', #9336, #9423, #5655, .T. ) ;
#1420 = AXIS2_PLACEMENT_3D ( 'NONE', #5921, #9389, #8532 ) ;
#1421 = ORIENTED_EDGE ( 'NONE', *, *, #9021, .F. ) ;
#1422 = ORIENTED_EDGE ( 'NONE', *, *, #175, .F. ) ;
#1423 = AXIS2_PLACEMENT_3D ( 'NONE', #4139, #6707, #3326 ) ;
#1424 = DIRECTION ( 'NONE',  ( -0.000000000000000000, -0.000000000000000000, 1.000000000000000000 ) ) ;
#1425 = CARTESIAN_POINT ( 'NONE',  ( -19.26646971571501865, 3.138585911651272209, 29.15327337749594605 ) ) ;
#1426 = CARTESIAN_POINT ( 'NONE',  ( -11.94036289588799171, 15.26351725728515873, 28.30000000000000071 ) ) ;
#1427 = CARTESIAN_POINT ( 'NONE',  ( 19.17408909800388983, 3.130106847637361245, 29.23997667390611355 ) ) ;
#1428 = CARTESIAN_POINT ( 'NONE',  ( -7.210356604570378636, -18.20016771882098183, 28.49656263493210062 ) ) ;
#1429 = CARTESIAN_POINT ( 'NONE',  ( 20.58646010574229379, 3.865791146022647506, 29.23758814195695166 ) ) ;
#1430 = CARTESIAN_POINT ( 'NONE',  ( -18.82047468757060571, 2.887903993452070939, 29.25474978903323731 ) ) ;
#1431 = CARTESIAN_POINT ( 'NONE',  ( -6.769937479455931495, -18.20947420663130245, 29.04648262016877069 ) ) ;
#1432 = CARTESIAN_POINT ( 'NONE',  ( -12.14972826573818487, 15.02735292046210169, 29.38291696148935017 ) ) ;
#1433 = CARTESIAN_POINT ( 'NONE',  ( 12.01119697378139151, 18.77034832448948976, 28.20000000000000284 ) ) ;
#1434 = EDGE_CURVE ( 'NONE', #4571, #932, #9644, .T. ) ;
#1435 = DIRECTION ( 'NONE',  ( 1.000000000000000000, 0.000000000000000000, 0.000000000000000000 ) ) ;
#1436 = ORIENTED_EDGE ( 'NONE', *, *, #9785, .T. ) ;
#1437 = CARTESIAN_POINT ( 'NONE',  ( -19.45440545979211322, 2.725551911984550824, 28.49876739985890239 ) ) ;
#1438 = DIRECTION ( 'NONE',  ( 0.8660254037844414832, -0.4999999999999951705, 0.000000000000000000 ) ) ;
#1439 = B_SPLINE_CURVE_WITH_KNOTS ( 'NONE', 3,
 ( #8513, #1175, #7711, #368, #3645, #6914, #10176, #2625 ),
 .UNSPECIFIED., .F., .F.,
 ( 4, 2, 2, 4 ),
 ( 0.000000000000000000, 0.0002120987424038793404, 0.0004241974848077586808, 0.0008483949696155198552 ),
 .UNSPECIFIED. ) ;
#1440 = CARTESIAN_POINT ( 'NONE',  ( 19.28790415995936414, 2.824717411380734955, 28.48800300543780040 ) ) ;
#1441 = EDGE_CURVE ( 'NONE', #8804, #3613, #5796, .T. ) ;
#1442 = CARTESIAN_POINT ( 'NONE',  ( 11.59777649649675624, -15.04040790171518083, 7.500000000000001776 ) ) ;
#1443 = CIRCLE ( 'NONE', #6409, 4.999999999999997335 ) ;
#1444 = CARTESIAN_POINT ( 'NONE',  ( -12.34916938573357648, 14.94499631265781758, 29.12037021587057239 ) ) ;
#1445 = CARTESIAN_POINT ( 'NONE',  ( -25.98076211353316367, -14.99999999999999467, 5.000000000000000000 ) ) ;
#1446 = EDGE_CURVE ( 'NONE', #5338, #4708, #5551, .T. ) ;
#1447 = CARTESIAN_POINT ( 'NONE',  ( 6.992029129232206763, -18.22247367596634859, 28.62998675354472056 ) ) ;
#1448 = ORIENTED_EDGE ( 'NONE', *, *, #4584, .T. ) ;
#1449 = EDGE_CURVE ( 'NONE', #4386, #1731, #9037, .T. ) ;
#1450 = PLANE ( 'NONE',  #6649 ) ;
#1451 = CARTESIAN_POINT ( 'NONE',  ( 28.79318993999364551, -25.04040790171517017, 0.000000000000000000 ) ) ;
#1452 = DIRECTION ( 'NONE',  ( -0.8660254037844380415, -0.5000000000000008882, 0.000000000000000000 ) ) ;
#1453 = CARTESIAN_POINT ( 'NONE',  ( 12.29989288368163614, 14.92420699194333622, 28.84742549072527140 ) ) ;
#1454 = CARTESIAN_POINT ( 'NONE',  ( -4.321605534190316789, 22.45959209828479786, 32.00000000000000000 ) ) ;
#1455 = EDGE_CURVE ( 'NONE', #4708, #4101, #1176, .T. ) ;
#1456 = EDGE_LOOP ( 'NONE', ( #3059, #4576, #9251, #10268 ) ) ;
#1457 = CARTESIAN_POINT ( 'NONE',  ( -12.18425155839896590, 15.28964644161759523, 28.51203479374197514 ) ) ;
#1458 = AXIS2_PLACEMENT_3D ( 'NONE', #85, #6727, #2495 ) ;
#1459 = VERTEX_POINT ( 'NONE', #3287 ) ;
#1460 = EDGE_LOOP ( 'NONE', ( #4519, #2756, #2095, #4551 ) ) ;
#1461 = LINE ( 'NONE', #9499, #5802 ) ;
#1462 = DIRECTION ( 'NONE',  ( 0.5000000000000009992, -0.8660254037844381525, 0.000000000000000000 ) ) ;
#1463 = CARTESIAN_POINT ( 'NONE',  ( 25.98076211353316722, -14.99999999999999467, 0.000000000000000000 ) ) ;
#1464 = CARTESIAN_POINT ( 'NONE',  ( 19.28549769018281879, 3.074817117474132555, 28.63784412778028354 ) ) ;
#1465 = ORIENTED_EDGE ( 'NONE', *, *, #128, .F. ) ;
#1466 = CARTESIAN_POINT ( 'NONE',  ( -6.833861889381895871, -20.04040790171519859, 28.76704322961447957 ) ) ;
#1467 = CARTESIAN_POINT ( 'NONE',  ( 7.529375709731972677, -18.04040790171480779, 1.700000000000001510 ) ) ;
#1468 = DIRECTION ( 'NONE',  ( 6.123233995736761105E-17, 1.060575238724907285E-16, 1.000000000000000000 ) ) ;
#1469 = ORIENTED_EDGE ( 'NONE', *, *, #4592, .T. ) ;
#1470 = CARTESIAN_POINT ( 'NONE',  ( -12.35881014861445060, 14.99906762390240189, 28.76082956701478111 ) ) ;
#1471 = CARTESIAN_POINT ( 'NONE',  ( -6.911391043562172598, -18.26741342410493019, 28.65090257796837037 ) ) ;
#1472 = ORIENTED_EDGE ( 'NONE', *, *, #8835, .F. ) ;
#1473 = ORIENTED_EDGE ( 'NONE', *, *, #5177, .F. ) ;
#1474 = CARTESIAN_POINT ( 'NONE',  ( 18.17333899902226335, 3.497205253316895579, 28.72500000000000497 ) ) ;
#1475 = CARTESIAN_POINT ( 'NONE',  ( -19.08922049051136227, 2.925901304135136716, 29.33044611695739334 ) ) ;
#1476 = DIRECTION ( 'NONE',  ( 1.224646799147353207E-16, 1.000000000000000000, -0.000000000000000000 ) ) ;
#1477 = CARTESIAN_POINT ( 'NONE',  ( 19.18042811028552563, 3.191885130680547800, 29.02118938250594837 ) ) ;
#1478 = EDGE_CURVE ( 'NONE', #2493, #3391, #821, .T. ) ;
#1479 = CARTESIAN_POINT ( 'NONE',  ( -7.062949371318771874, -18.14623887305223349, 28.47981323205445392 ) ) ;
#1480 = CARTESIAN_POINT ( 'NONE',  ( -10.03934400441920793, -20.04040790171520570, 32.00000000000000000 ) ) ;
#1481 = CARTESIAN_POINT ( 'NONE',  ( -21.07241370345680664, 3.446341281275412616, 1.700000000000000178 ) ) ;
#1482 = CARTESIAN_POINT ( 'NONE',  ( -6.779461150623673937, -18.25467867214954865, 29.04645686241515889 ) ) ;
#1483 = CARTESIAN_POINT ( 'NONE',  ( -12.19968518999747964, 15.07016695096304737, 29.39223191351936393 ) ) ;
#1484 = CIRCLE ( 'NONE', #789, 1.300000000000000044 ) ;
#1485 = CYLINDRICAL_SURFACE ( 'NONE', #7237, 1.099999999999998979 ) ;
#1487 = EDGE_CURVE ( 'NONE', #7626, #3485, #10070, .T. ) ;
#1486 = CARTESIAN_POINT ( 'NONE',  ( 7.272092156763797277, -84.42798937697747874, 3.500000000000000000 ) ) ;
#1488 = CARTESIAN_POINT ( 'NONE',  ( -19.29190637486191306, 2.749092248558052454, 28.47883263163512169 ) ) ;
#1489 = CARTESIAN_POINT ( 'NONE',  ( 19.15855814835518345, 2.961813075994245814, 29.38682461120480127 ) ) ;
#1490 = CARTESIAN_POINT ( 'NONE',  ( 19.40380950326203902, 2.803641623216822421, 28.50085351100423381 ) ) ;
#1491 = DIRECTION ( 'NONE',  ( 0.5000000000000008882, -0.8660254037844381525, 0.000000000000000000 ) ) ;
#1492 = CARTESIAN_POINT ( 'NONE',  ( -12.26816305076476432, 14.82198687931057535, 29.03602244303274205 ) ) ;
#1493 = CARTESIAN_POINT ( 'NONE',  ( 21.63245081332314257, 1.654729640739241336, 31.85085698211349126 ) ) ;
#1494 = DIRECTION ( 'NONE',  ( 1.000000000000000000, 0.000000000000000000, 0.000000000000000000 ) ) ;
#1495 = CARTESIAN_POINT ( 'NONE',  ( 6.915432614432394764, -18.22143038740076904, 28.72422873826159417 ) ) ;
#1496 = EDGE_CURVE ( 'NONE', #3344, #9656, #4933, .T. ) ;
#1497 = ORIENTED_EDGE ( 'NONE', *, *, #4798, .T. ) ;
#1498 = CARTESIAN_POINT ( 'NONE',  ( -19.28214962450695324, 2.736782445046436418, 28.47153962324850340 ) ) ;
#1499 = EDGE_CURVE ( 'NONE', #4098, #9014, #10274, .T. ) ;
#1500 = DIRECTION ( 'NONE',  ( 0.4999999999999986677, 0.8660254037844392627, 0.000000000000000000 ) ) ;
#1501 = CARTESIAN_POINT ( 'NONE',  ( -19.40873320914321809, 2.869836905072804090, 28.52798113157554383 ) ) ;
#1502 = CARTESIAN_POINT ( 'NONE',  ( 11.97133052507949991, 14.89461418011126881, 29.30967517571682635 ) ) ;
#1503 = CARTESIAN_POINT ( 'NONE',  ( -21.56894035183462321, 1.586331898973161625, 31.79166666666666785 ) ) ;
#1504 = ORIENTED_EDGE ( 'NONE', *, *, #8917, .F. ) ;
#1505 = CARTESIAN_POINT ( 'NONE',  ( -12.08672205528225874, 15.34367094604035486, 28.49723300795890779 ) ) ;
#1506 = ADVANCED_FACE ( 'NONE', ( #8106 ), #4120, .T. ) ;
#1507 = AXIS2_PLACEMENT_3D ( 'NONE', #2217, #6239, #2061 ) ;
#1508 = ORIENTED_EDGE ( 'NONE', *, *, #4423, .T. ) ;
#1509 = ORIENTED_EDGE ( 'NONE', *, *, #4132, .T. ) ;
#1510 = DIRECTION ( 'NONE',  ( -1.000000000000000000, -1.101697372407250679E-15, 0.000000000000000000 ) ) ;
#1511 = DIRECTION ( 'NONE',  ( -0.8660254037844373753, -0.5000000000000019984, 0.000000000000000000 ) ) ;
#1512 = FACE_OUTER_BOUND ( 'NONE', #3329, .T. ) ;
#1513 = CARTESIAN_POINT ( 'NONE',  ( -12.08432652864027901, 15.34663469940820413, 28.49712918849862575 ) ) ;
#1514 = AXIS2_PLACEMENT_3D ( 'NONE', #10556, #4282, #8788 ) ;
#1515 = ORIENTED_EDGE ( 'NONE', *, *, #3402, .T. ) ;
#1516 = FACE_OUTER_BOUND ( 'NONE', #2914, .T. ) ;
#1517 = AXIS2_PLACEMENT_3D ( 'NONE', #9226, #174, #1946 ) ;
#1518 = CARTESIAN_POINT ( 'NONE',  ( -35.73210601241567730, -7.264210661043117412, 7.093151113761497761 ) ) ;
#1519 = VECTOR ( 'NONE', #232, 1000.000000000000000 ) ;
#1520 = CYLINDRICAL_SURFACE ( 'NONE', #3256, 1.100000000000002309 ) ;
#1521 = ORIENTED_EDGE ( 'NONE', *, *, #8514, .F. ) ;
#1522 = CARTESIAN_POINT ( 'NONE',  ( -12.33920355096604560, 14.96177283565572225, 28.77428108138872176 ) ) ;
#1523 = CARTESIAN_POINT ( 'NONE',  ( -6.859576266789836119, -18.24490956724122626, 28.69721726811445706 ) ) ;
#1524 = CIRCLE ( 'NONE', #4616, 1.100000000000000311 ) ;
#1525 = ORIENTED_EDGE ( 'NONE', *, *, #3537, .T. ) ;
#1526 = VERTEX_POINT ( 'NONE', #6504 ) ;
#1527 = TOROIDAL_SURFACE ( 'NONE', #4958, 11.99999999999999822, 0.5000000000000000000 ) ;
#1528 = LINE ( 'NONE', #3998, #4911 ) ;
#1529 = CARTESIAN_POINT ( 'NONE',  ( -18.83139899109814763, 2.901026701290470911, 29.25417507247480486 ) ) ;
#1530 = FACE_OUTER_BOUND ( 'NONE', #1279, .T. ) ;
#1531 = CARTESIAN_POINT ( 'NONE',  ( 18.98241132322712232, 3.176904859399757974, 28.99738706151427081 ) ) ;
#1532 =( BOUNDED_SURFACE ( )  B_SPLINE_SURFACE ( 3, 2, ( 
 ( #5304, #9209, #7555 ),
 ( #959, #210, #10014 ),
 ( #4234, #5144, #3427 ),
 ( #6696, #8407, #574 ),
 ( #7014, #7914, #3749 ),
 ( #9523, #3851, #7164 ),
 ( #9472, #5403, #7060 ),
 ( #6208, #3095, #3038 ) ),
 .UNSPECIFIED., .F., .F., .T. ) 
 B_SPLINE_SURFACE_WITH_KNOTS ( ( 4, 2, 2, 4 ),
 ( 3, 3 ),
 ( 0.003954194195918740717, 0.004451794748634128884, 0.004700595024991822968, 0.004949395301349516184 ),
 ( 0.000000000000000000, 1.000000000000000000 ),
 .UNSPECIFIED. ) 
 GEOMETRIC_REPRESENTATION_ITEM ( )  RATIONAL_B_SPLINE_SURFACE ( (
 ( 1.000000000000000000, 0.7071067811865473507, 1.000000000000000000),
 ( 1.000000000000000000, 0.6690556487000510755, 1.000000000000000000),
 ( 1.000000000000000000, 0.6284388346621032628, 1.000000000000000000),
 ( 1.000000000000000000, 0.5613352979809244081, 1.000000000000000000),
 ( 1.000000000000000000, 0.5377691402914974717, 1.000000000000000000),
 ( 1.000000000000000000, 0.4886680682763712147, 1.000000000000000000),
 ( 1.000000000000000000, 0.4634483138218053466, 1.000000000000000000),
 ( 1.000000000000000000, 0.4379152334966566196, 1.000000000000000000) ) ) 
 REPRESENTATION_ITEM ( '' )  SURFACE ( )  );
#1533 = VECTOR ( 'NONE', #3779, 1000.000000000000000 ) ;
#1534 = CARTESIAN_POINT ( 'NONE',  ( -7.183105575866672865, -18.18153944885377271, 28.49252122238651097 ) ) ;
#1535 = DIRECTION ( 'NONE',  ( -0.8660254037844413721, 0.4999999999999951705, -0.000000000000000000 ) ) ;
#1536 = FACE_OUTER_BOUND ( 'NONE', #9908, .T. ) ;
#1537 = CARTESIAN_POINT ( 'NONE',  ( -6.752659761929289850, -18.16899988712350478, 29.02131299674793397 ) ) ;
#1538 = CARTESIAN_POINT ( 'NONE',  ( -12.06165015287342079, 14.70488723180460866, 29.20665703117106560 ) ) ;
#1539 = ADVANCED_FACE ( 'NONE', ( #5707 ), #1520, .F. ) ;
#1540 = EDGE_CURVE ( 'NONE', #7303, #9336, #10530, .T. ) ;
#1541 = CARTESIAN_POINT ( 'NONE',  ( 17.32902956042068610, -20.04040790171517372, 32.00000000000000000 ) ) ;
#1542 = MANIFOLD_SOLID_BREP ( '\X2\570689d2\X0\6', #6651 ) ;
#1543 = CARTESIAN_POINT ( 'NONE',  ( -19.24854387392464972, 2.769538548845271286, 28.46146680964521281 ) ) ;
#1544 = CIRCLE ( 'NONE', #10110, 0.1999999999999987899 ) ;
#1545 = DIRECTION ( 'NONE',  ( 0.4999999999999996114, 0.8660254037844389297, 0.000000000000000000 ) ) ;
#1546 = CARTESIAN_POINT ( 'NONE',  ( -6.977487121499132527, -18.23998137950504983, 29.39529401309131629 ) ) ;
#1547 = DIRECTION ( 'NONE',  ( 1.734723475976810250E-14, -1.000000000000000000, 0.000000000000000000 ) ) ;
#1548 = CARTESIAN_POINT ( 'NONE',  ( -21.73340901608224840, 1.901463816243266436, 28.20000000000000284 ) ) ;
#1549 = FACE_OUTER_BOUND ( 'NONE', #337, .T. ) ;
#1550 = DIRECTION ( 'NONE',  ( 0.000000000000000000, 0.000000000000000000, 1.000000000000000000 ) ) ;
#1551 = CARTESIAN_POINT ( 'NONE',  ( 4.358132418574405698, 34.88142006365389136, 8.039496781483252974 ) ) ;
#1552 = EDGE_CURVE ( 'NONE', #10038, #5270, #4563, .T. ) ;
#1553 = AXIS2_PLACEMENT_3D ( 'NONE', #5034, #8990, #793 ) ;
#1554 = ORIENTED_EDGE ( 'NONE', *, *, #4902, .F. ) ;
#1555 = DIRECTION ( 'NONE',  ( 0.8660254037844389297, -0.4999999999999996114, 0.000000000000000000 ) ) ;
#1556 = CARTESIAN_POINT ( 'NONE',  ( -10.20222350350310769, -15.04040790171520214, 28.19999999999999929 ) ) ;
#1557 = CARTESIAN_POINT ( 'NONE',  ( -5.415968405682486164, 30.56410000294340534, 11.12003179020993038 ) ) ;
#1558 = CARTESIAN_POINT ( 'NONE',  ( 7.071715600440127147, 55.26510000294465641, 29.39427216176076385 ) ) ;
#1559 = CARTESIAN_POINT ( 'NONE',  ( 12.37290625848129189, 15.13653437784573264, 29.30529691036411677 ) ) ;
#1560 = DIRECTION ( 'NONE',  ( 0.000000000000000000, 0.000000000000000000, 1.000000000000000000 ) ) ;
#1561 = ORIENTED_EDGE ( 'NONE', *, *, #1900, .F. ) ;
#1562 = CARTESIAN_POINT ( 'NONE',  ( 12.40056280484899176, 15.03618339900064704, 29.04077615750120955 ) ) ;
#1563 = ADVANCED_FACE ( 'NONE', ( #3989 ), #10184, .F. ) ;
#1564 = ORIENTED_EDGE ( 'NONE', *, *, #100, .F. ) ;
#1565 = EDGE_LOOP ( 'NONE', ( #3660, #7499, #2266, #4577 ) ) ;
#1566 = LINE ( 'NONE', #4034, #665 ) ;
#1567 = FACE_OUTER_BOUND ( 'NONE', #9549, .T. ) ;
#1568 = CARTESIAN_POINT ( 'NONE',  ( -21.63340901608232159, 2.074668897000027989, 7.500000000000001776 ) ) ;
#1569 = ORIENTED_EDGE ( 'NONE', *, *, #1478, .T. ) ;
#1570 = CARTESIAN_POINT ( 'NONE',  ( 27.70055961726961868, -7.844717836911950570, 13.57864150681076154 ) ) ;
#1571 = AXIS2_PLACEMENT_3D ( 'NONE', #1568, #1672, #6601 ) ;
#1572 = EDGE_CURVE ( 'NONE', #9487, #8745, #984, .T. ) ;
#1573 = FACE_BOUND ( 'NONE', #7471, .T. ) ;
#1574 = DIRECTION ( 'NONE',  ( -0.8660254037844380415, -0.5000000000000008882, 0.000000000000000000 ) ) ;
#1575 = ORIENTED_EDGE ( 'NONE', *, *, #518, .T. ) ;
#1576 = CARTESIAN_POINT ( 'NONE',  ( -12.31125709740725505, 14.95530607211374274, 28.70606637288835117 ) ) ;
#1577 = CARTESIAN_POINT ( 'NONE',  ( -6.917167050619998925, -18.27365642157759495, 28.64753023767835671 ) ) ;
#1578 = ORIENTED_EDGE ( 'NONE', *, *, #2809, .F. ) ;
#1579 = ORIENTED_EDGE ( 'NONE', *, *, #3411, .T. ) ;
#1580 = AXIS2_PLACEMENT_3D ( 'NONE', #6445, #4943, #4036 ) ;
#1581 = CARTESIAN_POINT ( 'NONE',  ( 6.105777404387103147, -17.54040790171482911, 28.72500000000000497 ) ) ;
#1582 = CARTESIAN_POINT ( 'NONE',  ( -19.27913057545976372, 3.145753342552715992, 29.15667365857126114 ) ) ;
#1583 = DIRECTION ( 'NONE',  ( -0.4999999999999952260, -0.8660254037844414832, 0.000000000000000000 ) ) ;
#1584 = CARTESIAN_POINT ( 'NONE',  ( 19.20980074488599598, 3.202112732204670298, 29.04597547197300145 ) ) ;
#1585 = CARTESIAN_POINT ( 'NONE',  ( -7.226785291668242017, -18.24645046636796408, 28.50083196644967032 ) ) ;
#1586 = CYLINDRICAL_SURFACE ( 'NONE', #1807, 1.099999999999998535 ) ;
#1587 = CARTESIAN_POINT ( 'NONE',  ( -18.26675912339448260, 3.305877562431688066, 28.81326161142435183 ) ) ;
#1588 = AXIS2_PLACEMENT_3D ( 'NONE', #3202, #9689, #7385 ) ;
#1589 = CARTESIAN_POINT ( 'NONE',  ( -6.746860908660808676, -18.14536728522513442, 29.04289563912265137 ) ) ;
#1590 = CARTESIAN_POINT ( 'NONE',  ( -12.08887014513127411, 14.81085785049158154, 29.26408262253082881 ) ) ;
#1591 = B_SPLINE_CURVE_WITH_KNOTS ( 'NONE', 3,
 ( #4256, #9127, #2849, #6119 ),
 .UNSPECIFIED., .F., .F.,
 ( 4, 4 ),
 ( 0.000000000000000000, 0.0003527882210653456464 ),
 .UNSPECIFIED. ) ;
#1592 = CARTESIAN_POINT ( 'NONE',  ( 11.39777649649588476, 55.26510000294469904, 28.20000000000000284 ) ) ;
#1593 = CARTESIAN_POINT ( 'NONE',  ( -31.31360094162512908, -31.98515466406514562, 0.000000000000000000 ) ) ;
#1594 = CARTESIAN_POINT ( 'NONE',  ( -19.26122372204329736, 2.782707411836180089, 28.47428134192757554 ) ) ;
#1595 = EDGE_CURVE ( 'NONE', #3133, #9178, #9327, .T. ) ;
#1596 = DIRECTION ( 'NONE',  ( 1.000000000000000000, 0.000000000000000000, -5.421010862427507971E-15 ) ) ;
#1597 = CIRCLE ( 'NONE', #7415, 1.099999999999998757 ) ;
#1598 = DIRECTION ( 'NONE',  ( 0.000000000000000000, -0.000000000000000000, 1.000000000000000000 ) ) ;
#1599 = DIRECTION ( 'NONE',  ( 1.101697372407250679E-15, -1.000000000000000000, -0.000000000000000000 ) ) ;
#1600 = CARTESIAN_POINT ( 'NONE',  ( -7.270624290268027146, -18.04040790171495701, 28.30000000000000071 ) ) ;
#1601 = CARTESIAN_POINT ( 'NONE',  ( 13.78972280803822947, 16.05901809191592378, 28.93693566926311078 ) ) ;
#1602 = DIRECTION ( 'NONE',  ( 0.4999999999999995559, 0.8660254037844389297, 0.000000000000000000 ) ) ;
#1603 = CARTESIAN_POINT ( 'NONE',  ( 7.110470341326790233, -18.33143053826659497, 29.42142548450877726 ) ) ;
#1604 = ORIENTED_EDGE ( 'NONE', *, *, #8075, .F. ) ;
#1605 = DIRECTION ( 'NONE',  ( 0.8660254037844405950, -0.4999999999999966693, 0.000000000000000000 ) ) ;
#1606 = CARTESIAN_POINT ( 'NONE',  ( -56.12105222701402596, -44.23718512885884024, 28.19999999999999929 ) ) ;
#1607 = CARTESIAN_POINT ( 'NONE',  ( 22.20936822253820964, 1.448222632460958836, 32.00000000000000000 ) ) ;
#1608 = CARTESIAN_POINT ( 'NONE',  ( -12.11356797664488028, 15.36351725728515838, 1.700000000000001510 ) ) ;
#1609 = CARTESIAN_POINT ( 'NONE',  ( 12.22846172395437669, 14.89497040243272608, 29.10657572508598889 ) ) ;
#1610 = EDGE_CURVE ( 'NONE', #3770, #7147, #1591, .T. ) ;
#1611 = CARTESIAN_POINT ( 'NONE',  ( -20.79518920283109296, 3.926508201462048930, 28.70129651736450072 ) ) ;
#1612 = ORIENTED_EDGE ( 'NONE', *, *, #7474, .F. ) ;
#1613 = DIRECTION ( 'NONE',  ( -1.000000000000000000, -6.859794606063990095E-16, -0.000000000000000000 ) ) ;
#1614 = VERTEX_POINT ( 'NONE', #5866 ) ;
#1615 = B_SPLINE_SURFACE_WITH_KNOTS ( 'NONE', 3, 3, ( 
 ( #631, #4179, #6802, #6003, #5784, #4340, #5950, #154, #10012, #4230, #3367, #208, #6580, #8350, #7603, #8404, #1761, #102, #6634, #5895, #1712, #1872, #3424, #1929, #3478, #9960, #9206, #2677, #8461, #6749, #5195 ),
 ( #9099, #9901, #903, #2621, #6693, #7495, #9154, #5141, #1818, #2570, #4978, #1123, #8297, #5843, #261, #1014, #8240, #7442, #1069, #5033, #956, #5086, #2731, #3530, #4288, #10065, #7553, #9261, #4395, #7653, #3314 ),
 ( #9846, #2512, #9044, #2789, #1227, #1981, #6960, #4498, #5243, #10224, #311, #1172, #2031, #5299, #8510, #7807, #1277, #6057, #6260, #8660, #9520, #7058, #9315, #2839, #5351, #4598, #8566, #5400, #7760, #6108, #3642 ),
 ( #9367, #10276, #4549, #10172, #365, #7010, #4447, #7860, #1327, #417, #3745, #519, #3694, #3587, #6859, #6911, #2935, #1382, #3796, #2078, #4652, #8614, #9419, #6205, #9469, #470, #2182, #2129, #7708, #10325, #2984 ),
 ( #5455, #10122, #8717, #2884, #6159, #779, #4704, #8927, #7268, #3954, #7216, #9581, #4861, #4006, #4055, #5513, #3144, #2450, #5723, #7109, #7912, #10539, #10435, #727, #5670, #10485, #9729, #7318, #9783, #8121, #3194 ),
 ( #6467, #2398, #3036, #1589, #8770, #8976, #8824, #3249, #1431, #10587, #6520, #9634, #1641, #10374, #3093, #572, #3849, #6309, #7963, #1482, #4754, #6417, #619, #2239, #8015, #6366, #9681, #3900, #7162, #2295, #5566 ),
 ( #673, #2345, #5617, #8875, #1537, #4809, #8071, #9945, #5937, #10002, #3356, #1696, #8229, #7483, #3302, #3464, #1749, #3518, #5073, #942, #7541, #1002, #6570, #10052, #9888, #7430, #9195, #2609, #9835, #2501, #1804 ),
 ( #5992, #1860, #5771, #9028, #8338, #5884, #2665, #4967, #889, #2553, #195, #2720, #7591, #6622, #5130, #6737, #9249, #8395, #5830, #4909, #1058, #4167, #4326, #4274, #4219, #141, #91, #249, #6789, #8173, #9088 ),
 ( #834, #35, #5019, #9142, #8285, #4113, #3408, #7376, #6678, #9455, #2775, #6950, #508, #5182, #8553, #4535, #458, #7641, #6195, #10109, #7048, #2829, #7845, #6044, #1267, #2120, #3629, #7797, #1109, #4433, #3731 ),
 ( #8447, #2873, #9304, #10314, #6246, #3786, #354, #6997, #7696, #10264, #6144, #2925, #2973, #5230, #9353, #1915, #4381, #8498, #10160, #296, #5389, #8652, #1315, #7745, #3572, #4589, #6847, #9406, #1966, #1159, #6093 ),
 ( #6898, #2068, #1214, #2018, #8602, #5283, #5336, #4487, #406, #3681, #10209, #2281, #7305, #1418, #8863, #3131, #8755, #9565, #5605, #1369, #609, #6299, #3082, #3943, #3993, #3023, #3838, #4797, #10575, #2227, #5441 ),
 ( #3234, #9510, #4849, #7950, #1523, #4692, #714, #10470, #8060, #8109, #5500, #6353, #2170, #8702, #3888, #7149, #4043, #7256, #3183, #10524, #4741, #4639, #8916, #9718, #6405, #6455, #7896, #9619, #767, #559, #10421 ),
 ( #2384, #5658, #7096, #2333, #10364, #9670, #5554, #8811, #1471, #8002, #659, #1577, #7204, #5758, #6561, #2595, #8965, #184, #4260, #80, #9932, #7526, #9016, #6507, #9771, #2491, #5869, #7576, #3451, #2438, #7363 ),
 ( #1793, #5061, #5003, #1848, #8273, #4898, #8326, #6666, #9130, #1628, #7420, #8161, #2540, #3341, #819, #5816, #5711, #24, #8217, #877, #4100, #3393, #7469, #3290, #5113, #6721, #8382, #2651, #9822, #1680, #931 ),
 ( #987, #9990, #9073, #5926, #9184, #1043, #4313, #235, #4953, #4155, #6610, #1737, #9873, #4208, #130, #5166, #10040, #1096, #8433, #2707, #5979, #9236, #1902, #6777, #4367, #7629, #3505, #3141, #9630, #5614, #9678 ),
 ( #4701, #8068, #10432, #8765, #6306, #569, #2291, #6363, #3896, #5563, #2341, #7159, #10371, #1380, #8118, #7959, #5510, #7265, #8012, #7908, #4648, #10481, #9578, #3032, #617, #2395, #3846, #7105, #6414, #670, #723 ),
 ( #8924, #1479, #2236, #4806, #8872, #1534, #5452, #3090, #1428, #8821, #4751, #3951, #7213, #2981, #4003, #10535, #3191, #6463, #9726, #5666, #8714, #1585, #4858, #776, #4051, #7314, #6255, #9517, #2178, #2661, #3352 ),
 ( #1800, #3459, #1856, #7537, #9940, #8391, #10583, #8170, #9884, #9138, #7478, #5069, #137, #3298, #1692, #7372, #4163, #5014, #8334, #4109, #4906, #5878, #1054, #31, #6516, #938, #6567, #4322, #3246, #5933, #9025 ) ),
 .UNSPECIFIED., .F., .F., .F.,
 ( 4, 2, 2, 2, 2, 2, 2, 2, 4 ),
 ( 4, 2, 2, 1, 2, 2, 2, 1, 1, 2, 1, 2, 2, 1, 2, 2, 2, 4 ),
 ( 0.000000000000000000, 0.2499999999999996114, 0.3124999999999996669, 0.3749999999999997224, 0.4999999999999998335, 0.6249999999999995559, 0.7499999999999992228, 0.8749999999999995559, 1.000000000000000000 ),
 ( 0.000000000000000000, 0.3269756734140794041, 0.4863169319177123029, 0.4930833796742788433, 0.5761372328043785629, 0.6355567764646977702, 0.6484225758902830705, 0.6591910859344782825, 0.6617144243397030667, 0.6845438811373308896, 0.7452239493229672052, 0.7461268744169551326, 0.7535220897609056223, 0.7561223872789971656, 0.7751388194797175224, 0.7843318285407924195, 0.8095951558127163494, 1.000000000000000000 ),
 .UNSPECIFIED. ) ;
#1616 = ORIENTED_EDGE ( 'NONE', *, *, #3206, .F. ) ;
#1617 = CARTESIAN_POINT ( 'NONE',  ( 11.99020869219505769, 14.24134033776956088, 28.90301056748128516 ) ) ;
#1618 = LINE ( 'NONE', #9762, #3052 ) ;
#1619 = ADVANCED_FACE ( 'NONE', ( #1790 ), #4799, .T. ) ;
#1620 = CARTESIAN_POINT ( 'NONE',  ( -7.270624290268006717, -20.04040790171496056, 1.500000000000001332 ) ) ;
#1621 = ORIENTED_EDGE ( 'NONE', *, *, #200, .T. ) ;
#1622 = CIRCLE ( 'NONE', #4021, 0.2000000000000005107 ) ;
#1623 = CARTESIAN_POINT ( 'NONE',  ( 27.28164943240798479, -7.278851188416840756, 14.45666949432890824 ) ) ;
#1624 = CARTESIAN_POINT ( 'NONE',  ( -19.27056240650679086, 3.689579326467265830, 28.91203519401079447 ) ) ;
#1625 = DIRECTION ( 'NONE',  ( 1.000000000000000000, 0.000000000000000000, 0.000000000000000000 ) ) ;
#1626 = ORIENTED_EDGE ( 'NONE', *, *, #5583, .F. ) ;
#1627 = CARTESIAN_POINT ( 'NONE',  ( -12.32531524550632618, 15.09074851523856964, 28.64026438662787299 ) ) ;
#1628 = CARTESIAN_POINT ( 'NONE',  ( -6.992287128074560876, -18.26731880675978203, 28.58463100136799184 ) ) ;
#1629 = ORIENTED_EDGE ( 'NONE', *, *, #4627, .T. ) ;
#1630 = TOROIDAL_SURFACE ( 'NONE', #7624, 1.299999999999999378, 0.2000000000000000111 ) ;
#1631 = VERTEX_POINT ( 'NONE', #9870 ) ;
#1632 = EDGE_CURVE ( 'NONE', #1005, #7735, #1238, .T. ) ;
#1633 = DIRECTION ( 'NONE',  ( -0.8660254037844246078, 0.5000000000000245359, 0.000000000000000000 ) ) ;
#1634 = CARTESIAN_POINT ( 'NONE',  ( -18.86499382814211501, 2.988137367888387796, 29.19892505055551979 ) ) ;
#1635 = CARTESIAN_POINT ( 'NONE',  ( -12.43886716341457088, 14.40008253813920547, 28.30000000000000071 ) ) ;
#1636 = EDGE_CURVE ( 'NONE', #8865, #4454, #678, .T. ) ;
#1637 = CARTESIAN_POINT ( 'NONE',  ( 19.13262394992716509, 3.173807589246047556, 29.04648262016877069 ) ) ;
#1638 = DIRECTION ( 'NONE',  ( 0.000000000000000000, 0.000000000000000000, 1.000000000000000000 ) ) ;
#1639 = FACE_OUTER_BOUND ( 'NONE', #4196, .T. ) ;
#1640 = CARTESIAN_POINT ( 'NONE',  ( -12.38244715834782639, 14.95137692606447821, 29.02100478943393824 ) ) ;
#1641 = CARTESIAN_POINT ( 'NONE',  ( -6.774165260940907984, -18.22678094211228483, 29.04663199747504976 ) ) ;
#1642 = CARTESIAN_POINT ( 'NONE',  ( -12.29198104334215813, 14.94923351876690454, 29.23616197257602067 ) ) ;
#1643 = EDGE_CURVE ( 'NONE', #274, #9388, #1544, .T. ) ;
#1644 = ORIENTED_EDGE ( 'NONE', *, *, #10287, .F. ) ;
#1645 = CARTESIAN_POINT ( 'NONE',  ( -12.26552971659101487, 15.11289585228769994, 29.39538027674491616 ) ) ;
#1646 = CYLINDRICAL_SURFACE ( 'NONE', #9522, 4.999999999999997335 ) ;
#1647 = EDGE_CURVE ( 'NONE', #4081, #2388, #7874, .T. ) ;
#1648 = CARTESIAN_POINT ( 'NONE',  ( -19.27217589013881494, 2.803004678978773700, 28.48905306724510211 ) ) ;
#1649 = CARTESIAN_POINT ( 'NONE',  ( -17.31198659095687375, -10.04040790171521103, 32.00000000000000000 ) ) ;
#1650 = B_SPLINE_CURVE_WITH_KNOTS ( 'NONE', 3,
 ( #6047, #6097, #300, #5134, #251, #1112 ),
 .UNSPECIFIED., .F., .F.,
 ( 4, 2, 4 ),
 ( -4.472146664847640060E-06, 0.0003123412476762554239, 0.0006291546420173584802 ),
 .UNSPECIFIED. ) ;
#1651 = DIRECTION ( 'NONE',  ( -1.000000000000000000, -1.577021341797099384E-15, 0.000000000000000000 ) ) ;
#1652 = DIRECTION ( 'NONE',  ( -1.000000000000000000, 0.000000000000000000, 0.000000000000000000 ) ) ;
#1653 = TOROIDAL_SURFACE ( 'NONE', #965, 1.300000000000000266, 0.2000000000000000111 ) ;
#1654 = CARTESIAN_POINT ( 'NONE',  ( 12.80847094271481268, 14.77263359425205635, 28.92935537564404314 ) ) ;
#1655 = CYLINDRICAL_SURFACE ( 'NONE', #1023, 4.999999999999997335 ) ;
#1656 = DIRECTION ( 'NONE',  ( -0.8660254037844380415, -0.5000000000000008882, 0.000000000000000000 ) ) ;
#1657 = CARTESIAN_POINT ( 'NONE',  ( 4.445262613087681558, 32.57936842466106953, 9.501385587067545657 ) ) ;
#1658 = ORIENTED_EDGE ( 'NONE', *, *, #747, .F. ) ;
#1659 = CYLINDRICAL_SURFACE ( 'NONE', #3228, 0.5000000000000018874 ) ;
#1660 = DIRECTION ( 'NONE',  ( -0.5000000000000246470, 0.8660254037844243857, -0.000000000000000000 ) ) ;
#1661 = DIRECTION ( 'NONE',  ( 0.8660254037844249408, -0.5000000000000237588, 0.000000000000000000 ) ) ;
#1662 = CARTESIAN_POINT ( 'NONE',  ( 19.20813126607468035, 3.113895802555405101, 28.69721726811443574 ) ) ;
#1663 = CARTESIAN_POINT ( 'NONE',  ( 12.42383380096672774, 15.04809200947679315, 28.99855905694214897 ) ) ;
#1664 = ORIENTED_EDGE ( 'NONE', *, *, #3875, .F. ) ;
#1665 = LINE ( 'NONE', #4935, #3996 ) ;
#1666 = AXIS2_PLACEMENT_3D ( 'NONE', #8037, #4133, #9054 ) ;
#1667 = ORIENTED_EDGE ( 'NONE', *, *, #1275, .T. ) ;
#1668 = EDGE_CURVE ( 'NONE', #1802, #9318, #2899, .T. ) ;
#1669 = ORIENTED_EDGE ( 'NONE', *, *, #5861, .T. ) ;
#1670 = DIRECTION ( 'NONE',  ( -0.8660254037844380415, -0.5000000000000008882, 0.000000000000000000 ) ) ;
#1671 = LINE ( 'NONE', #7355, #8359 ) ;
#1672 = DIRECTION ( 'NONE',  ( 0.000000000000000000, 0.000000000000000000, -1.000000000000000000 ) ) ;
#1673 = AXIS2_PLACEMENT_3D ( 'NONE', #45, #3310, #679 ) ;
#1674 = VERTEX_POINT ( 'NONE', #9070 ) ;
#1675 = CARTESIAN_POINT ( 'NONE',  ( 12.10293835719401301, 15.41144758726212416, 28.49953455754358700 ) ) ;
#1676 = DIRECTION ( 'NONE',  ( 1.000000000000000000, 6.859794606063990095E-16, -0.000000000000000000 ) ) ;
#1677 = DIRECTION ( 'NONE',  ( -1.000000000000000000, 0.000000000000000000, 6.938893903907222067E-15 ) ) ;
#1678 = ORIENTED_EDGE ( 'NONE', *, *, #3543, .T. ) ;
#1679 = CARTESIAN_POINT ( 'NONE',  ( -12.31757629526793352, 15.06930151483386737, 28.64951965287665558 ) ) ;
#1680 = CARTESIAN_POINT ( 'NONE',  ( -7.028326501303936880, -18.31750283784739963, 28.56684427480539057 ) ) ;
#1681 = EDGE_CURVE ( 'NONE', #9156, #9760, #9433, .T. ) ;
#1682 = AXIS2_PLACEMENT_3D ( 'NONE', #2487, #874, #4844 ) ;
#1683 = ORIENTED_EDGE ( 'NONE', *, *, #1695, .T. ) ;
#1684 = EDGE_LOOP ( 'NONE', ( #7242, #7593, #1899, #5914 ) ) ;
#1685 = CIRCLE ( 'NONE', #8867, 1.300000000000000266 ) ;
#1686 = CARTESIAN_POINT ( 'NONE',  ( 12.07598911176079248, 15.21272216989742532, 28.45793782530210692 ) ) ;
#1687 = PLANE ( 'NONE',  #7099 ) ;
#1688 = CARTESIAN_POINT ( 'NONE',  ( 6.917239745728718248, -18.21415206923617092, 28.69492189893880152 ) ) ;
#1689 = CIRCLE ( 'NONE', #6485, 1.099999999999999645 ) ;
#1690 = CARTESIAN_POINT ( 'NONE',  ( 19.18278593751880479, 3.182215134481850782, 29.09631122522174351 ) ) ;
#1691 = AXIS2_PLACEMENT_3D ( 'NONE', #9445, #3934, #1304 ) ;
#1692 = CARTESIAN_POINT ( 'NONE',  ( -7.268758542891430530, -18.21132373216831368, 28.49792388183717051 ) ) ;
#1693 = DIRECTION ( 'NONE',  ( -0.5000000000000246470, 0.8660254037844244968, 0.000000000000000000 ) ) ;
#1694 = CARTESIAN_POINT ( 'NONE',  ( -12.34337459273207571, 14.90993811576555039, 28.94988630248567674 ) ) ;
#1695 = EDGE_CURVE ( 'NONE', #1202, #10502, #585, .T. ) ;
#1696 = CARTESIAN_POINT ( 'NONE',  ( -6.772227839030561469, -18.22955923224315455, 29.02188948244884870 ) ) ;
#1697 = CARTESIAN_POINT ( 'NONE',  ( -12.31559699776962802, 14.96874116227344764, 29.23946325439809968 ) ) ;
#1698 = AXIS2_PLACEMENT_3D ( 'NONE', #1840, #5859, #1948 ) ;
#1699 = EDGE_CURVE ( 'NONE', #10449, #9186, #684, .T. ) ;
#1700 = AXIS2_PLACEMENT_3D ( 'NONE', #5584, #8036, #7233 ) ;
#1701 = ORIENTED_EDGE ( 'NONE', *, *, #9137, .F. ) ;
#1702 = AXIS2_PLACEMENT_3D ( 'NONE', #3286, #1676, #983 ) ;
#1703 = EDGE_CURVE ( 'NONE', #3391, #8303, #6379, .T. ) ;
#1704 = LINE ( 'NONE', #8126, #546 ) ;
#1705 = CARTESIAN_POINT ( 'NONE',  ( 20.79539736716371578, 3.555666939284764183, 28.30000000000000071 ) ) ;
#1706 = CARTESIAN_POINT ( 'NONE',  ( -19.42398773735348527, 2.857023104600410868, 28.52364477516059083 ) ) ;
#1707 = CARTESIAN_POINT ( 'NONE',  ( 19.06485235039491499, 2.939070579845260767, 29.36598323523190146 ) ) ;
#1708 = AXIS2_PLACEMENT_3D ( 'NONE', #9135, #774, #7425 ) ;
#1709 = PLANE ( 'NONE',  #6128 ) ;
#1710 = LINE ( 'NONE', #5083, #9115 ) ;
#1711 = CARTESIAN_POINT ( 'NONE',  ( 12.11121307716724260, 15.09700031702640644, 28.43325468956135182 ) ) ;
#1712 = CARTESIAN_POINT ( 'NONE',  ( -6.973901218524066969, -18.17138626692370451, 29.39252822737533677 ) ) ;
#1713 = FACE_OUTER_BOUND ( 'NONE', #238, .T. ) ;
#1714 = CARTESIAN_POINT ( 'NONE',  ( 18.02283528607400953, -1.242114669128955295, 32.00000000000000000 ) ) ;
#1715 = CARTESIAN_POINT ( 'NONE',  ( -19.35709302433141943, 2.686940533111699114, 28.48906993330934512 ) ) ;
#1716 = ORIENTED_EDGE ( 'NONE', *, *, #2809, .T. ) ;
#1717 = LINE ( 'NONE', #4877, #2724 ) ;
#1718 = CARTESIAN_POINT ( 'NONE',  ( -11.93852222598961887, 15.26670539106910240, 28.49996611647302203 ) ) ;
#1719 = CARTESIAN_POINT ( 'NONE',  ( -11.50222350350320077, -19.84040790171520641, 7.499999999999999112 ) ) ;
#1720 = CARTESIAN_POINT ( 'NONE',  ( 19.26283295995371603, 3.104919434887217111, 28.67601094394468220 ) ) ;
#1721 = CARTESIAN_POINT ( 'NONE',  ( 11.99937882446774218, 14.84197261033962434, 29.26872302910135204 ) ) ;
#1722 = ORIENTED_EDGE ( 'NONE', *, *, #2515, .F. ) ;
#1723 = CARTESIAN_POINT ( 'NONE',  ( 12.35875398065095965, 15.11136625725791305, 28.72730946408373143 ) ) ;
#1724 = ORIENTED_EDGE ( 'NONE', *, *, #1776, .F. ) ;
#1725 = VERTEX_POINT ( 'NONE', #8784 ) ;
#1726 = LINE ( 'NONE', #8050, #3590 ) ;
#1727 = LINE ( 'NONE', #9813, #4254 ) ;
#1728 = AXIS2_PLACEMENT_3D ( 'NONE', #6160, #9420, #10066 ) ;
#1729 = DIRECTION ( 'NONE',  ( 0.8660254037844389297, -0.4999999999999996114, 0.000000000000000000 ) ) ;
#1730 = EDGE_CURVE ( 'NONE', #7353, #6110, #10388, .T. ) ;
#1731 = VERTEX_POINT ( 'NONE', #7121 ) ;
#1732 = CARTESIAN_POINT ( 'NONE',  ( 30.25164126293732636, -9.443571319384146179, 9.916405932672349266 ) ) ;
#1733 = FACE_OUTER_BOUND ( 'NONE', #132, .T. ) ;
#1734 = CARTESIAN_POINT ( 'NONE',  ( -17.64969215867381180, -0.2253311029998235626, 28.20000000000000284 ) ) ;
#1735 = EDGE_LOOP ( 'NONE', ( #4143, #10522, #5143, #536 ) ) ;
#1736 = CARTESIAN_POINT ( 'NONE',  ( -12.32783062311628619, 15.09633069075906420, 28.63784412778030486 ) ) ;
#1737 = CARTESIAN_POINT ( 'NONE',  ( -7.049949833103785757, -18.25854252234370279, 28.55369193092578328 ) ) ;
#1738 = EDGE_LOOP ( 'NONE', ( #5647, #7030, #7579, #6180 ) ) ;
#1739 = ORIENTED_EDGE ( 'NONE', *, *, #8435, .F. ) ;
#1740 = CARTESIAN_POINT ( 'NONE',  ( -19.23967650138738250, 2.870215321744379100, 28.49479497753991097 ) ) ;
#1741 = AXIS2_PLACEMENT_3D ( 'NONE', #2419, #1560, #5692 ) ;
#1742 = CARTESIAN_POINT ( 'NONE',  ( 12.66119697378137765, 17.64451529956971498, 28.20000000000000284 ) ) ;
#1743 = DIRECTION ( 'NONE',  ( 0.4999999999999976130, 0.8660254037844400399, 0.000000000000000000 ) ) ;
#1744 = CARTESIAN_POINT ( 'NONE',  ( 19.19249599798019190, 3.197196738749144007, 28.94504104994394922 ) ) ;
#1745 = DIRECTION ( 'NONE',  ( 0.000000000000000000, 0.000000000000000000, -1.000000000000000000 ) ) ;
#1746 = ADVANCED_FACE ( 'NONE', ( #3048 ), #6272, .T. ) ;
#1747 = ORIENTED_EDGE ( 'NONE', *, *, #4780, .T. ) ;
#1748 = CARTESIAN_POINT ( 'NONE',  ( -12.30157893317674400, 14.86647632217907322, 29.02039068512984699 ) ) ;
#1749 = CARTESIAN_POINT ( 'NONE',  ( -6.775983678044553038, -18.24688846529137010, 29.02151808774231156 ) ) ;
#1750 = CARTESIAN_POINT ( 'NONE',  ( -12.21477775827191081, 14.86969911847567971, 29.21719270237529997 ) ) ;
#1751 = AXIS2_PLACEMENT_3D ( 'NONE', #101, #9900, #2568 ) ;
#1752 = CIRCLE ( 'NONE', #9967, 0.2000000000000001221 ) ;
#1753 = EDGE_LOOP ( 'NONE', ( #8205, #9567 ) ) ;
#1754 = CARTESIAN_POINT ( 'NONE',  ( -12.12655847131027897, 15.00388169674214112, 29.37620154903505210 ) ) ;
#1755 = DIRECTION ( 'NONE',  ( -1.000000000000000000, 0.000000000000000000, 0.000000000000000000 ) ) ;
#1756 = CARTESIAN_POINT ( 'NONE',  ( -19.23653710738830824, 2.892703510457314664, 28.51984599146678079 ) ) ;
#1757 = CARTESIAN_POINT ( 'NONE',  ( 19.20887618090219817, 2.981381473198756904, 29.39315144937307878 ) ) ;
#1758 = CARTESIAN_POINT ( 'NONE',  ( 19.38664721243531019, 2.743213899426713898, 28.49832330636391831 ) ) ;
#1759 = CIRCLE ( 'NONE', #7746, 0.1999999999999996503 ) ;
#1760 = CARTESIAN_POINT ( 'NONE',  ( 12.27525016830637661, 14.72279151508877604, 28.35285573610602583 ) ) ;
#1761 = CARTESIAN_POINT ( 'NONE',  ( -6.969843978521580219, -18.14291893709770065, 29.38940110160854857 ) ) ;
#1762 = DIRECTION ( 'NONE',  ( 0.5000000000000237588, 0.8660254037844249408, -0.000000000000000000 ) ) ;
#1763 = EDGE_LOOP ( 'NONE', ( #9339, #1317, #4233, #4157 ) ) ;
#1764 = DIRECTION ( 'NONE',  ( 1.000000000000000000, 0.000000000000000000, 0.000000000000000000 ) ) ;
#1765 = CIRCLE ( 'NONE', #9118, 4.999999999999997335 ) ;
#1766 = CIRCLE ( 'NONE', #7411, 5.000000000000000888 ) ;
#1767 = FACE_OUTER_BOUND ( 'NONE', #4195, .T. ) ;
#1768 = ORIENTED_EDGE ( 'NONE', *, *, #10405, .T. ) ;
#1769 = VECTOR ( 'NONE', #3592, 1000.000000000000000 ) ;
#1771 = EDGE_CURVE ( 'NONE', #4657, #6987, #9417, .T. ) ;
#1770 = DIRECTION ( 'NONE',  ( 0.000000000000000000, 0.000000000000000000, 1.000000000000000000 ) ) ;
#1772 = CARTESIAN_POINT ( 'NONE',  ( 6.869213548534244929, -18.31051245033924246, 29.04080592708211128 ) ) ;
#1773 = FACE_OUTER_BOUND ( 'NONE', #2268, .T. ) ;
#1774 = CARTESIAN_POINT ( 'NONE',  ( 19.24748927020630163, 3.106229614680744433, 28.68220484227242295 ) ) ;
#1775 = LINE ( 'NONE', #5045, #3466 ) ;
#1776 = EDGE_CURVE ( 'NONE', #173, #9991, #4629, .T. ) ;
#1777 = ORIENTED_EDGE ( 'NONE', *, *, #2412, .F. ) ;
#1778 = CARTESIAN_POINT ( 'NONE',  ( -12.18730406071047589, 15.41033965031467368, 28.49996611647303624 ) ) ;
#1779 = ADVANCED_FACE ( 'NONE', ( #7975 ), #3428, .F. ) ;
#1780 = ORIENTED_EDGE ( 'NONE', *, *, #6692, .T. ) ;
#1781 = AXIS2_PLACEMENT_3D ( 'NONE', #4538, #461, #4921 ) ;
#1782 = ORIENTED_EDGE ( 'NONE', *, *, #9241, .F. ) ;
#1783 = CARTESIAN_POINT ( 'NONE',  ( 12.07598911176079248, 15.21272216989742532, 28.45793782530210692 ) ) ;
#1784 = DIRECTION ( 'NONE',  ( 0.000000000000000000, 0.000000000000000000, 1.000000000000000000 ) ) ;
#1785 = EDGE_CURVE ( 'NONE', #5648, #10177, #4539, .T. ) ;
#1786 = CARTESIAN_POINT ( 'NONE',  ( 12.03472172864365852, 15.26482814789891584, 28.45310400665135120 ) ) ;
#1787 = VERTEX_POINT ( 'NONE', #6220 ) ;
#1788 = CARTESIAN_POINT ( 'NONE',  ( -21.07241370345680664, 3.446341281275412616, 28.30000000000000071 ) ) ;
#1789 = PLANE ( 'NONE',  #2559 ) ;
#1790 = FACE_OUTER_BOUND ( 'NONE', #2765, .T. ) ;
#1791 = EDGE_LOOP ( 'NONE', ( #5209, #2131 ) ) ;
#1792 = CARTESIAN_POINT ( 'NONE',  ( -12.29925825316788845, 14.98086842271711916, 28.66825318885493701 ) ) ;
#1793 = CARTESIAN_POINT ( 'NONE',  ( -6.896009686984514886, -18.19231196277571172, 28.58794429354589894 ) ) ;
#1794 = ORIENTED_EDGE ( 'NONE', *, *, #8820, .T. ) ;
#1795 = ORIENTED_EDGE ( 'NONE', *, *, #2075, .F. ) ;
#1796 = SPHERICAL_SURFACE ( 'NONE', #7016, 0.2000000000000000111 ) ;
#1797 = CARTESIAN_POINT ( 'NONE',  ( 25.98928359826505385, -5.040407901715157735, 1.300000000000002487 ) ) ;
#1798 = CARTESIAN_POINT ( 'NONE',  ( 6.867373088359673083, -18.20184110423652868, 28.77817761727657953 ) ) ;
#1799 = CARTESIAN_POINT ( 'NONE',  ( 19.18833734929119217, 3.188806303089932292, 28.89557207280797968 ) ) ;
#1800 = CARTESIAN_POINT ( 'NONE',  ( -7.065847071325322304, -18.11171079575757403, 28.45309165528606243 ) ) ;
#1801 = CARTESIAN_POINT ( 'NONE',  ( 12.01598012174953745, 14.95835677590742385, 29.33484040554763084 ) ) ;
#1802 = VERTEX_POINT ( 'NONE', #9482 ) ;
#1803 = CARTESIAN_POINT ( 'NONE',  ( -12.37545896827485414, 14.94581665553938699, 29.02122770440091415 ) ) ;
#1804 = CARTESIAN_POINT ( 'NONE',  ( -6.783439989214736343, -18.32767642020609955, 29.01997792675010857 ) ) ;
#1805 = CARTESIAN_POINT ( 'NONE',  ( -12.33074826108695987, 14.98038864003623161, 29.24108934703788876 ) ) ;
#1806 = VECTOR ( 'NONE', #4960, 1000.000000000000000 ) ;
#1807 = AXIS2_PLACEMENT_3D ( 'NONE', #2343, #9885, #8119 ) ;
#1808 = VERTEX_POINT ( 'NONE', #2357 ) ;
#1809 = CARTESIAN_POINT ( 'NONE',  ( -28.57144849154789057, -23.55858703244554064, 7.286127132498562808 ) ) ;
#1810 = EDGE_CURVE ( 'NONE', #121, #3485, #5627, .T. ) ;
#1811 = CARTESIAN_POINT ( 'NONE',  ( -31.31360094162512908, -31.98515466406514562, 0.000000000000000000 ) ) ;
#1812 = CARTESIAN_POINT ( 'NONE',  ( -19.33167558097682104, 2.995182151245740165, 28.61444886225543982 ) ) ;
#1813 = CARTESIAN_POINT ( 'NONE',  ( -16.99147851343125026, 55.26410000294399794, 0.000000000000000000 ) ) ;
#1814 = B_SPLINE_CURVE_WITH_KNOTS ( 'NONE', 3,
 ( #9579, #3091, #7008, #1381, #7160, #570, #1325, #2934 ),
 .UNSPECIFIED., .F., .F.,
 ( 4, 2, 2, 4 ),
 ( 8.673617379884035472E-19, 0.0002125572543015737407, 0.0004251145086031466141, 0.0008502290172063004924 ),
 .UNSPECIFIED. ) ;
#1815 = CARTESIAN_POINT ( 'NONE',  ( 19.18814034563762760, 3.053006821983807129, 29.33732282281603787 ) ) ;
#1816 = DIRECTION ( 'NONE',  ( -1.000000000000000000, -6.859794606063990095E-16, -0.000000000000000000 ) ) ;
#1817 = CARTESIAN_POINT ( 'NONE',  ( 18.32278203956849438, 3.270801804841015681, 28.89685217857345023 ) ) ;
#1818 = CARTESIAN_POINT ( 'NONE',  ( -6.888557105132894876, -18.10833766507451514, 29.32698445422334288 ) ) ;
#1819 = CARTESIAN_POINT ( 'NONE',  ( -12.01620051582162141, 14.16460213702276150, 28.89685217857342536 ) ) ;
#1820 = ORIENTED_EDGE ( 'NONE', *, *, #2607, .T. ) ;
#1821 = DIRECTION ( 'NONE',  ( 0.8660254037844413721, -0.4999999999999951705, 0.000000000000000000 ) ) ;
#1822 = EDGE_CURVE ( 'NONE', #7520, #9193, #7364, .T. ) ;
#1823 = DIRECTION ( 'NONE',  ( -0.5000000000000246470, 0.8660254037844244968, 0.000000000000000000 ) ) ;
#1824 = ORIENTED_EDGE ( 'NONE', *, *, #5761, .T. ) ;
#1825 = FACE_OUTER_BOUND ( 'NONE', #3549, .T. ) ;
#1826 = CARTESIAN_POINT ( 'NONE',  ( 18.87455924121134743, 3.290544123280371380, 28.34816684064373860 ) ) ;
#1827 = CIRCLE ( 'NONE', #2858, 0.1999999999999997335 ) ;
#1828 = DIRECTION ( 'NONE',  ( 0.5000000000000007772, -0.8660254037844382635, 0.000000000000000000 ) ) ;
#1829 = CARTESIAN_POINT ( 'NONE',  ( 19.33648237276387860, 2.954624700448060359, 28.55044345638959769 ) ) ;
#1830 = DIRECTION ( 'NONE',  ( 0.8660254037844382635, 0.5000000000000008882, -0.000000000000000000 ) ) ;
#1831 = LINE ( 'NONE', #6014, #3992 ) ;
#1832 = ORIENTED_EDGE ( 'NONE', *, *, #9655, .F. ) ;
#1833 = CARTESIAN_POINT ( 'NONE',  ( 7.203141678540874615, -18.16739745982415855, 28.49082585307911941 ) ) ;
#1834 = EDGE_CURVE ( 'NONE', #6596, #5004, #5490, .T. ) ;
#1835 = AXIS2_PLACEMENT_3D ( 'NONE', #3187, #10579, #8969 ) ;
#1836 = EDGE_CURVE ( 'NONE', #611, #5338, #9533, .T. ) ;
#1837 = EDGE_CURVE ( 'NONE', #5376, #7781, #1207, .T. ) ;
#1838 = ORIENTED_EDGE ( 'NONE', *, *, #3477, .F. ) ;
#1839 = CARTESIAN_POINT ( 'NONE',  ( 12.04672235157217663, 14.79936177228823624, 29.22072941136057267 ) ) ;
#1840 = CARTESIAN_POINT ( 'NONE',  ( 0.04777649649677667698, -17.54040790171488950, 38.50000000000000000 ) ) ;
#1841 = CARTESIAN_POINT ( 'NONE',  ( 12.13616815785279890, 15.48675207156711586, 28.49572437472053821 ) ) ;
#1842 = ORIENTED_EDGE ( 'NONE', *, *, #1215, .F. ) ;
#1843 = PLANE ( 'NONE',  #1420 ) ;
#1844 = AXIS2_PLACEMENT_3D ( 'NONE', #1556, #857, #6434 ) ;
#1845 = CARTESIAN_POINT ( 'NONE',  ( -12.08234111760926233, 15.21486650646627758, 28.47258626902891265 ) ) ;
#1846 = ORIENTED_EDGE ( 'NONE', *, *, #1610, .F. ) ;
#1847 = CARTESIAN_POINT ( 'NONE',  ( -12.30936906420333088, 15.03711916068604637, 28.66125330968745999 ) ) ;
#1848 = CARTESIAN_POINT ( 'NONE',  ( -6.955163157400712670, -18.23624294246625510, 28.59508510857577690 ) ) ;
#1849 = ORIENTED_EDGE ( 'NONE', *, *, #7790, .F. ) ;
#1850 = VERTEX_POINT ( 'NONE', #2513 ) ;
#1851 = AXIS2_PLACEMENT_3D ( 'NONE', #5678, #9687, #1651 ) ;
#1852 = DIRECTION ( 'NONE',  ( -1.000000000000000000, 0.000000000000000000, 0.000000000000000000 ) ) ;
#1853 = FACE_OUTER_BOUND ( 'NONE', #9351, .T. ) ;
#1854 = DIRECTION ( 'NONE',  ( -1.000000000000000000, -1.101697372407250679E-15, 0.000000000000000000 ) ) ;
#1855 = CARTESIAN_POINT ( 'NONE',  ( 19.02002170103798662, 3.188113889524339051, 28.93961484146476693 ) ) ;
#1856 = CARTESIAN_POINT ( 'NONE',  ( -7.138947830378411297, -18.13158784426120107, 28.46855919273956559 ) ) ;
#1857 = FACE_OUTER_BOUND ( 'NONE', #3632, .T. ) ;
#1858 = EDGE_LOOP ( 'NONE', ( #6982, #6886, #8914, #5111 ) ) ;
#1859 = CARTESIAN_POINT ( 'NONE',  ( -12.40262773512628947, 14.96662078029861398, 29.02036582846017509 ) ) ;
#1860 = CARTESIAN_POINT ( 'NONE',  ( -6.713303095821822275, -18.12979827686608303, 28.94811733839774703 ) ) ;
#1861 = TOROIDAL_SURFACE ( 'NONE', #1342, 1.299999999999999378, 0.2000000000000000111 ) ;
#1862 = ORIENTED_EDGE ( 'NONE', *, *, #9402, .T. ) ;
#1863 = CARTESIAN_POINT ( 'NONE',  ( -7.065847071325322304, -18.11171079575757403, 28.45309165528606243 ) ) ;
#1864 = CARTESIAN_POINT ( 'NONE',  ( 22.43440205453820369, 1.116827546908616187, 7.499999999999999112 ) ) ;
#1865 = CARTESIAN_POINT ( 'NONE',  ( -19.27074932523762385, 2.877867038818441081, 28.52932907220548486 ) ) ;
#1866 = CARTESIAN_POINT ( 'NONE',  ( 22.10579389784012250, 1.508157380145664472, 32.00000000000000000 ) ) ;
#1867 = CARTESIAN_POINT ( 'NONE',  ( 19.20293013020569362, 2.978695310961159581, 29.39265277535490029 ) ) ;
#1868 = FACE_OUTER_BOUND ( 'NONE', #9128, .T. ) ;
#1869 = ADVANCED_FACE ( 'NONE', ( #4070, #8241 ), #9045, .F. ) ;
#1870 = AXIS2_PLACEMENT_3D ( 'NONE', #10191, #6124, #9386 ) ;
#1871 = CARTESIAN_POINT ( 'NONE',  ( -19.48076087391736522, 2.742593862394162141, 28.49953455754358345 ) ) ;
#1872 = CARTESIAN_POINT ( 'NONE',  ( -6.974062759180150728, -18.17280500565309254, 29.39265277535493226 ) ) ;
#1873 = CARTESIAN_POINT ( 'NONE',  ( 7.204275035616066525, 17.49618134940923753, 28.20000000000000284 ) ) ;
#1874 = VECTOR ( 'NONE', #3210, 1000.000000000000000 ) ;
#1875 = VERTEX_POINT ( 'NONE', #155 ) ;
#1876 = CARTESIAN_POINT ( 'NONE',  ( -11.30222350350324945, -15.24040790171520143, 7.499999999999999112 ) ) ;
#1877 = AXIS2_PLACEMENT_3D ( 'NONE', #5067, #995, #7263 ) ;
#1878 = CARTESIAN_POINT ( 'NONE',  ( 8.027480116372956331, 16.47034832448947128, 28.20000000000000284 ) ) ;
#1879 = ORIENTED_EDGE ( 'NONE', *, *, #1275, .F. ) ;
#1880 = CARTESIAN_POINT ( 'NONE',  ( 35.66020715873202818, -40.25833186246222795, 3.500000000000000444 ) ) ;
#1881 = CARTESIAN_POINT ( 'NONE',  ( 13.76464446549248777, 16.13328818044161039, 28.81812133211679594 ) ) ;
#1882 = AXIS2_PLACEMENT_3D ( 'NONE', #5125, #9778, #2447 ) ;
#1883 = DIRECTION ( 'NONE',  ( -1.101697372407250679E-15, 1.000000000000000000, 0.000000000000000000 ) ) ;
#1884 = CARTESIAN_POINT ( 'NONE',  ( 19.30503567967501155, 3.007181662096821473, 28.58138870355752559 ) ) ;
#1885 = DIRECTION ( 'NONE',  ( -1.000000000000000000, 2.857191607799910219E-15, 0.000000000000000000 ) ) ;
#1886 = DIRECTION ( 'NONE',  ( 0.000000000000000000, -0.000000000000000000, -1.000000000000000000 ) ) ;
#1887 = EDGE_CURVE ( 'NONE', #8422, #9965, #5316, .T. ) ;
#1888 = VERTEX_POINT ( 'NONE', #739 ) ;
#1889 = CARTESIAN_POINT ( 'NONE',  ( 7.201779032483597298, -18.10820454365389409, 28.45006289492492613 ) ) ;
#1890 = ORIENTED_EDGE ( 'NONE', *, *, #2921, .T. ) ;
#1891 = DIRECTION ( 'NONE',  ( -0.000000000000000000, -0.000000000000000000, 1.000000000000000000 ) ) ;
#1892 = CARTESIAN_POINT ( 'NONE',  ( -20.97241370345681233, 3.619546362032294518, 1.500000000000001332 ) ) ;
#1893 = B_SPLINE_CURVE_WITH_KNOTS ( 'NONE', 3,
 ( #681, #7277, #6427, #5782, #10547, #4067, #2304, #3259 ),
 .UNSPECIFIED., .F., .F.,
 ( 4, 2, 2, 4 ),
 ( -4.468563372867724680E-06, 0.0004206035592700850209, 0.0006331396205915656690, 0.0008456756819130463714 ),
 .UNSPECIFIED. ) ;
#1894 = CARTESIAN_POINT ( 'NONE',  ( 18.76907524960683915, 2.964480057692363779, 29.23849492710517950 ) ) ;
#1895 = VECTOR ( 'NONE', #1393, 1000.000000000000000 ) ;
#1896 = EDGE_LOOP ( 'NONE', ( #9372, #9435, #2478, #4329 ) ) ;
#1897 = LINE ( 'NONE', #7571, #397 ) ;
#1898 = CARTESIAN_POINT ( 'NONE',  ( -23.28076211353101499, -14.99999999999999467, -1.761828530288944705E-16 ) ) ;
#1899 = ORIENTED_EDGE ( 'NONE', *, *, #4090, .T. ) ;
#1900 = EDGE_CURVE ( 'NONE', #4956, #4037, #9744, .T. ) ;
#1901 = CARTESIAN_POINT ( 'NONE',  ( -12.16057380417092837, 15.26748498823891964, 28.51182152128780700 ) ) ;
#1902 = CARTESIAN_POINT ( 'NONE',  ( -7.062850562549963129, -18.27891594990851232, 28.54983368754992057 ) ) ;
#1903 = VERTEX_POINT ( 'NONE', #10550 ) ;
#1904 = AXIS2_PLACEMENT_3D ( 'NONE', #8511, #4396, #366 ) ;
#1905 = ORIENTED_EDGE ( 'NONE', *, *, #8322, .T. ) ;
#1906 = DIRECTION ( 'NONE',  ( 0.000000000000000000, 1.000000000000000000, 0.000000000000000000 ) ) ;
#1907 = CARTESIAN_POINT ( 'NONE',  ( 35.88653380537866155, -7.015170464834575625, 0.000000000000000000 ) ) ;
#1908 = ADVANCED_FACE ( 'NONE', ( #851 ), #6479, .F. ) ;
#1909 = DIRECTION ( 'NONE',  ( -1.101697372407250679E-15, 1.000000000000000000, 0.000000000000000000 ) ) ;
#1910 = CARTESIAN_POINT ( 'NONE',  ( 19.17873404240844692, 3.192393395967179082, 28.94605024060739851 ) ) ;
#1911 = CARTESIAN_POINT ( 'NONE',  ( -7.470624290268006007, -20.04040790171496411, 28.30000000000000071 ) ) ;
#1912 = CARTESIAN_POINT ( 'NONE',  ( -16.99147851343124671, 45.96410000294399367, 3.500000000000000444 ) ) ;
#1913 = VERTEX_POINT ( 'NONE', #2571 ) ;
#1914 = CARTESIAN_POINT ( 'NONE',  ( -12.40658674420118146, 14.96985877452152813, 28.94354312917897332 ) ) ;
#1915 = CARTESIAN_POINT ( 'NONE',  ( -6.813780161034872940, -18.27193766486952597, 28.80241461220759192 ) ) ;
#1916 = EDGE_LOOP ( 'NONE', ( #5736, #3854, #5306, #10423 ) ) ;
#1917 = DIRECTION ( 'NONE',  ( 0.000000000000000000, -0.000000000000000000, -1.000000000000000000 ) ) ;
#1918 = ADVANCED_FACE ( 'NONE', ( #4180 ), #4127, .F. ) ;
#1919 = ORIENTED_EDGE ( 'NONE', *, *, #9671, .F. ) ;
#1920 = LINE ( 'NONE', #9200, #9001 ) ;
#1921 = CARTESIAN_POINT ( 'NONE',  ( -19.41961788409978595, 2.807394378879554786, 28.51236442360054468 ) ) ;
#1922 = CARTESIAN_POINT ( 'NONE',  ( 13.63773856362837655, 15.81150537321264515, 29.21933216819987678 ) ) ;
#1923 = CARTESIAN_POINT ( 'NONE',  ( 19.17974894466067681, 3.048578209499371638, 29.33706150091946796 ) ) ;
#1924 = CIRCLE ( 'NONE', #5169, 1.299999999999999600 ) ;
#1925 = CARTESIAN_POINT ( 'NONE',  ( -25.97224062880127349, -5.040407901715212802, 32.00000000000000000 ) ) ;
#1926 = CARTESIAN_POINT ( 'NONE',  ( 18.51707580032466183, 3.086460124500968849, 29.07110049020094067 ) ) ;
#1927 = VECTOR ( 'NONE', #106, 999.9999999999998863 ) ;
#1928 = AXIS2_PLACEMENT_3D ( 'NONE', #7674, #9335, #385 ) ;
#1929 = CARTESIAN_POINT ( 'NONE',  ( -6.974709499791982736, -18.17929751772705416, 29.39315144937312141 ) ) ;
#1930 = DIRECTION ( 'NONE',  ( -0.000000000000000000, -0.000000000000000000, -1.000000000000000000 ) ) ;
#1931 = ORIENTED_EDGE ( 'NONE', *, *, #4368, .F. ) ;
#1932 = DIRECTION ( 'NONE',  ( 1.026956297778269800E-14, -1.000000000000000000, -0.000000000000000000 ) ) ;
#1933 = CARTESIAN_POINT ( 'NONE',  ( -28.03543761257884626, -22.41359829272902360, 7.678210401841443655 ) ) ;
#1934 = ORIENTED_EDGE ( 'NONE', *, *, #3342, .T. ) ;
#1935 = VECTOR ( 'NONE', #6399, 999.9999999999998863 ) ;
#1936 = FACE_OUTER_BOUND ( 'NONE', #6301, .T. ) ;
#1937 = CARTESIAN_POINT ( 'NONE',  ( -64.75802177898600576, -29.27751504141797412, 29.39427216176076030 ) ) ;
#1938 = DIRECTION ( 'NONE',  ( -0.000000000000000000, -0.000000000000000000, 1.000000000000000000 ) ) ;
#1939 = CARTESIAN_POINT ( 'NONE',  ( 19.21741174337278935, 3.040198970471843509, 28.59799519787826938 ) ) ;
#1940 = CARTESIAN_POINT ( 'NONE',  ( -56.97329120819080117, -13.31346813379115979, 7.000000000000000000 ) ) ;
#1941 = ORIENTED_EDGE ( 'NONE', *, *, #53, .F. ) ;
#1942 = CARTESIAN_POINT ( 'NONE',  ( 12.14318804609932378, 15.43468575598640591, 28.49953455754358345 ) ) ;
#1943 = CIRCLE ( 'NONE', #5192, 0.1999999999999987899 ) ;
#1944 = VERTEX_POINT ( 'NONE', #9797 ) ;
#1945 = AXIS2_PLACEMENT_3D ( 'NONE', #3143, #7107, #7267 ) ;
#1946 = DIRECTION ( 'NONE',  ( 0.5000000000000008882, -0.8660254037844381525, 0.000000000000000000 ) ) ;
#1947 = EDGE_CURVE ( 'NONE', #4244, #1281, #4477, .T. ) ;
#1948 = DIRECTION ( 'NONE',  ( -1.000000000000000000, -1.025749533621068769E-14, 0.000000000000000000 ) ) ;
#1949 = CARTESIAN_POINT ( 'NONE',  ( 12.07064833774134627, 15.22656710138860703, 28.45910458197132087 ) ) ;
#1950 = ORIENTED_EDGE ( 'NONE', *, *, #3327, .T. ) ;
#1951 = DIRECTION ( 'NONE',  ( 0.8660254037844389297, -0.4999999999999996114, 0.000000000000000000 ) ) ;
#1952 = VERTEX_POINT ( 'NONE', #7388 ) ;
#1953 = CARTESIAN_POINT ( 'NONE',  ( -12.23294865402630016, 15.12190624931642269, 28.56110974613779874 ) ) ;
#1954 = ORIENTED_EDGE ( 'NONE', *, *, #10210, .T. ) ;
#1955 = ORIENTED_EDGE ( 'NONE', *, *, #5028, .F. ) ;
#1956 = EDGE_CURVE ( 'NONE', #4956, #4033, #7374, .T. ) ;
#1957 = ORIENTED_EDGE ( 'NONE', *, *, #3514, .F. ) ;
#1958 = CARTESIAN_POINT ( 'NONE',  ( -56.97329120819080117, -13.31346813379115979, 7.000000000000000000 ) ) ;
#1959 = DIRECTION ( 'NONE',  ( 6.123233995736778362E-17, -1.060575238724906422E-16, 1.000000000000000000 ) ) ;
#1960 = FACE_OUTER_BOUND ( 'NONE', #3840, .T. ) ;
#1961 = CARTESIAN_POINT ( 'NONE',  ( 19.19019935606679894, 3.195786201354787082, 29.02092369858115362 ) ) ;
#1962 = DIRECTION ( 'NONE',  ( 0.4999999999999952260, 0.8660254037844413721, 0.000000000000000000 ) ) ;
#1963 = CARTESIAN_POINT ( 'NONE',  ( 42.76454612787576792, -5.100205573816938731, 7.000000000000000000 ) ) ;
#1964 = VERTEX_POINT ( 'NONE', #5844 ) ;
#1965 = CARTESIAN_POINT ( 'NONE',  ( -12.39167859260814097, 14.95816613313755816, 28.94467561622387564 ) ) ;
#1966 = CARTESIAN_POINT ( 'NONE',  ( -6.823461554655088079, -18.30525726641232964, 28.79535185817420029 ) ) ;
#1967 = EDGE_CURVE ( 'NONE', #2871, #7408, #6518, .T. ) ;
#1968 = ORIENTED_EDGE ( 'NONE', *, *, #1219, .T. ) ;
#1969 = LINE ( 'NONE', #3736, #3640 ) ;
#1970 = EDGE_LOOP ( 'NONE', ( #1472, #6049, #1890, #2278 ) ) ;
#1971 = EDGE_CURVE ( 'NONE', #2452, #4115, #8739, .T. ) ;
#1972 = CARTESIAN_POINT ( 'NONE',  ( 22.26119697378132400, 1.016827546908620539, 7.499999999999999112 ) ) ;
#1973 = CARTESIAN_POINT ( 'NONE',  ( -19.14706487632343368, 3.115975996984793106, 28.98383389130126275 ) ) ;
#1974 = CARTESIAN_POINT ( 'NONE',  ( -12.13691955806783263, 15.38125014415096281, 28.49996611647302203 ) ) ;
#1975 = CARTESIAN_POINT ( 'NONE',  ( 19.16778562925470197, 3.127581511893337218, 29.23935110316896058 ) ) ;
#1976 = CARTESIAN_POINT ( 'NONE',  ( 0.000000000000000000, 0.000000000000000000, 0.000000000000000000 ) ) ;
#1977 = CARTESIAN_POINT ( 'NONE',  ( 19.33904070563243494, 3.052687707980607623, 29.39571968233660471 ) ) ;
#1978 = DIRECTION ( 'NONE',  ( -0.8660254037844405950, -0.4999999999999966693, 0.000000000000000000 ) ) ;
#1979 = AXIS2_PLACEMENT_3D ( 'NONE', #5275, #6334, #2768 ) ;
#1980 = ADVANCED_FACE ( 'NONE', ( #1713 ), #4979, .F. ) ;
#1981 = CARTESIAN_POINT ( 'NONE',  ( -6.800582217201750268, -18.10478055827831767, 29.22236461136461827 ) ) ;
#1982 = CARTESIAN_POINT ( 'NONE',  ( 6.915782673762810084, -18.06625515827934692, 28.40239285496069144 ) ) ;
#1983 = CARTESIAN_POINT ( 'NONE',  ( 25.98076211353316722, -14.99999999999999467, 5.000000000000000000 ) ) ;
#1984 = ORIENTED_EDGE ( 'NONE', *, *, #9415, .F. ) ;
#1985 = AXIS2_PLACEMENT_3D ( 'NONE', #6702, #1883, #7662 ) ;
#1986 = DIRECTION ( 'NONE',  ( -0.5000000000000186517, -0.8660254037844278274, 0.000000000000000000 ) ) ;
#1987 = CARTESIAN_POINT ( 'NONE',  ( -17.47648707791699962, -0.3253311029999472748, 7.500000000000001776 ) ) ;
#1988 = DIRECTION ( 'NONE',  ( 0.000000000000000000, 0.000000000000000000, 1.000000000000000000 ) ) ;
#1989 = CARTESIAN_POINT ( 'NONE',  ( 19.29473649892577214, 2.961800731652540097, 28.55707014556310952 ) ) ;
#1990 = CARTESIAN_POINT ( 'NONE',  ( 13.67137691225092588, 15.89483232135368063, 28.69795491925963660 ) ) ;
#1991 = CARTESIAN_POINT ( 'NONE',  ( -9.919778323472767667, -20.04040790171520570, 32.00000000000000000 ) ) ;
#1992 = DIRECTION ( 'NONE',  ( -0.000000000000000000, -0.000000000000000000, -1.000000000000000000 ) ) ;
#1993 = CARTESIAN_POINT ( 'NONE',  ( 28.68076211353466576, -14.99999999999999467, -1.761828530288944705E-16 ) ) ;
#1994 = VERTEX_POINT ( 'NONE', #10604 ) ;
#1995 = DIRECTION ( 'NONE',  ( 0.000000000000000000, 0.000000000000000000, -1.000000000000000000 ) ) ;
#1996 = FACE_OUTER_BOUND ( 'NONE', #7136, .T. ) ;
#1997 = CARTESIAN_POINT ( 'NONE',  ( 12.04715127736882962, 15.25731220469025118, 28.45682784588647607 ) ) ;
#1998 = ORIENTED_EDGE ( 'NONE', *, *, #6945, .T. ) ;
#1999 = CARTESIAN_POINT ( 'NONE',  ( 8.668775522576252612, 24.95959209828481207, 32.00000000000000000 ) ) ;
#2000 = EDGE_CURVE ( 'NONE', #3735, #921, #5668, .T. ) ;
#2001 = AXIS2_PLACEMENT_3D ( 'NONE', #7323, #5727, #2454 ) ;
#2002 = VERTEX_POINT ( 'NONE', #9155 ) ;
#2003 = CARTESIAN_POINT ( 'NONE',  ( -12.24019097940496614, 15.18306966049276241, 28.55345917653067289 ) ) ;
#2004 = ORIENTED_EDGE ( 'NONE', *, *, #1730, .T. ) ;
#2005 = EDGE_CURVE ( 'NONE', #8336, #8733, #1067, .T. ) ;
#2006 = ORIENTED_EDGE ( 'NONE', *, *, #2464, .F. ) ;
#2007 = ORIENTED_EDGE ( 'NONE', *, *, #3378, .F. ) ;
#2008 = FACE_OUTER_BOUND ( 'NONE', #6883, .T. ) ;
#2009 = AXIS2_PLACEMENT_3D ( 'NONE', #2243, #9684, #3148 ) ;
#2010 = CARTESIAN_POINT ( 'NONE',  ( 21.78440205453820511, 2.242660571828388072, 7.499999999999999112 ) ) ;
#2011 = DIRECTION ( 'NONE',  ( 1.000000000000000000, -8.673617379884013384E-15, 0.000000000000000000 ) ) ;
#2012 = CARTESIAN_POINT ( 'NONE',  ( 19.17465363330991224, 3.151945289459008759, 28.77428108138869334 ) ) ;
#2013 = DIRECTION ( 'NONE',  ( -0.8660254037844382635, -0.5000000000000008882, 0.000000000000000000 ) ) ;
#2014 = DIRECTION ( 'NONE',  ( -0.8660254037844407060, 0.4999999999999967804, 0.000000000000000000 ) ) ;
#2015 = VERTEX_POINT ( 'NONE', #9902 ) ;
#2016 = EDGE_CURVE ( 'NONE', #221, #6984, #1224, .T. ) ;
#2017 = CARTESIAN_POINT ( 'NONE',  ( -12.42812288473012039, 14.99322921169365586, 28.89164846083753346 ) ) ;
#2018 = CARTESIAN_POINT ( 'NONE',  ( -6.803466162834509667, -18.22689963225424847, 28.77722214436132830 ) ) ;
#2019 = ORIENTED_EDGE ( 'NONE', *, *, #4570, .F. ) ;
#2020 = CARTESIAN_POINT ( 'NONE',  ( -6.995734599150376987, -18.15862773628795424, 28.49253256704140469 ) ) ;
#2021 = EDGE_LOOP ( 'NONE', ( #6714, #9674, #10149, #8841, #7812 ) ) ;
#2022 = CARTESIAN_POINT ( 'NONE',  ( 7.329375709731994704, -20.04040790171518438, 28.30000000000000071 ) ) ;
#2023 = CARTESIAN_POINT ( 'NONE',  ( -19.17398142299223096, 3.107566020122240147, 28.84940306705107105 ) ) ;
#2024 = DIRECTION ( 'NONE',  ( -1.101697372407250679E-15, 1.000000000000000000, 0.000000000000000000 ) ) ;
#2025 = CARTESIAN_POINT ( 'NONE',  ( 19.10434391483037686, 3.150163159965811754, 29.11632209014459249 ) ) ;
#2026 = ADVANCED_FACE ( 'NONE', ( #5196 ), #7205, .T. ) ;
#2027 = PLANE ( 'NONE',  #2102 ) ;
#2028 = AXIS2_PLACEMENT_3D ( 'NONE', #1976, #7492, #2783 ) ;
#2029 = DIRECTION ( 'NONE',  ( -0.8660254037844381525, -0.5000000000000009992, 0.000000000000000000 ) ) ;
#2030 = EDGE_CURVE ( 'NONE', #3025, #4708, #2588, .T. ) ;
#2031 = CARTESIAN_POINT ( 'NONE',  ( -6.820404669312950752, -18.17670972343346136, 29.23475643499853405 ) ) ;
#2032 = CARTESIAN_POINT ( 'NONE',  ( 7.184385800462279370, -18.11770646187447298, 28.45793782530211047 ) ) ;
#2033 = ORIENTED_EDGE ( 'NONE', *, *, #8124, .F. ) ;
#2034 = FACE_OUTER_BOUND ( 'NONE', #4470, .T. ) ;
#2035 = EDGE_CURVE ( 'NONE', #5797, #2817, #10282, .T. ) ;
#2036 = ORIENTED_EDGE ( 'NONE', *, *, #7371, .F. ) ;
#2037 = DIRECTION ( 'NONE',  ( 0.000000000000000000, 0.000000000000000000, 1.000000000000000000 ) ) ;
#2038 = CARTESIAN_POINT ( 'NONE',  ( 12.24985723135833204, 17.90790466667289493, 31.85167049527234795 ) ) ;
#2039 = TOROIDAL_SURFACE ( 'NONE', #824, 11.99999999999999822, 0.5000000000000000000 ) ;
#2040 = CARTESIAN_POINT ( 'NONE',  ( -10.20222350350310769, -15.24040790171519966, 28.19999999999999929 ) ) ;
#2041 = CARTESIAN_POINT ( 'NONE',  ( 19.32196896609025316, 2.954834847374473661, 28.55285223188879229 ) ) ;
#2042 = DIRECTION ( 'NONE',  ( 0.000000000000000000, 0.5819559853448693643, -0.8132202844993984270 ) ) ;
#2043 = TOROIDAL_SURFACE ( 'NONE', #10250, 11.99999999999999822, 0.5000000000000000000 ) ;
#2044 = CARTESIAN_POINT ( 'NONE',  ( 7.219148938590717712, -18.30185092128483859, 28.52035741246448808 ) ) ;
#2045 = CIRCLE ( 'NONE', #1870, 2.500000000002149836 ) ;
#2046 = AXIS2_PLACEMENT_3D ( 'NONE', #3802, #7918, #2136 ) ;
#2047 = AXIS2_PLACEMENT_3D ( 'NONE', #7025, #8674, #6774 ) ;
#2048 = ORIENTED_EDGE ( 'NONE', *, *, #10479, .T. ) ;
#2049 = DIRECTION ( 'NONE',  ( -0.8660254037844413721, 0.4999999999999952260, -0.000000000000000000 ) ) ;
#2050 = CARTESIAN_POINT ( 'NONE',  ( -18.29969215867379617, -1.351164127919600499, 28.20000000000000284 ) ) ;
#2051 = CARTESIAN_POINT ( 'NONE',  ( 12.26151142500157043, 15.27211453534149932, 28.55438087439620531 ) ) ;
#2052 = VERTEX_POINT ( 'NONE', #4499 ) ;
#2053 = PLANE ( 'NONE',  #5701 ) ;
#2054 = ORIENTED_EDGE ( 'NONE', *, *, #9096, .T. ) ;
#2055 = CARTESIAN_POINT ( 'NONE',  ( -12.28306918722765495, 15.15927954451089121, 28.57757612190032503 ) ) ;
#2056 = ORIENTED_EDGE ( 'NONE', *, *, #5879, .F. ) ;
#2057 = ORIENTED_EDGE ( 'NONE', *, *, #10156, .T. ) ;
#2058 = ORIENTED_EDGE ( 'NONE', *, *, #1610, .T. ) ;
#2059 = VECTOR ( 'NONE', #5314, 999.9999999999998863 ) ;
#2060 = EDGE_CURVE ( 'NONE', #6340, #8483, #6961, .T. ) ;
#2061 = DIRECTION ( 'NONE',  ( 0.000000000000000000, -1.000000000000000000, 0.000000000000000000 ) ) ;
#2062 = DIRECTION ( 'NONE',  ( 0.000000000000000000, 0.000000000000000000, -1.000000000000000000 ) ) ;
#2063 = CARTESIAN_POINT ( 'NONE',  ( 19.13543368438705983, 3.159440055144377979, 28.78364706566536668 ) ) ;
#2064 = DIRECTION ( 'NONE',  ( -0.000000000000000000, -0.000000000000000000, -1.000000000000000000 ) ) ;
#2065 = CARTESIAN_POINT ( 'NONE',  ( 19.34055949337129121, 2.739110404812422850, 28.49151031559262037 ) ) ;
#2066 = ORIENTED_EDGE ( 'NONE', *, *, #1290, .F. ) ;
#2067 = CARTESIAN_POINT ( 'NONE',  ( -12.37119869272857109, 14.94028000844633830, 28.94661436368554419 ) ) ;
#2068 = CARTESIAN_POINT ( 'NONE',  ( -6.770648025813115645, -18.19321733845744049, 28.78419057182919971 ) ) ;
#2069 = ORIENTED_EDGE ( 'NONE', *, *, #379, .T. ) ;
#2070 = CARTESIAN_POINT ( 'NONE',  ( 12.01119697378130802, 18.77034832448960699, 7.500000000000001776 ) ) ;
#2071 = CARTESIAN_POINT ( 'NONE',  ( 17.00852148289529708, 48.46410000294401499, 3.500000000000000444 ) ) ;
#2072 = CARTESIAN_POINT ( 'NONE',  ( -19.07250205166044310, 3.077953661585819845, 29.11248138954955778 ) ) ;
#2073 = CARTESIAN_POINT ( 'NONE',  ( 13.55124528402448547, 15.76772172119996007, 29.22420668026211743 ) ) ;
#2074 = CARTESIAN_POINT ( 'NONE',  ( 19.06269661724458331, 3.141804867585365368, 29.11132331808940776 ) ) ;
#2075 = EDGE_CURVE ( 'NONE', #8336, #9018, #5032, .T. ) ;
#2076 = CARTESIAN_POINT ( 'NONE',  ( -25.98076211353316367, -14.99999999999999467, 5.000000000000000000 ) ) ;
#2077 = CARTESIAN_POINT ( 'NONE',  ( 19.40975672110861439, 2.755666939284763028, 28.30000000000000071 ) ) ;
#2078 = CARTESIAN_POINT ( 'NONE',  ( -6.791549050344959149, -18.24287626402551865, 29.12062072675452029 ) ) ;
#2079 = CYLINDRICAL_SURFACE ( 'NONE', #7550, 1.099999999999998979 ) ;
#2080 = EDGE_LOOP ( 'NONE', ( #420, #6611, #9302, #78 ) ) ;
#2081 = CARTESIAN_POINT ( 'NONE',  ( -9.102223503503108049, -15.24040790171519788, 28.19999999999999929 ) ) ;
#2082 = VERTEX_POINT ( 'NONE', #418 ) ;
#2083 = CARTESIAN_POINT ( 'NONE',  ( -19.29406741431580130, 2.727492824140016037, 28.47345447845363253 ) ) ;
#2084 = FACE_OUTER_BOUND ( 'NONE', #3237, .T. ) ;
#2085 = AXIS2_PLACEMENT_3D ( 'NONE', #5433, #3725, #8692 ) ;
#2086 = CARTESIAN_POINT ( 'NONE',  ( 19.30066690228621695, 2.812118430040613237, 28.49032133270145550 ) ) ;
#2087 = CARTESIAN_POINT ( 'NONE',  ( -10.20222350350324980, -15.24040790171519966, 7.499999999999999112 ) ) ;
#2088 = CARTESIAN_POINT ( 'NONE',  ( -12.33678277340508878, 14.93446331711662189, 29.11966729756898786 ) ) ;
#2089 = CARTESIAN_POINT ( 'NONE',  ( -7.157502393290176457, -18.13903927310028763, 28.47258626902892331 ) ) ;
#2090 = DIRECTION ( 'NONE',  ( 0.000000000000000000, -1.000000000000000000, 0.000000000000000000 ) ) ;
#2091 = CARTESIAN_POINT ( 'NONE',  ( 6.933943054179746213, -18.16673935863216727, 29.26526618238304422 ) ) ;
#2092 = CIRCLE ( 'NONE', #3116, 0.1999999999999987899 ) ;
#2093 = VECTOR ( 'NONE', #4405, 1000.000000000000000 ) ;
#2094 = EDGE_CURVE ( 'NONE', #2806, #4041, #1386, .T. ) ;
#2095 = ORIENTED_EDGE ( 'NONE', *, *, #7977, .F. ) ;
#2096 = CARTESIAN_POINT ( 'NONE',  ( -18.29969215867388499, -1.351164127919718405, 7.500000000000001776 ) ) ;
#2097 = ADVANCED_FACE ( 'NONE', ( #6912 ), #2079, .F. ) ;
#2098 = CARTESIAN_POINT ( 'NONE',  ( -8.699692158673890674, 15.27652362474151637, 7.499999999999999112 ) ) ;
#2099 = CARTESIAN_POINT ( 'NONE',  ( 12.26032052011809093, 15.07447145074867123, 28.62640598283532611 ) ) ;
#2100 = VERTEX_POINT ( 'NONE', #2790 ) ;
#2101 = CARTESIAN_POINT ( 'NONE',  ( 11.39777649649680313, -19.84040790171517799, 7.500000000000001776 ) ) ;
#2102 = AXIS2_PLACEMENT_3D ( 'NONE', #7706, #7006, #10519 ) ;
#2103 = ORIENTED_EDGE ( 'NONE', *, *, #4556, .F. ) ;
#2104 = CARTESIAN_POINT ( 'NONE',  ( -12.25080378848968010, 15.20283395493907896, 28.54983368754991702 ) ) ;
#2105 = VERTEX_POINT ( 'NONE', #9368 ) ;
#2106 = EDGE_CURVE ( 'NONE', #2861, #2420, #9879, .T. ) ;
#2107 = CIRCLE ( 'NONE', #6385, 0.1999999999999987899 ) ;
#2108 = ORIENTED_EDGE ( 'NONE', *, *, #8210, .T. ) ;
#2109 = ADVANCED_FACE ( 'NONE', ( #8405 ), #3588, .F. ) ;
#2110 = ORIENTED_EDGE ( 'NONE', *, *, #9948, .F. ) ;
#2111 = VECTOR ( 'NONE', #2366, 1000.000000000000000 ) ;
#2112 = CARTESIAN_POINT ( 'NONE',  ( 7.071715600440875882, -18.15881015614894523, 29.39427216176076385 ) ) ;
#2113 = AXIS2_PLACEMENT_3D ( 'NONE', #2750, #2803, #222 ) ;
#2114 = CARTESIAN_POINT ( 'NONE',  ( 8.182883192314079679, 15.97901849125258167, 32.00000000000000000 ) ) ;
#2115 = CARTESIAN_POINT ( 'NONE',  ( 19.23849810148190187, 3.152512963363431009, 28.75414600629967765 ) ) ;
#2116 = DIRECTION ( 'NONE',  ( 0.5000000000000015543, -0.8660254037844379305, 0.000000000000000000 ) ) ;
#2117 = CARTESIAN_POINT ( 'NONE',  ( -4.321605534190316789, 22.45959209828479786, 32.00000000000000000 ) ) ;
#2118 = VERTEX_POINT ( 'NONE', #2885 ) ;
#2119 = CARTESIAN_POINT ( 'NONE',  ( -12.34218500559216558, 14.94130983889601616, 28.81538093623591834 ) ) ;
#2120 = CARTESIAN_POINT ( 'NONE',  ( -6.788163028212463423, -18.28074520455797369, 28.89402095766429923 ) ) ;
#2121 = ORIENTED_EDGE ( 'NONE', *, *, #5432, .T. ) ;
#2122 = ORIENTED_EDGE ( 'NONE', *, *, #9101, .T. ) ;
#2123 = DIRECTION ( 'NONE',  ( -0.000000000000000000, 0.000000000000000000, 1.000000000000000000 ) ) ;
#2124 = AXIS2_PLACEMENT_3D ( 'NONE', #6530, #849, #4816 ) ;
#2125 = CARTESIAN_POINT ( 'NONE',  ( -18.98454857553175046, 3.073667221304956954, 29.09999204729840372 ) ) ;
#2126 = CARTESIAN_POINT ( 'NONE',  ( -12.80963901077161715, 14.69530359262368968, 28.93216315803738325 ) ) ;
#2127 = CARTESIAN_POINT ( 'NONE',  ( 19.15159183351766004, 3.170434560003694724, 29.09561133619424211 ) ) ;
#2128 = CARTESIAN_POINT ( 'NONE',  ( 20.51299070439755923, 3.903219350553825073, 29.22074885758648932 ) ) ;
#2129 = CARTESIAN_POINT ( 'NONE',  ( -6.793932057148086123, -18.26050826270669702, 29.12109540609277403 ) ) ;
#2130 = DIRECTION ( 'NONE',  ( -0.000000000000000000, -0.000000000000000000, -1.000000000000000000 ) ) ;
#2131 = ORIENTED_EDGE ( 'NONE', *, *, #6133, .T. ) ;
#2132 = DIRECTION ( 'NONE',  ( 0.5000000000000004441, -0.8660254037844384856, -6.938893903907228378E-15 ) ) ;
#2133 = EDGE_CURVE ( 'NONE', #6211, #1994, #4301, .T. ) ;
#2134 = DIRECTION ( 'NONE',  ( -1.000000000000000000, 3.190973401373108884E-16, 0.000000000000000000 ) ) ;
#2135 = ORIENTED_EDGE ( 'NONE', *, *, #7846, .T. ) ;
#2136 = DIRECTION ( 'NONE',  ( 0.4999999999999976130, 0.8660254037844400399, 0.000000000000000000 ) ) ;
#2137 = DIRECTION ( 'NONE',  ( 0.000000000000000000, -1.000000000000000000, 0.000000000000000000 ) ) ;
#2138 = AXIS2_PLACEMENT_3D ( 'NONE', #8736, #3111, #1398 ) ;
#2139 = CARTESIAN_POINT ( 'NONE',  ( 19.36801108101992597, 2.847424910029837442, 28.51293251449592248 ) ) ;
#2140 = FACE_OUTER_BOUND ( 'NONE', #9850, .T. ) ;
#2141 = CARTESIAN_POINT ( 'NONE',  ( -12.42551183355261202, 14.99775168499426137, 29.12167673825767977 ) ) ;
#2142 = FACE_OUTER_BOUND ( 'NONE', #2430, .T. ) ;
#2143 = DIRECTION ( 'NONE',  ( -1.000000000000000000, 3.190973401373108884E-16, 0.000000000000000000 ) ) ;
#2144 = ADVANCED_FACE ( 'NONE', ( #1015 ), #869, .T. ) ;
#2145 = CARTESIAN_POINT ( 'NONE',  ( 6.808463432019870254, -18.04537929428434850, 29.09972267522865508 ) ) ;
#2146 = TOROIDAL_SURFACE ( 'NONE', #8131, 0.4000000000000000222, 0.2000000000000000111 ) ;
#2147 = EDGE_LOOP ( 'NONE', ( #2597, #9421, #7544, #5973 ) ) ;
#2148 = DIRECTION ( 'NONE',  ( -0.8660254037844380415, -0.5000000000000008882, 0.000000000000000000 ) ) ;
#2149 = CARTESIAN_POINT ( 'NONE',  ( 28.83064391108912972, -36.31528168298778780, 0.000000000000000000 ) ) ;
#2150 = CARTESIAN_POINT ( 'NONE',  ( 12.16835858636727608, 15.40500899020549852, 28.50357777001490689 ) ) ;
#2151 = ORIENTED_EDGE ( 'NONE', *, *, #7800, .F. ) ;
#2152 = CARTESIAN_POINT ( 'NONE',  ( 7.338473918892932879, -18.21831736561330928, 28.49984473210476210 ) ) ;
#2153 = EDGE_CURVE ( 'NONE', #5328, #1802, #3479, .T. ) ;
#2154 = VERTEX_POINT ( 'NONE', #1873 ) ;
#2155 = CARTESIAN_POINT ( 'NONE',  ( -12.11471612902150419, 15.30402358192470125, 28.49764529064227148 ) ) ;
#2156 = ORIENTED_EDGE ( 'NONE', *, *, #3604, .F. ) ;
#2157 = EDGE_CURVE ( 'NONE', #344, #8704, #2732, .T. ) ;
#2158 = ADVANCED_FACE ( 'NONE', ( #7059 ), #7861, .F. ) ;
#2159 = ORIENTED_EDGE ( 'NONE', *, *, #2188, .F. ) ;
#2160 = ORIENTED_EDGE ( 'NONE', *, *, #1632, .F. ) ;
#2161 = DIRECTION ( 'NONE',  ( -0.8660254037844233865, -0.5000000000000266454, 0.000000000000000000 ) ) ;
#2162 = CARTESIAN_POINT ( 'NONE',  ( 6.887027079463813983, -17.81095286227283125, 29.25474978903301704 ) ) ;
#2163 = CARTESIAN_POINT ( 'NONE',  ( 19.22087505785541239, 3.169394579709559956, 28.79953951812954926 ) ) ;
#2164 = AXIS2_PLACEMENT_3D ( 'NONE', #9349, #4428, #7692 ) ;
#2165 = VERTEX_POINT ( 'NONE', #520 ) ;
#2166 = CARTESIAN_POINT ( 'NONE',  ( -34.62014489659932792, -8.510155853428614137, 7.347928911140284569 ) ) ;
#2167 = DIRECTION ( 'NONE',  ( 1.000000000000000000, 0.000000000000000000, 0.000000000000000000 ) ) ;
#2168 = ORIENTED_EDGE ( 'NONE', *, *, #7800, .T. ) ;
#2169 = CARTESIAN_POINT ( 'NONE',  ( -12.37841028521618014, 14.99414102295644646, 28.79922579099951463 ) ) ;
#2170 = CARTESIAN_POINT ( 'NONE',  ( -6.885444460786987797, -18.27456019204905147, 28.68250758446065873 ) ) ;
#2171 = AXIS2_PLACEMENT_3D ( 'NONE', #5220, #6888, #4317 ) ;
#2172 = ORIENTED_EDGE ( 'NONE', *, *, #5313, .T. ) ;
#2173 = ORIENTED_EDGE ( 'NONE', *, *, #8509, .F. ) ;
#2174 = FACE_OUTER_BOUND ( 'NONE', #3932, .T. ) ;
#2175 = CARTESIAN_POINT ( 'NONE',  ( -19.22039981225808702, 3.064025558757681456, 28.72291935036942334 ) ) ;
#2176 = CARTESIAN_POINT ( 'NONE',  ( -12.58432707943974727, 14.42102462615714309, 28.85721545602093130 ) ) ;
#2177 = CARTESIAN_POINT ( 'NONE',  ( 19.09801577236995485, 3.155522415678270853, 29.09240906841041507 ) ) ;
#2178 = CARTESIAN_POINT ( 'NONE',  ( -7.224455776695042353, -18.28590247145031711, 28.50088384319749579 ) ) ;
#2179 = DIRECTION ( 'NONE',  ( -1.000000000000000000, -1.101697372407250679E-15, 0.000000000000000000 ) ) ;
#2180 = LINE ( 'NONE', #2397, #3653 ) ;
#2181 = AXIS2_PLACEMENT_3D ( 'NONE', #1606, #109, #9802 ) ;
#2182 = CARTESIAN_POINT ( 'NONE',  ( -6.793588762852022178, -18.25767878075729200, 29.12103161720359168 ) ) ;
#2183 = DIRECTION ( 'NONE',  ( 0.000000000000000000, 0.000000000000000000, 1.000000000000000000 ) ) ;
#2184 = CARTESIAN_POINT ( 'NONE',  ( 12.43600488213368571, 18.43455944376617239, 32.00000000000000000 ) ) ;
#2185 = ORIENTED_EDGE ( 'NONE', *, *, #159, .T. ) ;
#2186 = CARTESIAN_POINT ( 'NONE',  ( 12.23946213389539039, 15.17521287547564945, 29.39307649821726187 ) ) ;
#2187 = CIRCLE ( 'NONE', #991, 5.000000000000000888 ) ;
#2188 = EDGE_CURVE ( 'NONE', #4578, #4886, #8907, .T. ) ;
#2189 = CARTESIAN_POINT ( 'NONE',  ( -12.11356797664488205, 15.36351725728515660, 28.30000000000000071 ) ) ;
#2190 = CARTESIAN_POINT ( 'NONE',  ( 19.24967755696758331, 2.815292069902680439, 28.46855919273957269 ) ) ;
#2191 = CARTESIAN_POINT ( 'NONE',  ( -28.52656003189965261, -26.60040012809324139, 7.000000000000000000 ) ) ;
#2192 = CARTESIAN_POINT ( 'NONE',  ( -12.32290591516114375, 14.91333093483765637, 29.09435986582332845 ) ) ;
#2193 = CARTESIAN_POINT ( 'NONE',  ( 9.197776496496031129, 55.26510000294467062, 7.500000000000001776 ) ) ;
#2194 = CARTESIAN_POINT ( 'NONE',  ( 19.50975672110861225, 2.582461858527874909, 1.500000000000001332 ) ) ;
#2195 = B_SPLINE_CURVE_WITH_KNOTS ( 'NONE', 3,
 ( #3213, #2521, #10506, #6436, #4025, #6589 ),
 .UNSPECIFIED., .F., .F.,
 ( 4, 2, 4 ),
 ( -1.999999999999913089E-05, 0.004351930522649490908, 0.008723861045298981001 ),
 .UNSPECIFIED. ) ;
#2196 = CARTESIAN_POINT ( 'NONE',  ( 6.893369813830793724, -18.33755860109015856, 29.15681029280536052 ) ) ;
#2197 = AXIS2_PLACEMENT_3D ( 'NONE', #5333, #2014, #1211 ) ;
#2198 = AXIS2_PLACEMENT_3D ( 'NONE', #6136, #5329, #1259 ) ;
#2199 = ORIENTED_EDGE ( 'NONE', *, *, #5247, .F. ) ;
#2200 = CARTESIAN_POINT ( 'NONE',  ( -8.599692158673940767, 15.44972870549827348, 28.19999999999999929 ) ) ;
#2201 = AXIS2_PLACEMENT_3D ( 'NONE', #5858, #8371, #2807 ) ;
#2202 = FACE_OUTER_BOUND ( 'NONE', #9369, .T. ) ;
#2203 = CARTESIAN_POINT ( 'NONE',  ( 11.36119697378130589, 19.89618134940937821, 7.500000000000001776 ) ) ;
#2204 = CARTESIAN_POINT ( 'NONE',  ( 12.36009473448794793, 15.11974068512720137, 28.70649800793767525 ) ) ;
#2205 = EDGE_CURVE ( 'NONE', #7393, #10468, #10486, .T. ) ;
#2206 = ORIENTED_EDGE ( 'NONE', *, *, #247, .F. ) ;
#2207 = FACE_OUTER_BOUND ( 'NONE', #4938, .T. ) ;
#2208 = VECTOR ( 'NONE', #1009, 1000.000000000000000 ) ;
#2209 = VERTEX_POINT ( 'NONE', #7217 ) ;
#2210 = CARTESIAN_POINT ( 'NONE',  ( -12.16831208299409539, 15.27795730932153973, 28.51282278473957632 ) ) ;
#2211 = AXIS2_PLACEMENT_3D ( 'NONE', #4555, #4455, #8619 ) ;
#2212 = VECTOR ( 'NONE', #6295, 1000.000000000000000 ) ;
#2213 = ORIENTED_EDGE ( 'NONE', *, *, #7665, .T. ) ;
#2214 = ORIENTED_EDGE ( 'NONE', *, *, #9158, .T. ) ;
#2215 = VERTEX_POINT ( 'NONE', #10326 ) ;
#2216 = AXIS2_PLACEMENT_3D ( 'NONE', #5175, #8491, #7739 ) ;
#2217 = CARTESIAN_POINT ( 'NONE',  ( 21.61119697378132187, 2.142660571828390204, 7.499999999999999112 ) ) ;
#2218 = CARTESIAN_POINT ( 'NONE',  ( 6.833407003618813924, -17.75767623758554592, 29.21508389285784801 ) ) ;
#2219 = CARTESIAN_POINT ( 'NONE',  ( 19.21568102976067394, 3.091578059415927893, 28.66393250065556941 ) ) ;
#2220 = CIRCLE ( 'NONE', #1363, 10.00000000000000000 ) ;
#2221 = VERTEX_POINT ( 'NONE', #7011 ) ;
#2222 = ADVANCED_FACE ( 'NONE', ( #3797 ), #10118, .T. ) ;
#2223 = CARTESIAN_POINT ( 'NONE',  ( -32.24114630326053543, -9.549325312700908341, 8.371661074373388800 ) ) ;
#2224 = DIRECTION ( 'NONE',  ( 0.000000000000000000, -1.000000000000000000, 0.000000000000000000 ) ) ;
#2225 = ORIENTED_EDGE ( 'NONE', *, *, #8178, .F. ) ;
#2226 = CARTESIAN_POINT ( 'NONE',  ( -12.39331054169848478, 15.00868765096721447, 28.79535185817418608 ) ) ;
#2227 = CARTESIAN_POINT ( 'NONE',  ( -6.848791802339212254, -18.31694649601556790, 28.74794295034653757 ) ) ;
#2228 = ORIENTED_EDGE ( 'NONE', *, *, #6608, .F. ) ;
#2229 = ORIENTED_EDGE ( 'NONE', *, *, #5259, .F. ) ;
#2230 = ADVANCED_FACE ( 'NONE', ( #9682 ), #1383, .F. ) ;
#2231 = CARTESIAN_POINT ( 'NONE',  ( -19.23481045802731160, 2.783760586832087824, 28.45793782530211047 ) ) ;
#2232 = CARTESIAN_POINT ( 'NONE',  ( -18.80088353542683066, 2.849030343874837001, 29.26982480751552629 ) ) ;
#2233 = PLANE ( 'NONE',  #10093 ) ;
#2234 = ADVANCED_FACE ( 'NONE', ( #9521 ), #4653, .F. ) ;
#2235 = CARTESIAN_POINT ( 'NONE',  ( 19.14695554857491899, 3.162539795110368868, 29.11951656146574408 ) ) ;
#2236 = CARTESIAN_POINT ( 'NONE',  ( -7.100357089927713972, -18.15196923065453660, 28.48139661619951113 ) ) ;
#2237 = DIRECTION ( 'NONE',  ( -0.8660254037844389297, 0.4999999999999996114, -0.000000000000000000 ) ) ;
#2238 = DIRECTION ( 'NONE',  ( -1.000000000000000000, 0.000000000000000000, 0.000000000000000000 ) ) ;
#2239 = CARTESIAN_POINT ( 'NONE',  ( -6.780324716059849877, -18.26043022513712799, 29.04639232172488050 ) ) ;
#2240 = DIRECTION ( 'NONE',  ( -0.000000000000000000, 0.000000000000000000, 1.000000000000000000 ) ) ;
#2241 = DIRECTION ( 'NONE',  ( 0.5000000000000006661, -0.8660254037844381525, 0.000000000000000000 ) ) ;
#2242 = ADVANCED_FACE ( 'NONE', ( #471 ), #9470, .F. ) ;
#2243 = CARTESIAN_POINT ( 'NONE',  ( -25.98076211353316367, -14.99999999999999467, 0.1999999999999996503 ) ) ;
#2244 = AXIS2_PLACEMENT_3D ( 'NONE', #6803, #6109, #7554 ) ;
#2245 = ORIENTED_EDGE ( 'NONE', *, *, #4227, .F. ) ;
#2246 = CARTESIAN_POINT ( 'NONE',  ( 12.10975672110860124, 15.39963783453756285, 1.700000000000000178 ) ) ;
#2247 = LINE ( 'NONE', #7814, #5781 ) ;
#2248 = CARTESIAN_POINT ( 'NONE',  ( 19.40060808586122221, 2.801541872281053447, 28.50084950265387818 ) ) ;
#2249 = CARTESIAN_POINT ( 'NONE',  ( -10.20222350350324980, -15.24040790171519966, 7.499999999999999112 ) ) ;
#2250 = CARTESIAN_POINT ( 'NONE',  ( -12.36447666738873963, 14.94979749878734054, 29.09622363287628488 ) ) ;
#2251 = CARTESIAN_POINT ( 'NONE',  ( 22.10579389784012250, 1.508157380145664472, 32.00000000000000000 ) ) ;
#2252 = DIRECTION ( 'NONE',  ( -0.000000000000000000, -0.000000000000000000, 1.000000000000000000 ) ) ;
#2253 = CARTESIAN_POINT ( 'NONE',  ( 6.949239609129399753, -18.27162320620016800, 28.71937570960240294 ) ) ;
#2254 = ORIENTED_EDGE ( 'NONE', *, *, #4874, .F. ) ;
#2255 = CARTESIAN_POINT ( 'NONE',  ( -2.500000000000000000, 30.00000000000000000, 5.000000000000000000 ) ) ;
#2256 = DIRECTION ( 'NONE',  ( -0.8660254037844389297, 0.4999999999999996114, -0.000000000000000000 ) ) ;
#2257 = CARTESIAN_POINT ( 'NONE',  ( 22.43440205453812908, 1.116827546908742974, 28.19999999999999929 ) ) ;
#2258 = CARTESIAN_POINT ( 'NONE',  ( 12.37116719229926787, 15.12782273957457058, 28.70137466129742876 ) ) ;
#2259 = VERTEX_POINT ( 'NONE', #1278 ) ;
#2260 = DIRECTION ( 'NONE',  ( 0.5000000000000012212, -0.8660254037844379305, 0.000000000000000000 ) ) ;
#2261 = CIRCLE ( 'NONE', #543, 1.300000000000000044 ) ;
#2262 = ORIENTED_EDGE ( 'NONE', *, *, #2974, .T. ) ;
#2263 = CARTESIAN_POINT ( 'NONE',  ( -12.07323403710736542, 15.26936710278563503, 28.48335828976511408 ) ) ;
#2264 = VECTOR ( 'NONE', #55, 1000.000000000000000 ) ;
#2265 = CIRCLE ( 'NONE', #4832, 5.000000000000004441 ) ;
#2266 = ORIENTED_EDGE ( 'NONE', *, *, #7124, .T. ) ;
#2267 = EDGE_CURVE ( 'NONE', #4728, #6640, #7759, .T. ) ;
#2268 = EDGE_LOOP ( 'NONE', ( #1669, #5214, #8099, #557 ) ) ;
#2269 = DIRECTION ( 'NONE',  ( 1.000000000000000000, 0.000000000000000000, -0.000000000000000000 ) ) ;
#2270 = FACE_OUTER_BOUND ( 'NONE', #10511, .T. ) ;
#2271 = CIRCLE ( 'NONE', #7406, 0.3000000000000003220 ) ;
#2272 = DIRECTION ( 'NONE',  ( -0.000000000000000000, -0.000000000000000000, -1.000000000000000000 ) ) ;
#2273 = CARTESIAN_POINT ( 'NONE',  ( 19.28180817558862614, 3.075152508668188567, 28.63929964006485918 ) ) ;
#2274 = ORIENTED_EDGE ( 'NONE', *, *, #5907, .F. ) ;
#2275 = CARTESIAN_POINT ( 'NONE',  ( 7.329375709731974275, -18.24040790171481063, 1.700000000000000178 ) ) ;
#2276 = CARTESIAN_POINT ( 'NONE',  ( -18.76025941512615702, 3.451109983602373088, 28.30000000000000071 ) ) ;
#2277 = CARTESIAN_POINT ( 'NONE',  ( 20.79539736716371578, 3.555666939284764627, 1.700000000000001510 ) ) ;
#2278 = ORIENTED_EDGE ( 'NONE', *, *, #5421, .F. ) ;
#2279 = CARTESIAN_POINT ( 'NONE',  ( -12.38241693250500930, 15.02913951093153599, 28.74989679937599263 ) ) ;
#2280 = AXIS2_PLACEMENT_3D ( 'NONE', #5515, #8720, #1384 ) ;
#2281 = CARTESIAN_POINT ( 'NONE',  ( -6.831710743648121031, -18.26926133206602998, 28.76129741667624273 ) ) ;
#2282 = EDGE_CURVE ( 'NONE', #2259, #7353, #2296, .T. ) ;
#2283 = TOROIDAL_SURFACE ( 'NONE', #9800, 1.299999999999999378, 0.2000000000000000111 ) ;
#2284 = ORIENTED_EDGE ( 'NONE', *, *, #993, .F. ) ;
#2285 = ORIENTED_EDGE ( 'NONE', *, *, #424, .F. ) ;
#2286 = CIRCLE ( 'NONE', #7592, 4.999999999999997335 ) ;
#2287 = DIRECTION ( 'NONE',  ( 0.8660254037844389297, -0.4999999999999996114, 0.000000000000000000 ) ) ;
#2288 = CARTESIAN_POINT ( 'NONE',  ( -19.29231255777289888, 2.980792083989569186, 29.37516867350009875 ) ) ;
#2289 = DIRECTION ( 'NONE',  ( 0.8660254037844381525, 0.5000000000000008882, 0.000000000000000000 ) ) ;
#2290 = CARTESIAN_POINT ( 'NONE',  ( 19.16804874768489952, 3.187278557002003243, 29.02151808774232578 ) ) ;
#2291 = CARTESIAN_POINT ( 'NONE',  ( -7.137154612743685789, -18.20654950707474029, 28.51086745970728842 ) ) ;
#2292 = CARTESIAN_POINT ( 'NONE',  ( 20.71522416728136307, 3.923586360037456089, 29.08135174646469778 ) ) ;
#2293 = DIRECTION ( 'NONE',  ( -0.000000000000000000, -0.000000000000000000, 1.000000000000000000 ) ) ;
#2294 = ADVANCED_FACE ( 'NONE', ( #3746 ), #7444, .F. ) ;
#2295 = CARTESIAN_POINT ( 'NONE',  ( -6.785101012181678826, -18.30896672184152152, 29.04568301858808610 ) ) ;
#2296 = LINE ( 'NONE', #8661, #4514 ) ;
#2297 = LINE ( 'NONE', #5458, #7751 ) ;
#2298 = ADVANCED_FACE ( 'NONE', ( #8146 ), #9808, .T. ) ;
#2299 = CARTESIAN_POINT ( 'NONE',  ( 6.900312114417749498, -18.31008876564294496, 28.84768870360847259 ) ) ;
#2300 = CARTESIAN_POINT ( 'NONE',  ( -19.34245564272336182, 2.712028559752396095, 28.48946452080793890 ) ) ;
#2301 = DIRECTION ( 'NONE',  ( 1.000000000000000000, 0.000000000000000000, -0.000000000000000000 ) ) ;
#2302 = ADVANCED_FACE ( 'NONE', ( #5645 ), #3275, .F. ) ;
#2303 = CARTESIAN_POINT ( 'NONE',  ( 19.39504658021840200, 2.797930645849228792, 28.50077200402968103 ) ) ;
#2304 = CARTESIAN_POINT ( 'NONE',  ( 13.69273513676785115, 15.85783879133089513, 28.75478689483102102 ) ) ;
#2305 = VECTOR ( 'NONE', #8335, 1000.000000000000000 ) ;
#2306 = CARTESIAN_POINT ( 'NONE',  ( -12.32791846274454173, 14.91820057597947802, 29.09473996170870080 ) ) ;
#2307 = DIRECTION ( 'NONE',  ( 9.389466242107310752E-16, 5.421010862427537947E-16, 1.000000000000000000 ) ) ;
#2308 = DIRECTION ( 'NONE',  ( -0.8660254037844413721, 0.4999999999999952260, -0.000000000000000000 ) ) ;
#2309 = CARTESIAN_POINT ( 'NONE',  ( 7.150759784144909759, -18.32177885342509072, 28.54958763040044545 ) ) ;
#2310 = ORIENTED_EDGE ( 'NONE', *, *, #9505, .T. ) ;
#2311 = FACE_OUTER_BOUND ( 'NONE', #878, .T. ) ;
#2312 = CARTESIAN_POINT ( 'NONE',  ( -7.226487077917003177, 17.42818967458105917, 7.499999999999999112 ) ) ;
#2313 = DIRECTION ( 'NONE',  ( -0.000000000000000000, -0.000000000000000000, 1.000000000000000000 ) ) ;
#2314 = CARTESIAN_POINT ( 'NONE',  ( 11.94586429080440304, 14.85434088724034218, 29.29245603865868119 ) ) ;
#2315 = CARTESIAN_POINT ( 'NONE',  ( 12.00852148289529708, 43.06387632116691577, 0.000000000000000000 ) ) ;
#2316 = ORIENTED_EDGE ( 'NONE', *, *, #5129, .F. ) ;
#2317 = CARTESIAN_POINT ( 'NONE',  ( -12.13975687519424618, 15.32807900067868445, 28.50086553066540418 ) ) ;
#2318 = VECTOR ( 'NONE', #8439, 1000.000000000000000 ) ;
#2319 = AXIS2_PLACEMENT_3D ( 'NONE', #6256, #2237, #3744 ) ;
#2320 = EDGE_LOOP ( 'NONE', ( #8463, #6511, #3288, #7764, #7683, #10107, #4675, #6134, #6804, #2476, #3083, #5756, #474, #4533, #3520, #9512, #5387, #7731, #10340, #1080, #9974, #7680, #5268, #9220, #8555, #3120, #2036, #8048, #2927, #1097 ) ) ;
#2321 = VERTEX_POINT ( 'NONE', #8256 ) ;
#2322 = VERTEX_POINT ( 'NONE', #4884 ) ;
#2323 = CARTESIAN_POINT ( 'NONE',  ( -8.049692158673945386, 16.40235664966115792, 28.19999999999999929 ) ) ;
#2324 = DIRECTION ( 'NONE',  ( -0.4999999999999864553, -0.8660254037844467012, -0.000000000000000000 ) ) ;
#2325 = EDGE_CURVE ( 'NONE', #7512, #4833, #7350, .T. ) ;
#2326 = ORIENTED_EDGE ( 'NONE', *, *, #9237, .F. ) ;
#2327 = CARTESIAN_POINT ( 'NONE',  ( 19.23768801733900347, 3.228235713588547107, 29.04799146136921095 ) ) ;
#2328 = CARTESIAN_POINT ( 'NONE',  ( -30.85849451573794155, -9.564357193412215352, 9.349024292105305278 ) ) ;
#2329 = ADVANCED_FACE ( 'NONE', ( #6545 ), #10, .T. ) ;
#2330 = CARTESIAN_POINT ( 'NONE',  ( 6.872199657667986017, -19.95572328224528746, 28.98139103825119633 ) ) ;
#2331 = ORIENTED_EDGE ( 'NONE', *, *, #4757, .F. ) ;
#2332 = CARTESIAN_POINT ( 'NONE',  ( -12.37195275452748433, 15.01718931568399107, 28.75399925754523522 ) ) ;
#2333 = CARTESIAN_POINT ( 'NONE',  ( -6.882678881146777172, -18.24028898281614630, 28.66393250065559428 ) ) ;
#2334 = VERTEX_POINT ( 'NONE', #919 ) ;
#2335 = ORIENTED_EDGE ( 'NONE', *, *, #5965, .T. ) ;
#2336 = VECTOR ( 'NONE', #10476, 1000.000000000000000 ) ;
#2337 = CYLINDRICAL_SURFACE ( 'NONE', #1835, 5.000000000000000888 ) ;
#2338 = CARTESIAN_POINT ( 'NONE',  ( -19.31682384236349037, 3.078982286738516372, 29.30506902833178984 ) ) ;
#2339 = CARTESIAN_POINT ( 'NONE',  ( -11.95376499546430438, 14.56381090966295311, 29.15715808751332005 ) ) ;
#2340 = CARTESIAN_POINT ( 'NONE',  ( 19.15714025470778736, 3.181185061497516120, 29.04663287802265970 ) ) ;
#2341 = CARTESIAN_POINT ( 'NONE',  ( -7.161521967076653006, -18.22909701483693468, 28.51155979876796209 ) ) ;
#2342 = EDGE_CURVE ( 'NONE', #8406, #10113, #8097, .T. ) ;
#2343 = CARTESIAN_POINT ( 'NONE',  ( 10.29777649649588511, 55.26510000294468483, 28.20000000000000284 ) ) ;
#2344 = CARTESIAN_POINT ( 'NONE',  ( -12.11356797664488205, 15.36351725728515660, 1.700000000000001510 ) ) ;
#2345 = CARTESIAN_POINT ( 'NONE',  ( -6.707321500474423104, -18.09433931807920359, 29.00834757554823184 ) ) ;
#2346 = CARTESIAN_POINT ( 'NONE',  ( -12.28083663036227158, 14.93935476507852833, 29.23428668920860218 ) ) ;
#2347 = AXIS2_PLACEMENT_3D ( 'NONE', #8007, #7801, #8816 ) ;
#2348 = DIRECTION ( 'NONE',  ( 0.4999999999999995004, 0.8660254037844388186, 0.000000000000000000 ) ) ;
#2349 = CARTESIAN_POINT ( 'NONE',  ( -19.23943891095121472, 2.774590340721019288, 28.45740621493172284 ) ) ;
#2350 = CARTESIAN_POINT ( 'NONE',  ( 18.83194263021832526, 2.944558101243342829, 29.27433224073487139 ) ) ;
#2351 = CARTESIAN_POINT ( 'NONE',  ( 19.39628444612750968, 2.745271873891652170, 28.49943600940355637 ) ) ;
#2352 = CIRCLE ( 'NONE', #297, 9.999999999999998224 ) ;
#2353 = CARTESIAN_POINT ( 'NONE',  ( -15.16655058737813988, 8.675596260870797494, 38.50000000000000000 ) ) ;
#2354 = CARTESIAN_POINT ( 'NONE',  ( 12.53993706354093085, 14.37137068035173471, 28.79813148509232335 ) ) ;
#2355 = EDGE_CURVE ( 'NONE', #4479, #4578, #8613, .T. ) ;
#2356 = DIRECTION ( 'NONE',  ( 0.8660254037844381525, 0.5000000000000008882, -0.000000000000000000 ) ) ;
#2357 = CARTESIAN_POINT ( 'NONE',  ( 8.668775522576252612, 24.95959209828481207, 17.00000000000000000 ) ) ;
#2358 = CARTESIAN_POINT ( 'NONE',  ( 6.212597389043716944, 37.86485431844214844, 7.054050248550145064 ) ) ;
#2359 = TOROIDAL_SURFACE ( 'NONE', #8856, 1.299999999999999378, 0.2000000000000000111 ) ;
#2360 = ORIENTED_EDGE ( 'NONE', *, *, #7399, .F. ) ;
#2362 = EDGE_CURVE ( 'NONE', #2905, #4101, #1665, .T. ) ;
#2361 = CARTESIAN_POINT ( 'NONE',  ( -17.31198659095685954, -20.04040790171521280, 32.00000000000000000 ) ) ;
#2363 = CARTESIAN_POINT ( 'NONE',  ( -18.29969215867387078, -1.351164127919725289, 7.500000000000001776 ) ) ;
#2364 = CARTESIAN_POINT ( 'NONE',  ( 18.82748011637289665, -2.235800397254281258, 7.499999999999999112 ) ) ;
#2365 = CARTESIAN_POINT ( 'NONE',  ( 12.26285858161408093, 14.86536904002573856, 28.97547592475822142 ) ) ;
#2366 = DIRECTION ( 'NONE',  ( -0.000000000000000000, -0.000000000000000000, -1.000000000000000000 ) ) ;
#2367 = VERTEX_POINT ( 'NONE', #8203 ) ;
#2368 = CARTESIAN_POINT ( 'NONE',  ( 12.34494823780774730, 15.13170318804468728, 29.32328110806550114 ) ) ;
#2369 = AXIS2_PLACEMENT_3D ( 'NONE', #1034, #7672, #3611 ) ;
#2370 = ORIENTED_EDGE ( 'NONE', *, *, #6446, .T. ) ;
#2371 = ORIENTED_EDGE ( 'NONE', *, *, #4001, .F. ) ;
#2372 = LINE ( 'NONE', #2426, #4383 ) ;
#2373 = LINE ( 'NONE', #5805, #9556 ) ;
#2374 = CARTESIAN_POINT ( 'NONE',  ( -12.09532086024076314, 15.35424807614577247, 28.49897003589892819 ) ) ;
#2375 = CIRCLE ( 'NONE', #1514, 1.099999999999998757 ) ;
#2376 = ORIENTED_EDGE ( 'NONE', *, *, #7316, .F. ) ;
#2377 = CARTESIAN_POINT ( 'NONE',  ( 29.68837822376334046, -9.260740096121802267, 10.51454132924442675 ) ) ;
#2378 = AXIS2_PLACEMENT_3D ( 'NONE', #7078, #6277, #9539 ) ;
#2379 = CARTESIAN_POINT ( 'NONE',  ( -35.86949083591573384, -7.015170464835084552, 7.071962365227528302 ) ) ;
#2380 = CIRCLE ( 'NONE', #3758, 0.5000000000000006661 ) ;
#2381 = DIRECTION ( 'NONE',  ( -1.101697372407250679E-15, 1.000000000000000000, 0.000000000000000000 ) ) ;
#2382 = ORIENTED_EDGE ( 'NONE', *, *, #9294, .T. ) ;
#2383 = CARTESIAN_POINT ( 'NONE',  ( -12.36984345106268179, 15.01456242079714620, 28.75495294412404590 ) ) ;
#2384 = CARTESIAN_POINT ( 'NONE',  ( -6.836560362357268161, -18.20032488863540721, 28.65917711185209882 ) ) ;
#2385 = EDGE_CURVE ( 'NONE', #817, #2593, #6818, .T. ) ;
#2386 = AXIS2_PLACEMENT_3D ( 'NONE', #6672, #8168, #2545 ) ;
#2387 = EDGE_LOOP ( 'NONE', ( #9003, #10247, #3382, #3979 ) ) ;
#2388 = VERTEX_POINT ( 'NONE', #1993 ) ;
#2389 = AXIS2_PLACEMENT_3D ( 'NONE', #6785, #2013, #4531 ) ;
#2390 = CARTESIAN_POINT ( 'NONE',  ( -19.23481045802731160, 2.783760586832087824, 28.45793782530211047 ) ) ;
#2391 = CARTESIAN_POINT ( 'NONE',  ( -19.26295161264267719, 3.058076304923411204, 29.29162244012556116 ) ) ;
#2392 = CARTESIAN_POINT ( 'NONE',  ( 21.16860244792060541, 3.309256777770989810, 28.30000000000000071 ) ) ;
#2393 = CARTESIAN_POINT ( 'NONE',  ( 19.20994403761697455, 3.193934744646954371, 29.09658653332300915 ) ) ;
#2394 = CIRCLE ( 'NONE', #8383, 0.2000000000000005107 ) ;
#2395 = CARTESIAN_POINT ( 'NONE',  ( -7.171346615162602411, -18.26556285646663014, 28.51200096476312140 ) ) ;
#2396 = CARTESIAN_POINT ( 'NONE',  ( 9.275795893297436479, 33.90820197496642407, 7.000000000000000000 ) ) ;
#2397 = CARTESIAN_POINT ( 'NONE',  ( -26.98347392270289902, -29.48515466406520602, 0.000000000000000000 ) ) ;
#2398 = CARTESIAN_POINT ( 'NONE',  ( -6.706474273845571155, -18.08147955292353259, 29.02794623883425729 ) ) ;
#2399 = CARTESIAN_POINT ( 'NONE',  ( -12.20723097792812162, 14.98259537978511879, 29.33101325149927163 ) ) ;
#2400 = CARTESIAN_POINT ( 'NONE',  ( -9.292901417278459419, -19.54040790171520570, 31.79166666666666785 ) ) ;
#2401 = EDGE_CURVE ( 'NONE', #7321, #5092, #2466, .T. ) ;
#2402 = DIRECTION ( 'NONE',  ( 0.8660254037844389297, -0.4999999999999996114, 0.000000000000000000 ) ) ;
#2403 = CARTESIAN_POINT ( 'NONE',  ( -19.49850901449577734, 2.706157659632400847, 28.49741873384403590 ) ) ;
#2404 = VECTOR ( 'NONE', #10447, 1000.000000000000114 ) ;
#2405 = CARTESIAN_POINT ( 'NONE',  ( 19.14648516997188565, 2.957970701922592038, 29.38474030246991830 ) ) ;
#2406 = CARTESIAN_POINT ( 'NONE',  ( -17.96951317695821970, -0.7624738365484088343, 31.97592877889153584 ) ) ;
#2407 = DIRECTION ( 'NONE',  ( -0.8660254037844413721, 0.4999999999999951705, -0.000000000000000000 ) ) ;
#2408 = CARTESIAN_POINT ( 'NONE',  ( 12.04449172953202662, 14.11268010671090778, 28.81281325806206084 ) ) ;
#2409 = DIRECTION ( 'NONE',  ( -0.000000000000000000, -0.000000000000000000, -1.000000000000000000 ) ) ;
#2410 = CARTESIAN_POINT ( 'NONE',  ( -33.47810067980676507, -39.00833186246143924, 3.500000000000000000 ) ) ;
#2411 = CARTESIAN_POINT ( 'NONE',  ( -27.31198659095687731, -10.04040790171521103, 17.00000000000000000 ) ) ;
#2412 = EDGE_CURVE ( 'NONE', #817, #6029, #8988, .T. ) ;
#2413 = ORIENTED_EDGE ( 'NONE', *, *, #4140, .T. ) ;
#2414 = CARTESIAN_POINT ( 'NONE',  ( 11.95901206230196934, 14.80182516367531598, 29.25474978903321599 ) ) ;
#2415 = CARTESIAN_POINT ( 'NONE',  ( 27.55604463051289343, -21.72993623400046204, 8.045836827089491550 ) ) ;
#2416 = FACE_OUTER_BOUND ( 'NONE', #9871, .T. ) ;
#2417 = DIRECTION ( 'NONE',  ( 1.000000000000000000, 0.000000000000000000, 0.000000000000000000 ) ) ;
#2418 = CARTESIAN_POINT ( 'NONE',  ( 12.29805548957862626, 15.25566569307568088, 29.42144249072444495 ) ) ;
#2419 = CARTESIAN_POINT ( 'NONE',  ( 17.32902956042066478, -10.04040790171517195, 32.00000000000000000 ) ) ;
#2420 = VERTEX_POINT ( 'NONE', #10134 ) ;
#2421 = CARTESIAN_POINT ( 'NONE',  ( -12.12642046316199007, 15.37518848888082701, 28.49996611647304334 ) ) ;
#2422 = EDGE_CURVE ( 'NONE', #716, #2215, #3486, .T. ) ;
#2423 = EDGE_CURVE ( 'NONE', #3873, #3394, #3493, .T. ) ;
#2424 = ORIENTED_EDGE ( 'NONE', *, *, #4032, .T. ) ;
#2425 = ORIENTED_EDGE ( 'NONE', *, *, #2016, .F. ) ;
#2426 = CARTESIAN_POINT ( 'NONE',  ( 28.12331695891582939, -27.54040790171518438, 0.000000000000000000 ) ) ;
#2427 = CARTESIAN_POINT ( 'NONE',  ( -12.20661409683920873, 18.80235664966127018, 7.499999999999999112 ) ) ;
#2428 = VECTOR ( 'NONE', #5227, 999.9999999999998863 ) ;
#2429 = PLANE ( 'NONE',  #9958 ) ;
#2430 = EDGE_LOOP ( 'NONE', ( #8918, #5814, #7448, #6999, #8753 ) ) ;
#2431 = CARTESIAN_POINT ( 'NONE',  ( 31.53610132076779848, -9.623205420403502686, 8.824703146707904011 ) ) ;
#2432 = ADVANCED_FACE ( 'NONE', ( #275 ), #4018, .F. ) ;
#2433 = VECTOR ( 'NONE', #10078, 999.9999999999998863 ) ;
#2434 = DIRECTION ( 'NONE',  ( 0.5000000000000016653, -0.8660254037844375974, 0.000000000000000000 ) ) ;
#2435 = DIRECTION ( 'NONE',  ( 0.8660254037844381525, 0.5000000000000008882, 0.000000000000000000 ) ) ;
#2436 = ORIENTED_EDGE ( 'NONE', *, *, #7044, .T. ) ;
#2437 = CARTESIAN_POINT ( 'NONE',  ( -12.32039561723986765, 15.07793132606631303, 28.64586321335963603 ) ) ;
#2438 = CARTESIAN_POINT ( 'NONE',  ( -6.945600916403255276, -18.31811007888020981, 28.62778276953628875 ) ) ;
#2439 = EDGE_CURVE ( 'NONE', #8047, #9493, #299, .T. ) ;
#2440 = ORIENTED_EDGE ( 'NONE', *, *, #5555, .F. ) ;
#2441 = ORIENTED_EDGE ( 'NONE', *, *, #7071, .F. ) ;
#2442 = AXIS2_PLACEMENT_3D ( 'NONE', #7225, #3312, #9643 ) ;
#2443 = CARTESIAN_POINT ( 'NONE',  ( 6.651203892504551796, -17.63989607671192772, 29.08350014986723053 ) ) ;
#2444 = CARTESIAN_POINT ( 'NONE',  ( -19.17954402583390916, 3.101576315856950927, 29.13266161564179768 ) ) ;
#2445 = DIRECTION ( 'NONE',  ( -0.8660254037844381525, -0.5000000000000008882, -0.000000000000000000 ) ) ;
#2446 = CARTESIAN_POINT ( 'NONE',  ( 19.14604478033869839, 3.177666517069179797, 29.04661602729914449 ) ) ;
#2447 = DIRECTION ( 'NONE',  ( 0.4999999999999951705, 0.8660254037844414832, 0.000000000000000000 ) ) ;
#2448 = CARTESIAN_POINT ( 'NONE',  ( 22.35296230499620052, 1.257885330871051366, 32.00000000000000000 ) ) ;
#2449 = CARTESIAN_POINT ( 'NONE',  ( -12.37280309747548834, 14.94633187017135612, 29.04643902444585635 ) ) ;
#2450 = CARTESIAN_POINT ( 'NONE',  ( -6.785146128597226323, -18.23941872769633576, 29.09602131301999961 ) ) ;
#2451 = CARTESIAN_POINT ( 'NONE',  ( -12.12350857695571094, 14.88050461535229907, 29.29608408413476539 ) ) ;
#2452 = VERTEX_POINT ( 'NONE', #1714 ) ;
#2453 = CARTESIAN_POINT ( 'NONE',  ( -28.52656003189965261, -26.60040012809324139, 7.000000000000000000 ) ) ;
#2454 = DIRECTION ( 'NONE',  ( -1.301042606982613209E-14, 1.000000000000000000, 0.000000000000000000 ) ) ;
#2455 = CARTESIAN_POINT ( 'NONE',  ( -19.35438482530610926, 2.730761418698574250, 28.49690751474866346 ) ) ;
#2456 = B_SPLINE_CURVE_WITH_KNOTS ( 'NONE', 3,
 ( #6106, #1066, #1926, #1817, #5241, #6858 ),
 .UNSPECIFIED., .F., .F.,
 ( 4, 2, 4 ),
 ( 0.0004264199171731529480, 0.0009190818439051961358, 0.001411743770637239378 ),
 .UNSPECIFIED. ) ;
#2457 = CARTESIAN_POINT ( 'NONE',  ( 17.00852148289529708, 55.26410000294389846, 7.000000000000000000 ) ) ;
#2458 = CIRCLE ( 'NONE', #3659, 2.500000000001501022 ) ;
#2459 = CARTESIAN_POINT ( 'NONE',  ( -6.976393275297233743, -18.20240168638266098, 29.39445004174326570 ) ) ;
#2460 = CARTESIAN_POINT ( 'NONE',  ( 16.87638935264598672, 9.743587935699126845, 38.50000000000000000 ) ) ;
#2461 = CARTESIAN_POINT ( 'NONE',  ( 11.93968318981701593, 14.72875050349683868, 29.21508389285824947 ) ) ;
#2462 = DIRECTION ( 'NONE',  ( -0.000000000000000000, -0.000000000000000000, -1.000000000000000000 ) ) ;
#2463 = DIRECTION ( 'NONE',  ( -0.8660254037844387076, -0.4999999999999997224, 0.000000000000000000 ) ) ;
#2464 = EDGE_CURVE ( 'NONE', #6825, #6276, #37, .T. ) ;
#2465 = CARTESIAN_POINT ( 'NONE',  ( 4.280111656395588327, 33.52472415294020891, 8.830748047287530156 ) ) ;
#2466 = B_SPLINE_CURVE_WITH_KNOTS ( 'NONE', 3,
 ( #8418, #5964, #7721, #9380 ),
 .UNSPECIFIED., .F., .F.,
 ( 4, 4 ),
 ( 0.000000000000000000, 1.000000000000000000 ),
 .UNSPECIFIED. ) ;
#2467 = EDGE_LOOP ( 'NONE', ( #1941, #662, #879, #4526 ) ) ;
#2468 = DIRECTION ( 'NONE',  ( -0.4999999999999985567, 0.8660254037844395958, 0.000000000000000000 ) ) ;
#2469 = CARTESIAN_POINT ( 'NONE',  ( 28.23595691638045224, -22.73959282298404005, 7.544557678934146416 ) ) ;
#2470 = CARTESIAN_POINT ( 'NONE',  ( -19.32498761090456441, 2.965924730944542009, 29.39427216176077096 ) ) ;
#2471 = CARTESIAN_POINT ( 'NONE',  ( 19.28766056722404443, 3.074662746491664045, 28.63700367107701794 ) ) ;
#2472 = CARTESIAN_POINT ( 'NONE',  ( 12.21283614898222680, 14.86991333529909731, 29.10260881292871105 ) ) ;
#2473 = EDGE_CURVE ( 'NONE', #7049, #1614, #8083, .T. ) ;
#2474 = VERTEX_POINT ( 'NONE', #3369 ) ;
#2475 = DIRECTION ( 'NONE',  ( 0.000000000000000000, -1.000000000000000000, 0.000000000000000000 ) ) ;
#2476 = ORIENTED_EDGE ( 'NONE', *, *, #1035, .F. ) ;
#2477 = PRODUCT ( '\X2\673a5934684667b665397248\X0\', '\X2\673a5934684667b665397248\X0\', '', ( #150 ) ) ;
#2478 = ORIENTED_EDGE ( 'NONE', *, *, #8992, .T. ) ;
#2479 = CARTESIAN_POINT ( 'NONE',  ( 11.92878413399685300, 14.51206790018651205, 29.08350014986723053 ) ) ;
#2480 = DIRECTION ( 'NONE',  ( -0.8660254037844413721, 0.4999999999999952260, -0.000000000000000000 ) ) ;
#2481 = CARTESIAN_POINT ( 'NONE',  ( 13.47153309346264116, 16.24097196907353791, 28.99837095140254206 ) ) ;
#2482 = ORIENTED_EDGE ( 'NONE', *, *, #1699, .T. ) ;
#2483 = AXIS2_PLACEMENT_3D ( 'NONE', #1719, #6489, #7400 ) ;
#2484 = DIRECTION ( 'NONE',  ( 0.5000000000000008882, -0.8660254037844382635, 0.000000000000000000 ) ) ;
#2485 = EDGE_CURVE ( 'NONE', #7408, #3282, #910, .T. ) ;
#2486 = CARTESIAN_POINT ( 'NONE',  ( -12.40671457556958934, 15.03030949086383927, 29.24448553307180632 ) ) ;
#2487 = CARTESIAN_POINT ( 'NONE',  ( 8.027480116372956331, 16.47034832448947128, 28.20000000000000284 ) ) ;
#2488 = ORIENTED_EDGE ( 'NONE', *, *, #852, .T. ) ;
#2489 = EDGE_CURVE ( 'NONE', #1888, #999, #2286, .T. ) ;
#2490 = CARTESIAN_POINT ( 'NONE',  ( -12.29588703301314823, 14.96756536230819279, 28.65917711185209527 ) ) ;
#2491 = CARTESIAN_POINT ( 'NONE',  ( -6.932102612870792768, -18.29237151337823164, 28.63784412778029775 ) ) ;
#2492 = ORIENTED_EDGE ( 'NONE', *, *, #7590, .T. ) ;
#2493 = VERTEX_POINT ( 'NONE', #10500 ) ;
#2494 = DIRECTION ( 'NONE',  ( -0.5000000000000162093, -0.8660254037844293817, 0.000000000000000000 ) ) ;
#2495 = DIRECTION ( 'NONE',  ( 1.000000000000000000, 0.000000000000000000, 0.000000000000000000 ) ) ;
#2496 = CARTESIAN_POINT ( 'NONE',  ( 61.22384018471328204, -35.42841641489633275, 38.50000000000000000 ) ) ;
#2497 = CARTESIAN_POINT ( 'NONE',  ( 19.08893330226936413, 3.168533371789621800, 29.02131299674799436 ) ) ;
#2498 = CARTESIAN_POINT ( 'NONE',  ( 7.329375709731972499, -18.04040790171481135, 28.50000000000000000 ) ) ;
#2499 = CARTESIAN_POINT ( 'NONE',  ( 6.974926708480573723, -20.04040790171518438, 28.70129651736450072 ) ) ;
#2500 = CARTESIAN_POINT ( 'NONE',  ( -12.35383979115350250, 14.93026290700551328, 29.04664075366861198 ) ) ;
#2501 = CARTESIAN_POINT ( 'NONE',  ( -6.783439989214736343, -18.30988144860729960, 29.01997792675010501 ) ) ;
#2502 = CARTESIAN_POINT ( 'NONE',  ( -12.22200896361072431, 15.08574487744883186, 29.39402779690527723 ) ) ;
#2503 = EDGE_LOOP ( 'NONE', ( #6482, #2228, #9441, #1298, #4300 ) ) ;
#2504 = CARTESIAN_POINT ( 'NONE',  ( -9.335411004886099207, -19.61484880114754148, 31.85085698210870930 ) ) ;
#2505 = DIRECTION ( 'NONE',  ( 0.8660254037844405950, 0.4999999999999966693, 0.000000000000000000 ) ) ;
#2506 = CARTESIAN_POINT ( 'NONE',  ( -19.43401698195714289, 2.774224857406528244, 28.50521988526669759 ) ) ;
#2507 = DIRECTION ( 'NONE',  ( 5.633679745264399073E-15, 3.252606517456514485E-15, 1.000000000000000000 ) ) ;
#2508 = CARTESIAN_POINT ( 'NONE',  ( 27.17839446395945657, -7.100008336930077490, 14.65471539906044995 ) ) ;
#2509 = CARTESIAN_POINT ( 'NONE',  ( -18.10483873669685195, -0.4136681010268247194, 31.79166666666666785 ) ) ;
#2510 = TOROIDAL_SURFACE ( 'NONE', #10036, 1.300000000000000266, 0.2000000000000000111 ) ;
#2511 = DIRECTION ( 'NONE',  ( -0.000000000000000000, -0.000000000000000000, -1.000000000000000000 ) ) ;
#2512 = CARTESIAN_POINT ( 'NONE',  ( -6.725450274653038463, -17.96532132830786566, 29.17298996065451533 ) ) ;
#2513 = CARTESIAN_POINT ( 'NONE',  ( -11.91356797664487921, 15.36351725728515838, 1.700000000000001510 ) ) ;
#2514 = CARTESIAN_POINT ( 'NONE',  ( 5.263022336881211238, 36.89722897354213416, 7.258331209290446395 ) ) ;
#2515 = EDGE_CURVE ( 'NONE', #5402, #1174, #2458, .T. ) ;
#2516 = DIRECTION ( 'NONE',  ( -0.000000000000000000, -0.000000000000000000, -1.000000000000000000 ) ) ;
#2517 = VERTEX_POINT ( 'NONE', #3207 ) ;
#2518 = VECTOR ( 'NONE', #2134, 1000.000000000000000 ) ;
#2519 = DIRECTION ( 'NONE',  ( -1.000000000000000000, -1.334402673828312452E-15, 0.000000000000000000 ) ) ;
#2520 = CARTESIAN_POINT ( 'NONE',  ( 7.071715600440882987, -18.31012240788767897, 29.39427216176076385 ) ) ;
#2521 = CARTESIAN_POINT ( 'NONE',  ( -8.136495471103051713, 25.85200890226871095, 15.96952635105771812 ) ) ;
#2522 = CARTESIAN_POINT ( 'NONE',  ( 19.25550475451440846, 3.105425718971391191, 28.67895602056625748 ) ) ;
#2523 = CARTESIAN_POINT ( 'NONE',  ( 12.39390839466490846, 15.06072869173028295, 28.84454820753350646 ) ) ;
#2524 = ORIENTED_EDGE ( 'NONE', *, *, #5152, .F. ) ;
#2525 = CARTESIAN_POINT ( 'NONE',  ( 12.16331289055197828, 15.44630484034854589, 28.49953455754358345 ) ) ;
#2526 = AXIS2_PLACEMENT_3D ( 'NONE', #2189, #3043, #6267 ) ;
#2527 = VERTEX_POINT ( 'NONE', #2411 ) ;
#2528 = ORIENTED_EDGE ( 'NONE', *, *, #2737, .T. ) ;
#2529 = DIRECTION ( 'NONE',  ( -0.000000000000000000, -0.000000000000000000, 1.000000000000000000 ) ) ;
#2530 = EDGE_CURVE ( 'NONE', #6096, #2923, #6910, .T. ) ;
#2531 = FACE_OUTER_BOUND ( 'NONE', #8004, .T. ) ;
#2532 = CARTESIAN_POINT ( 'NONE',  ( -11.50222350350310663, -15.24040790171520143, 28.19999999999999929 ) ) ;
#2533 = VECTOR ( 'NONE', #6214, 1000.000000000000000 ) ;
#2534 = ORIENTED_EDGE ( 'NONE', *, *, #5242, .F. ) ;
#2535 = CARTESIAN_POINT ( 'NONE',  ( -18.84969215867386794, -2.303792072082616826, 7.500000000000001776 ) ) ;
#2536 = DIRECTION ( 'NONE',  ( -0.000000000000000000, 0.000000000000000000, 1.000000000000000000 ) ) ;
#2537 = DIRECTION ( 'NONE',  ( 0.000000000000000000, 0.000000000000000000, -1.000000000000000000 ) ) ;
#2538 = EDGE_LOOP ( 'NONE', ( #6348, #5180, #2436, #7463 ) ) ;
#2539 = CARTESIAN_POINT ( 'NONE',  ( -12.34708692631751248, 15.06982244629863565, 28.67246655027657809 ) ) ;
#2540 = CARTESIAN_POINT ( 'NONE',  ( -6.997246203885126192, -18.27220294795574063, 28.58268923410724938 ) ) ;
#2541 = ORIENTED_EDGE ( 'NONE', *, *, #1540, .T. ) ;
#2542 = ORIENTED_EDGE ( 'NONE', *, *, #10389, .T. ) ;
#2543 = DIRECTION ( 'NONE',  ( 1.101697372407250679E-15, -1.000000000000000000, -0.000000000000000000 ) ) ;
#2544 = DIRECTION ( 'NONE',  ( 0.4999999999999998890, -0.8660254037844387076, 3.794707603699254475E-15 ) ) ;
#2545 = DIRECTION ( 'NONE',  ( 0.5000000000000004441, 0.8660254037844383745, 0.000000000000000000 ) ) ;
#2546 = AXIS2_PLACEMENT_3D ( 'NONE', #10483, #8767, #725 ) ;
#2547 = CARTESIAN_POINT ( 'NONE',  ( 19.19524182920069677, 3.198228104239556391, 28.94484905524021201 ) ) ;
#2548 = AXIS2_PLACEMENT_3D ( 'NONE', #3370, #265, #8049 ) ;
#2549 = DIRECTION ( 'NONE',  ( 0.000000000000000000, 0.000000000000000000, 1.000000000000000000 ) ) ;
#2550 = CARTESIAN_POINT ( 'NONE',  ( -17.64969215867388641, -0.2253311029999476023, 7.500000000000001776 ) ) ;
#2551 = ORIENTED_EDGE ( 'NONE', *, *, #5672, .F. ) ;
#2552 = CARTESIAN_POINT ( 'NONE',  ( -12.32126157495384433, 14.89210631199349244, 29.02176748229604542 ) ) ;
#2553 = CARTESIAN_POINT ( 'NONE',  ( -6.771176611012196922, -18.23666030128643811, 28.94788551875327443 ) ) ;
#2554 = CARTESIAN_POINT ( 'NONE',  ( -12.07344415252210368, 14.76042742292579923, 29.23745301409541142 ) ) ;
#2555 = AXIS2_PLACEMENT_3D ( 'NONE', #10295, #4517, #6278 ) ;
#2556 = EDGE_CURVE ( 'NONE', #6355, #8303, #4348, .T. ) ;
#2557 = VECTOR ( 'NONE', #6062, 1000.000000000000000 ) ;
#2558 = ORIENTED_EDGE ( 'NONE', *, *, #10083, .T. ) ;
#2559 = AXIS2_PLACEMENT_3D ( 'NONE', #4843, #8105, #4039 ) ;
#2560 = CARTESIAN_POINT ( 'NONE',  ( 19.27632071066918940, 3.016837037064771021, 29.39547860497322418 ) ) ;
#2561 = EDGE_CURVE ( 'NONE', #3617, #2015, #5788, .T. ) ;
#2562 = CARTESIAN_POINT ( 'NONE',  ( -8.902223503503108759, -15.04040790171519859, 28.19999999999999929 ) ) ;
#2563 = CARTESIAN_POINT ( 'NONE',  ( -19.25962987378444424, 2.996199067898029256, 28.62983234751151329 ) ) ;
#2564 = CARTESIAN_POINT ( 'NONE',  ( 19.14018301252726673, 3.117319056670118993, 29.23616197257686622 ) ) ;
#2565 = AXIS2_PLACEMENT_3D ( 'NONE', #2496, #5765, #1583 ) ;
#2566 = CARTESIAN_POINT ( 'NONE',  ( -6.975226809665871386, -18.18492390025755867, 29.39355036544957045 ) ) ;
#2567 = CARTESIAN_POINT ( 'NONE',  ( 6.105777404387103147, -17.54040790171482911, 28.72500000000000497 ) ) ;
#2568 = DIRECTION ( 'NONE',  ( -0.8660254037844427044, 0.4999999999999929501, 0.000000000000000000 ) ) ;
#2569 = ADVANCED_FACE ( 'NONE', ( #1126 ), #6111, .F. ) ;
#2570 = CARTESIAN_POINT ( 'NONE',  ( -6.891164275856248800, -18.11848764507892895, 29.32894863584515832 ) ) ;
#2571 = CARTESIAN_POINT ( 'NONE',  ( 17.00852148289529708, 43.06387632116691577, 7.000000000000000000 ) ) ;
#2572 = CARTESIAN_POINT ( 'NONE',  ( 7.036191983582354759, -18.03522283782893254, 29.36695709822263467 ) ) ;
#2573 = EDGE_CURVE ( 'NONE', #22, #8370, #5898, .T. ) ;
#2574 = AXIS2_PLACEMENT_3D ( 'NONE', #103, #3315, #5087 ) ;
#2575 = DIRECTION ( 'NONE',  ( 0.4999999999999952816, 0.8660254037844413721, 0.000000000000000000 ) ) ;
#2576 = ORIENTED_EDGE ( 'NONE', *, *, #3721, .T. ) ;
#2577 = CARTESIAN_POINT ( 'NONE',  ( 12.16792105520254808, 15.13569876156664762, 29.39427216176075675 ) ) ;
#2578 = CYLINDRICAL_SURFACE ( 'NONE', #2181, 1.100000000000002309 ) ;
#2579 = DIRECTION ( 'NONE',  ( 0.000000000000000000, 0.000000000000000000, 1.000000000000000000 ) ) ;
#2580 = CARTESIAN_POINT ( 'NONE',  ( 19.26512484417849436, 3.159253887123031568, 28.74794295034652691 ) ) ;
#2581 = LINE ( 'NONE', #2636, #3978 ) ;
#2582 = B_SPLINE_CURVE_WITH_KNOTS ( 'NONE', 3,
 ( #9269, #2634, #6064, #3488, #6867, #5149 ),
 .UNSPECIFIED., .F., .F.,
 ( 4, 2, 4 ),
 ( 0.0004264199171731951777, 0.0009190818439052116399, 0.001411743770637228102 ),
 .UNSPECIFIED. ) ;
#2583 = VERTEX_POINT ( 'NONE', #1876 ) ;
#2584 = CARTESIAN_POINT ( 'NONE',  ( 12.38440550310945198, 15.06329915432075239, 28.84630254069924504 ) ) ;
#2585 = ORIENTED_EDGE ( 'NONE', *, *, #5575, .F. ) ;
#2586 = ORIENTED_EDGE ( 'NONE', *, *, #5506, .T. ) ;
#2587 = DIRECTION ( 'NONE',  ( -0.000000000000000000, -0.000000000000000000, 1.000000000000000000 ) ) ;
#2588 = CIRCLE ( 'NONE', #9086, 0.1999999999999992617 ) ;
#2589 = ORIENTED_EDGE ( 'NONE', *, *, #9856, .F. ) ;
#2590 = CARTESIAN_POINT ( 'NONE',  ( -11.30222350350305760, -19.84040790171520641, 28.19999999999999929 ) ) ;
#2591 = DIRECTION ( 'NONE',  ( -0.000000000000000000, -0.000000000000000000, -1.000000000000000000 ) ) ;
#2592 = DIRECTION ( 'NONE',  ( 0.000000000000000000, 0.000000000000000000, 1.000000000000000000 ) ) ;
#2593 = VERTEX_POINT ( 'NONE', #6752 ) ;
#2594 = CARTESIAN_POINT ( 'NONE',  ( -12.34631142237164347, 15.06852844898031663, 28.67301824093016194 ) ) ;
#2595 = CARTESIAN_POINT ( 'NONE',  ( -6.920794875690669201, -18.27778951214114400, 28.64529179377014145 ) ) ;
#2596 = ADVANCED_FACE ( 'NONE', ( #7606 ), #10068, .F. ) ;
#2597 = ORIENTED_EDGE ( 'NONE', *, *, #8373, .F. ) ;
#2598 = ORIENTED_EDGE ( 'NONE', *, *, #1572, .T. ) ;
#2599 = CARTESIAN_POINT ( 'NONE',  ( -20.46441854869602039, 3.724507073466826856, 29.32698032750649730 ) ) ;
#2600 = VECTOR ( 'NONE', #2272, 1000.000000000000000 ) ;
#2601 = CARTESIAN_POINT ( 'NONE',  ( 7.935714785157980344, 16.22929054052718811, 32.00000000000000000 ) ) ;
#2602 = DIRECTION ( 'NONE',  ( 0.000000000000000000, -1.000000000000000000, 0.000000000000000000 ) ) ;
#2603 = CARTESIAN_POINT ( 'NONE',  ( 19.13184896996968476, 3.181474877533832846, 28.94988630248581529 ) ) ;
#2604 = DIRECTION ( 'NONE',  ( 0.8660254037844381525, 0.5000000000000008882, -0.000000000000000000 ) ) ;
#2605 = CARTESIAN_POINT ( 'NONE',  ( 23.79318993999364551, -25.04040790171517017, 0.000000000000000000 ) ) ;
#2606 = VERTEX_POINT ( 'NONE', #3533 ) ;
#2607 = EDGE_CURVE ( 'NONE', #5856, #7939, #6805, .T. ) ;
#2608 = CARTESIAN_POINT ( 'NONE',  ( -12.41570329557110242, 14.97732117439693944, 29.04568301858808965 ) ) ;
#2609 = CARTESIAN_POINT ( 'NONE',  ( -6.779988578974709412, -18.27262517353484839, 29.02086437869386870 ) ) ;
#2610 = CARTESIAN_POINT ( 'NONE',  ( -12.23298916234926281, 14.80793082939676530, 29.09610520691120783 ) ) ;
#2611 = ORIENTED_EDGE ( 'NONE', *, *, #9366, .F. ) ;
#2612 = CARTESIAN_POINT ( 'NONE',  ( -12.21321616218691020, 15.07995353414499817, 29.39355036544962729 ) ) ;
#2613 = DIRECTION ( 'NONE',  ( -1.000000000000000000, 0.000000000000000000, 0.000000000000000000 ) ) ;
#2614 = CARTESIAN_POINT ( 'NONE',  ( -19.29042898106994386, 2.993641011294020604, 28.62565199248373915 ) ) ;
#2615 = FACE_OUTER_BOUND ( 'NONE', #8467, .T. ) ;
#2616 = CARTESIAN_POINT ( 'NONE',  ( 19.22818584084953386, 3.077871583273443790, 29.33612121372869197 ) ) ;
#2617 = VECTOR ( 'NONE', #1065, 1000.000000000000000 ) ;
#2618 = ADVANCED_FACE ( 'NONE', ( #9157 ), #9370, .F. ) ;
#2619 = CARTESIAN_POINT ( 'NONE',  ( 21.65915657934286287, -7.540407901715163064, 32.00000000000000000 ) ) ;
#2620 = DIRECTION ( 'NONE',  ( 0.000000000000000000, 0.000000000000000000, -1.000000000000000000 ) ) ;
#2621 = CARTESIAN_POINT ( 'NONE',  ( -6.847352771864931853, -18.00751039315333912, 29.29608408414641829 ) ) ;
#2622 = CARTESIAN_POINT ( 'NONE',  ( -15.77276837002725074, 9.025596260870788257, 28.30000000000000071 ) ) ;
#2623 = ADVANCED_FACE ( 'NONE', ( #8464 ), #5198, .T. ) ;
#2624 = ORIENTED_EDGE ( 'NONE', *, *, #9809, .F. ) ;
#2625 = CARTESIAN_POINT ( 'NONE',  ( 20.38929697658826257, 3.659053448735056779, 29.39571968233660471 ) ) ;
#2626 = EDGE_CURVE ( 'NONE', #7642, #6224, #7655, .T. ) ;
#2627 = AXIS2_PLACEMENT_3D ( 'NONE', #325, #4242, #969 ) ;
#2628 = VECTOR ( 'NONE', #5653, 1000.000000000000000 ) ;
#2629 = DIRECTION ( 'NONE',  ( 1.101697372407250679E-15, -1.000000000000000000, -0.000000000000000000 ) ) ;
#2630 = ORIENTED_EDGE ( 'NONE', *, *, #6810, .T. ) ;
#2631 = CIRCLE ( 'NONE', #231, 0.5000000000000000000 ) ;
#2632 = CARTESIAN_POINT ( 'NONE',  ( 12.56119697378133004, 17.81772038032673677, 7.500000000000001776 ) ) ;
#2633 = DIRECTION ( 'NONE',  ( 0.8660254037844380415, 0.5000000000000008882, -0.000000000000000000 ) ) ;
#2634 = CARTESIAN_POINT ( 'NONE',  ( -6.663605862389400336, -17.69326439316861155, 29.16058789364483417 ) ) ;
#2635 = CARTESIAN_POINT ( 'NONE',  ( 19.32405262011277358, 3.003658764911371293, 28.57560033753870954 ) ) ;
#2636 = CARTESIAN_POINT ( 'NONE',  ( -28.48076211353531306, -14.99999999999999467, 5.000000000000000000 ) ) ;
#2637 = CARTESIAN_POINT ( 'NONE',  ( -27.16135149449623754, -7.100008336931100672, 0.000000000000000000 ) ) ;
#2638 = EDGE_LOOP ( 'NONE', ( #8750, #2911, #4420, #8000 ) ) ;
#2639 = CARTESIAN_POINT ( 'NONE',  ( 12.12306320164666751, 15.42306667162426592, 28.49953455754358345 ) ) ;
#2640 = CIRCLE ( 'NONE', #1781, 2.500000000001501022 ) ;
#2641 = ORIENTED_EDGE ( 'NONE', *, *, #5218, .T. ) ;
#2642 = CARTESIAN_POINT ( 'NONE',  ( -6.978038751387751759, -18.32767642020609955, 29.39571968233660471 ) ) ;
#2643 = DIRECTION ( 'NONE',  ( 0.5000000000000018874, -0.8660254037844375974, 0.000000000000000000 ) ) ;
#2644 = DIRECTION ( 'NONE',  ( 0.5000000000000009992, -0.8660254037844381525, -3.620292471603773008E-15 ) ) ;
#2645 = ORIENTED_EDGE ( 'NONE', *, *, #6734, .F. ) ;
#2646 = FACE_OUTER_BOUND ( 'NONE', #10197, .T. ) ;
#2647 = DIRECTION ( 'NONE',  ( -1.000000000000000000, 0.000000000000000000, 0.000000000000000000 ) ) ;
#2648 = SURFACE_STYLE_USAGE ( .BOTH. , #9987 ) ;
#2649 = ORIENTED_EDGE ( 'NONE', *, *, #4467, .T. ) ;
#2650 = CARTESIAN_POINT ( 'NONE',  ( -12.27741019581064386, 15.14123203522265548, 28.58310512903458545 ) ) ;
#2651 = CARTESIAN_POINT ( 'NONE',  ( -7.015698117931439270, -18.29393870542449818, 28.57420530526133717 ) ) ;
#2652 = ORIENTED_EDGE ( 'NONE', *, *, #6372, .T. ) ;
#2653 = ORIENTED_EDGE ( 'NONE', *, *, #7470, .T. ) ;
#2654 = EDGE_CURVE ( 'NONE', #10301, #3873, #1439, .T. ) ;
#2655 = DIRECTION ( 'NONE',  ( -0.4999999999999836242, 0.8660254037844481445, 0.000000000000000000 ) ) ;
#2656 = AXIS2_PLACEMENT_3D ( 'NONE', #9700, #9853, #8946 ) ;
#2657 = DIRECTION ( 'NONE',  ( 1.016439536705166560E-14, -1.000000000000000000, 0.000000000000000000 ) ) ;
#2658 = DIRECTION ( 'NONE',  ( 0.4999999999999995559, 0.8660254037844389297, 0.000000000000000000 ) ) ;
#2659 = CARTESIAN_POINT ( 'NONE',  ( 19.19743620316903332, 3.191630053114509646, 28.89461677255775029 ) ) ;
#2660 = EDGE_CURVE ( 'NONE', #341, #4500, #8448, .T. ) ;
#2661 = CARTESIAN_POINT ( 'NONE',  ( -7.222885127220461499, -18.30676486808104642, 28.50091275856835082 ) ) ;
#2662 = CARTESIAN_POINT ( 'NONE',  ( -6.841064470308692691, -18.32767642020609955, 28.74532320453973711 ) ) ;
#2663 = ORIENTED_EDGE ( 'NONE', *, *, #7124, .F. ) ;
#2664 = CARTESIAN_POINT ( 'NONE',  ( -12.37820660317274424, 14.94803386778156273, 29.02114176756225561 ) ) ;
#2665 = CARTESIAN_POINT ( 'NONE',  ( -6.762909923041785731, -18.21263669844449851, 28.94988630248574424 ) ) ;
#2666 = AXIS2_PLACEMENT_3D ( 'NONE', #6643, #2579, #9110 ) ;
#2667 = CIRCLE ( 'NONE', #2319, 1.099999999999998757 ) ;
#2668 = ORIENTED_EDGE ( 'NONE', *, *, #3537, .F. ) ;
#2669 = CARTESIAN_POINT ( 'NONE',  ( -6.806835700043650128, -18.20433135156540061, 28.69479352100506375 ) ) ;
#2670 = DIRECTION ( 'NONE',  ( -0.000000000000000000, 0.000000000000000000, 1.000000000000000000 ) ) ;
#2671 = CARTESIAN_POINT ( 'NONE',  ( -19.35126606942024452, 2.915424848296110483, 28.56056143085479704 ) ) ;
#2672 = DIRECTION ( 'NONE',  ( 1.000000000000000000, 0.000000000000000000, 0.000000000000000000 ) ) ;
#2673 = CARTESIAN_POINT ( 'NONE',  ( 19.13140663252967499, 3.114352086222104354, 29.23501589483372953 ) ) ;
#2674 = ADVANCED_FACE ( 'NONE', ( #2034 ), #1532, .T. ) ;
#2675 = DIRECTION ( 'NONE',  ( 0.5000000000000009992, -0.8660254037844380415, 0.000000000000000000 ) ) ;
#2676 = CARTESIAN_POINT ( 'NONE',  ( -66.11944939941844268, -26.91945323200140194, 31.50000000000000000 ) ) ;
#2677 = CARTESIAN_POINT ( 'NONE',  ( -6.975845859377455938, -18.19543436131898417, 29.39402779690547973 ) ) ;
#2678 = CARTESIAN_POINT ( 'NONE',  ( -39.97329120819144777, -42.75833186246224926, 7.000000000000000000 ) ) ;
#2679 = ORIENTED_EDGE ( 'NONE', *, *, #9534, .F. ) ;
#2680 = CARTESIAN_POINT ( 'NONE',  ( -18.04504732837500214, -1.310106343957295083, 32.00000000000000000 ) ) ;
#2681 = EDGE_CURVE ( 'NONE', #4101, #2322, #6262, .T. ) ;
#2682 = CARTESIAN_POINT ( 'NONE',  ( -16.99147851343125026, 55.26410000294399794, 7.000000000000000000 ) ) ;
#2683 = ORIENTED_EDGE ( 'NONE', *, *, #197, .F. ) ;
#2684 = B_SPLINE_CURVE_WITH_KNOTS ( 'NONE', 3,
 ( #4330, #1060, #9199, #2876, #3575, #7595, #2669, #5185, #2020, #1863 ),
 .UNSPECIFIED., .F., .F.,
 ( 4, 2, 2, 2, 4 ),
 ( 0.000000000000000000, 0.2500000000000000000, 0.5000000000000000000, 0.7500000000000000000, 1.000000000000000000 ),
 .UNSPECIFIED. ) ;
#2685 = PLANE ( 'NONE',  #5810 ) ;
#2686 = CARTESIAN_POINT ( 'NONE',  ( 10.29777649649675553, -15.24040790171518545, 7.500000000000001776 ) ) ;
#2687 = AXIS2_PLACEMENT_3D ( 'NONE', #8558, #8503, #6100 ) ;
#2688 = ADVANCED_FACE ( 'NONE', ( #6312 ), #7811, .F. ) ;
#2689 = CARTESIAN_POINT ( 'NONE',  ( -13.43449977980922583, 7.675596260870783283, 38.50000000000000000 ) ) ;
#2690 = CARTESIAN_POINT ( 'NONE',  ( 19.34301281751987744, 3.002377960281886082, 28.56996362080668561 ) ) ;
#2691 = CARTESIAN_POINT ( 'NONE',  ( 23.48076211353166443, -14.99999999999999467, 0.1999999999999996503 ) ) ;
#2692 = CARTESIAN_POINT ( 'NONE',  ( -9.699017848312161405, -19.95148980674239780, 32.00000000000000000 ) ) ;
#2693 = ORIENTED_EDGE ( 'NONE', *, *, #9049, .F. ) ;
#2694 = CARTESIAN_POINT ( 'NONE',  ( 7.163335156038163731, -18.13938030219215491, 28.47324656129782383 ) ) ;
#2695 = AXIS2_PLACEMENT_3D ( 'NONE', #8606, #5446, #7209 ) ;
#2696 = EDGE_CURVE ( 'NONE', #10158, #10301, #2631, .T. ) ;
#2697 = EDGE_LOOP ( 'NONE', ( #3877, #94 ) ) ;
#2698 = CARTESIAN_POINT ( 'NONE',  ( 21.65915657934286287, -7.540407901715163064, 32.00000000000000000 ) ) ;
#2699 = CARTESIAN_POINT ( 'NONE',  ( -10.20222350350320006, -19.84040790171520641, 7.499999999999999112 ) ) ;
#2700 = DIRECTION ( 'NONE',  ( -1.101697372407250679E-15, 1.000000000000000000, 0.000000000000000000 ) ) ;
#2701 = ORIENTED_EDGE ( 'NONE', *, *, #9196, .T. ) ;
#2702 = CARTESIAN_POINT ( 'NONE',  ( -25.98076211353316367, -14.99999999999999467, 0.000000000000000000 ) ) ;
#2703 = CIRCLE ( 'NONE', #8677, 0.2000000000000001221 ) ;
#2704 = CARTESIAN_POINT ( 'NONE',  ( -4.321605534190315900, 22.45959209828479786, 32.00000000000000000 ) ) ;
#2705 = VERTEX_POINT ( 'NONE', #2888 ) ;
#2706 = CARTESIAN_POINT ( 'NONE',  ( -12.15887584432753066, 15.26445311609464461, 28.51160212529785554 ) ) ;
#2707 = CARTESIAN_POINT ( 'NONE',  ( -7.061684640648140387, -18.27642933518426815, 28.55044345638964032 ) ) ;
#2708 = ORIENTED_EDGE ( 'NONE', *, *, #8744, .F. ) ;
#2709 = ORIENTED_EDGE ( 'NONE', *, *, #6810, .F. ) ;
#2710 = AXIS2_PLACEMENT_3D ( 'NONE', #4660, #10230, #3856 ) ;
#2711 = FACE_OUTER_BOUND ( 'NONE', #10016, .T. ) ;
#2712 = CARTESIAN_POINT ( 'NONE',  ( 12.00975672110860160, 15.57284291529445142, 1.700000000000000178 ) ) ;
#2713 = CARTESIAN_POINT ( 'NONE',  ( 13.29539736716370157, 16.54604799605133891, 1.700000000000000178 ) ) ;
#2714 = CARTESIAN_POINT ( 'NONE',  ( 19.14496900945037439, 3.180430609883056814, 28.90128278589785893 ) ) ;
#2715 = CARTESIAN_POINT ( 'NONE',  ( -15.59956328927036395, 8.925596260870788612, 0.000000000000000000 ) ) ;
#2716 = DIRECTION ( 'NONE',  ( -0.8660254037844382635, -0.5000000000000007772, -0.000000000000000000 ) ) ;
#2717 = VERTEX_POINT ( 'NONE', #3798 ) ;
#2718 = CARTESIAN_POINT ( 'NONE',  ( -12.36740719907055741, 14.94421517189175574, 28.89741597412858098 ) ) ;
#2719 = CIRCLE ( 'NONE', #2197, 0.2000000000000001221 ) ;
#2720 = CARTESIAN_POINT ( 'NONE',  ( -6.773159465147021940, -18.24374510676030070, 28.94729115376017603 ) ) ;
#2721 = EDGE_CURVE ( 'NONE', #6276, #7831, #3240, .T. ) ;
#2722 = ORIENTED_EDGE ( 'NONE', *, *, #3109, .F. ) ;
#2723 = DIRECTION ( 'NONE',  ( 6.505213034913038437E-15, 1.128474576789404752E-28, 1.000000000000000000 ) ) ;
#2724 = VECTOR ( 'NONE', #8194, 1000.000000000000000 ) ;
#2725 = DIRECTION ( 'NONE',  ( 0.000000000000000000, 0.000000000000000000, 1.000000000000000000 ) ) ;
#2726 = CARTESIAN_POINT ( 'NONE',  ( -19.44892184812982805, 2.807215233027783530, 28.50907514161195166 ) ) ;
#2727 = CARTESIAN_POINT ( 'NONE',  ( 19.33904070563243494, 3.052687707980607623, 29.39571968233660471 ) ) ;
#2728 = CARTESIAN_POINT ( 'NONE',  ( 18.00195485411543217, -0.5060481410871905394, 31.90173821473731053 ) ) ;
#2729 = AXIS2_PLACEMENT_3D ( 'NONE', #6712, #6333, #9540 ) ;
#2730 = CARTESIAN_POINT ( 'NONE',  ( -23.77614697052908710, -20.04040790171522701, 11.12554020340933825 ) ) ;
#2731 = CARTESIAN_POINT ( 'NONE',  ( -6.902259893571252469, -18.19417561732855759, 29.33728614555106518 ) ) ;
#2732 = LINE ( 'NONE', #9262, #8578 ) ;
#2733 = AXIS2_PLACEMENT_3D ( 'NONE', #2246, #7019, #577 ) ;
#2734 = VECTOR ( 'NONE', #6661, 1000.000000000000000 ) ;
#2735 = ORIENTED_EDGE ( 'NONE', *, *, #4615, .T. ) ;
#2736 = DIRECTION ( 'NONE',  ( 0.4999999999999976130, -0.8660254037844400399, 0.000000000000000000 ) ) ;
#2737 = EDGE_CURVE ( 'NONE', #1875, #5420, #1597, .T. ) ;
#2738 = AXIS2_PLACEMENT_3D ( 'NONE', #6943, #6728, #5276 ) ;
#2739 = CARTESIAN_POINT ( 'NONE',  ( -28.14231735187155792, -22.59484389980815067, 7.600403838494258935 ) ) ;
#2740 = EDGE_LOOP ( 'NONE', ( #5703, #2185 ) ) ;
#2741 = DIRECTION ( 'NONE',  ( -0.4999999999999971689, 0.8660254037844402619, 0.000000000000000000 ) ) ;
#2742 = DIRECTION ( 'NONE',  ( 0.8660254037844389297, -0.4999999999999996114, 0.000000000000000000 ) ) ;
#2743 = CIRCLE ( 'NONE', #5646, 1.300000000000000266 ) ;
#2744 = DIRECTION ( 'NONE',  ( -0.5000000000000006661, 0.8660254037844381525, 0.000000000000000000 ) ) ;
#2745 = CARTESIAN_POINT ( 'NONE',  ( 19.20751574875970036, 3.014247992476423388, 28.56250190445952342 ) ) ;
#2746 = LINE ( 'NONE', #1940, #2093 ) ;
#2747 = CARTESIAN_POINT ( 'NONE',  ( -13.80541284258469759, 15.77625674320710303, 29.05030385289148143 ) ) ;
#2748 = VERTEX_POINT ( 'NONE', #10437 ) ;
#2749 = EDGE_CURVE ( 'NONE', #863, #7303, #6368, .T. ) ;
#2750 = CARTESIAN_POINT ( 'NONE',  ( 13.48176063933452262, 16.22325733998668795, 28.69906911508716618 ) ) ;
#2751 = VERTEX_POINT ( 'NONE', #3903 ) ;
#2752 = CARTESIAN_POINT ( 'NONE',  ( -19.41356797664481348, 2.719546362032308373, 0.000000000000000000 ) ) ;
#2753 = LINE ( 'NONE', #1088, #650 ) ;
#2754 = CARTESIAN_POINT ( 'NONE',  ( 12.04664443862189316, 15.24074215434563939, 28.45041539225204374 ) ) ;
#2755 = AXIS2_PLACEMENT_3D ( 'NONE', #3761, #4613, #7872 ) ;
#2756 = ORIENTED_EDGE ( 'NONE', *, *, #200, .F. ) ;
#2757 = DIRECTION ( 'NONE',  ( 1.734723475976817507E-14, -1.000000000000000000, 0.000000000000000000 ) ) ;
#2758 = EDGE_CURVE ( 'NONE', #10278, #2890, #2297, .T. ) ;
#2759 = ORIENTED_EDGE ( 'NONE', *, *, #4060, .F. ) ;
#2760 = CARTESIAN_POINT ( 'NONE',  ( -12.26604256258860559, 15.22169485453180826, 28.54519691840975426 ) ) ;
#2761 = ORIENTED_EDGE ( 'NONE', *, *, #399, .T. ) ;
#2762 = EDGE_CURVE ( 'NONE', #7293, #2705, #7072, .T. ) ;
#2763 = ORIENTED_EDGE ( 'NONE', *, *, #5341, .F. ) ;
#2764 = VECTOR ( 'NONE', #9207, 1000.000000000000000 ) ;
#2765 = EDGE_LOOP ( 'NONE', ( #9787, #2326, #6778, #2645 ) ) ;
#2766 = CARTESIAN_POINT ( 'NONE',  ( 22.62203867784197087, -20.04040790171517017, 12.00139347753137464 ) ) ;
#2767 = EDGE_CURVE ( 'NONE', #1281, #4244, #10489, .T. ) ;
#2768 = DIRECTION ( 'NONE',  ( 0.4999999999999995559, 0.8660254037844389297, 0.000000000000000000 ) ) ;
#2769 = CARTESIAN_POINT ( 'NONE',  ( 11.93655164035171623, 15.29963783453756321, 1.500000000000001332 ) ) ;
#2770 = CARTESIAN_POINT ( 'NONE',  ( 19.16284008507675907, 3.187872375234253930, 28.94738074638255654 ) ) ;
#2771 = CARTESIAN_POINT ( 'NONE',  ( -15.16655058737813988, 8.675596260870797494, 38.50000000000000000 ) ) ;
#2772 = CARTESIAN_POINT ( 'NONE',  ( -19.34036289588792457, 2.446341281275421942, 28.30000000000000071 ) ) ;
#2773 = VERTEX_POINT ( 'NONE', #8772 ) ;
#2774 = CARTESIAN_POINT ( 'NONE',  ( -12.37627284328653232, 14.94508252033927498, 28.94605024060735587 ) ) ;
#2775 = CARTESIAN_POINT ( 'NONE',  ( -6.780578421244631393, -18.25058807411573625, 28.89741597412851348 ) ) ;
#2776 = ORIENTED_EDGE ( 'NONE', *, *, #6548, .T. ) ;
#2777 = DIRECTION ( 'NONE',  ( -1.734723475976817507E-14, 1.000000000000000000, 0.000000000000000000 ) ) ;
#2778 = ORIENTED_EDGE ( 'NONE', *, *, #4442, .F. ) ;
#2779 = CARTESIAN_POINT ( 'NONE',  ( 17.32902956042066478, -10.04040790171517195, 0.000000000000000000 ) ) ;
#2780 = CARTESIAN_POINT ( 'NONE',  ( -19.34787446988850235, 2.812365777329907335, 28.51618346518926828 ) ) ;
#2781 = FACE_BOUND ( 'NONE', #10000, .T. ) ;
#2782 = CARTESIAN_POINT ( 'NONE',  ( 18.86550999660582661, 3.101634422080794984, 29.15343510911816693 ) ) ;
#2783 = DIRECTION ( 'NONE',  ( 1.000000000000000000, 0.000000000000000000, 0.000000000000000000 ) ) ;
#2784 = CIRCLE ( 'NONE', #8756, 0.1999999999999999833 ) ;
#2785 = CARTESIAN_POINT ( 'NONE',  ( -55.57105222701394354, -45.18981307302184547, 7.499999999999999112 ) ) ;
#2786 = DIRECTION ( 'NONE',  ( 0.8660254037844380415, 0.5000000000000008882, -0.000000000000000000 ) ) ;
#2787 = CIRCLE ( 'NONE', #3284, 2.500000000000004441 ) ;
#2788 = CIRCLE ( 'NONE', #2946, 20.00000000000000355 ) ;
#2789 = CARTESIAN_POINT ( 'NONE',  ( -6.783154425298483226, -18.05943253051670894, 29.21133987180741087 ) ) ;
#2790 = CARTESIAN_POINT ( 'NONE',  ( -18.77648707791692573, -2.576997152839362037, 28.20000000000000284 ) ) ;
#2791 = B_SPLINE_CURVE_WITH_KNOTS ( 'NONE', 3,
 ( #8885, #4974, #4918, #3363, #4065, #9792, #1546, #5840, #2459, #2566, #4122, #46, #3583, #3421, #5946, #3527, #7600, #9258, #6689, #953, #1168, #5191, #307 ),
 .UNSPECIFIED., .F., .F.,
 ( 4, 1, 1, 2, 2, 1, 1, 2, 2, 1, 2, 2, 2, 4 ),
 ( 0.000000000000000000, 0.06249999999997277178, 0.09374999999995203837, 0.1093749999999416578, 0.1249999999999312633, 0.1874999999999047706, 0.2187499999998915312, 0.2343749999998858691, 0.2499999999998802347, 0.3749999999999028555, 0.4374999999999072964, 0.4999999999999117373, 0.7499999999999559241, 1.000000000000000000 ),
 .UNSPECIFIED. ) ;
#2792 = ORIENTED_EDGE ( 'NONE', *, *, #1647, .T. ) ;
#2793 = CARTESIAN_POINT ( 'NONE',  ( 19.23655164035173115, 2.655666939284765160, 28.30000000000000071 ) ) ;
#2794 = EDGE_LOOP ( 'NONE', ( #7940, #10147, #1824, #1094 ) ) ;
#2795 = VECTOR ( 'NONE', #4286, 1000.000000000000114 ) ;
#2796 = FACE_OUTER_BOUND ( 'NONE', #6112, .T. ) ;
#2797 = DIRECTION ( 'NONE',  ( -0.000000000000000000, -0.000000000000000000, -1.000000000000000000 ) ) ;
#2798 = CARTESIAN_POINT ( 'NONE',  ( 0.000000000000000000, 30.00000000000000000, 0.000000000000000000 ) ) ;
#2799 = CARTESIAN_POINT ( 'NONE',  ( 19.29015279033081498, 3.011304144249334236, 28.58568098441714156 ) ) ;
#2800 = CARTESIAN_POINT ( 'NONE',  ( -19.41356797664481348, 2.719546362032308373, 1.500000000000001332 ) ) ;
#2801 = ADVANCED_FACE ( 'NONE', ( #4706 ), #7965, .F. ) ;
#2802 = CARTESIAN_POINT ( 'NONE',  ( -56.97329120819080117, -13.31346813379115979, 7.000000000000000000 ) ) ;
#2803 = DIRECTION ( 'NONE',  ( -0.4988363938589511770, 0.8640099788281505599, -0.06818363914588743135 ) ) ;
#2804 = AXIS2_PLACEMENT_3D ( 'NONE', #2702, #6879, #1201 ) ;
#2805 = AXIS2_PLACEMENT_3D ( 'NONE', #10277, #6206, #3145 ) ;
#2806 = VERTEX_POINT ( 'NONE', #622 ) ;
#2807 = DIRECTION ( 'NONE',  ( 0.000000000000000000, 0.5819559853448686981, 0.8132202844993987600 ) ) ;
#2808 = DIRECTION ( 'NONE',  ( 0.4999999999999996114, 0.8660254037844389297, 0.000000000000000000 ) ) ;
#2809 = EDGE_CURVE ( 'NONE', #8370, #4790, #1765, .T. ) ;
#2810 = CARTESIAN_POINT ( 'NONE',  ( 12.10882421170295586, 15.25907623827959014, 28.49263625089548668 ) ) ;
#2811 = ORIENTED_EDGE ( 'NONE', *, *, #7958, .T. ) ;
#2812 = DIRECTION ( 'NONE',  ( 1.026956297778269800E-14, -1.000000000000000000, -0.000000000000000000 ) ) ;
#2813 = EDGE_LOOP ( 'NONE', ( #3871, #5324, #1231, #4324 ) ) ;
#2814 = CARTESIAN_POINT ( 'NONE',  ( -12.24052648414893163, 15.18395512690248594, 28.55334173799689879 ) ) ;
#2815 = ORIENTED_EDGE ( 'NONE', *, *, #4560, .T. ) ;
#2816 = ORIENTED_EDGE ( 'NONE', *, *, #8963, .F. ) ;
#2817 = VERTEX_POINT ( 'NONE', #2081 ) ;
#2818 = CARTESIAN_POINT ( 'NONE',  ( -20.63436203738109498, 3.948173807588384321, 29.04889372320864283 ) ) ;
#2819 = EDGE_CURVE ( 'NONE', #7520, #2165, #5354, .T. ) ;
#2820 = CARTESIAN_POINT ( 'NONE',  ( -19.27396341743826369, 3.102269730311205453, 28.77751703416378959 ) ) ;
#2821 = FACE_OUTER_BOUND ( 'NONE', #4369, .T. ) ;
#2822 = AXIS2_PLACEMENT_3D ( 'NONE', #10157, #8392, #4323 ) ;
#2823 = CARTESIAN_POINT ( 'NONE',  ( 19.19117508870425581, 3.150460693440518600, 28.76911983225472014 ) ) ;
#2824 = ADVANCED_FACE ( 'NONE', ( #4552 ), #1485, .F. ) ;
#2825 = CARTESIAN_POINT ( 'NONE',  ( -4.746095424604683366, 33.06410000294339824, 9.045055480548212401 ) ) ;
#2826 = DIRECTION ( 'NONE',  ( -0.8660254037844292707, 0.5000000000000162093, 0.000000000000000000 ) ) ;
#2827 = ORIENTED_EDGE ( 'NONE', *, *, #8635, .T. ) ;
#2828 = CARTESIAN_POINT ( 'NONE',  ( -12.38923525545102322, 14.96543355085993809, 28.89408067286327508 ) ) ;
#2829 = CARTESIAN_POINT ( 'NONE',  ( -6.787051076274165595, -18.27518876432686312, 28.89455058477674498 ) ) ;
#2830 = ORIENTED_EDGE ( 'NONE', *, *, #2945, .F. ) ;
#2831 = DIRECTION ( 'NONE',  ( -0.8660254037844413721, 0.4999999999999952260, -0.000000000000000000 ) ) ;
#2832 = ORIENTED_EDGE ( 'NONE', *, *, #4798, .F. ) ;
#2833 = CARTESIAN_POINT ( 'NONE',  ( -19.15525974333908010, 3.084971597510143937, 28.72053458119366809 ) ) ;
#2834 = CARTESIAN_POINT ( 'NONE',  ( -12.18730406071047589, 15.41033965031467368, 28.49996611647303624 ) ) ;
#2835 = CARTESIAN_POINT ( 'NONE',  ( 19.17120047607199140, 3.128944357334456861, 29.23969341549920742 ) ) ;
#2836 = DIRECTION ( 'NONE',  ( 0.000000000000000000, 0.000000000000000000, -1.000000000000000000 ) ) ;
#2837 = CARTESIAN_POINT ( 'NONE',  ( 12.23946213389539039, 15.17521287547564945, 29.39307649821726187 ) ) ;
#2838 = AXIS2_PLACEMENT_3D ( 'NONE', #7582, #8221, #2544 ) ;
#2839 = CARTESIAN_POINT ( 'NONE',  ( -6.828934240742120743, -18.22662726445225090, 29.24024726418721087 ) ) ;
#2840 = DIRECTION ( 'NONE',  ( 0.8660254037844383745, 0.5000000000000003331, 0.000000000000000000 ) ) ;
#2841 = ORIENTED_EDGE ( 'NONE', *, *, #2556, .T. ) ;
#2842 = DIRECTION ( 'NONE',  ( -0.8660254037844389297, 0.4999999999999996114, -0.000000000000000000 ) ) ;
#2843 = ORIENTED_EDGE ( 'NONE', *, *, #8696, .F. ) ;
#2844 = CARTESIAN_POINT ( 'NONE',  ( -19.39678598800532683, 2.688801165781247615, 28.49734333275117848 ) ) ;
#2845 = FACE_OUTER_BOUND ( 'NONE', #5498, .T. ) ;
#2846 = CARTESIAN_POINT ( 'NONE',  ( -10.20222350350305796, -19.84040790171520641, 28.19999999999999929 ) ) ;
#2847 = CARTESIAN_POINT ( 'NONE',  ( 19.30139953314087009, 3.008106263555576643, 28.58245685470286190 ) ) ;
#2848 = CARTESIAN_POINT ( 'NONE',  ( 18.60635170091448032, 3.747205253316898244, 28.72500000000000142 ) ) ;
#2849 = CARTESIAN_POINT ( 'NONE',  ( -12.38109374361684623, 18.44177409166213266, 32.00000000000000000 ) ) ;
#2850 = CARTESIAN_POINT ( 'NONE',  ( 7.225950889638054875, -18.09338920499606473, 28.44223667809756151 ) ) ;
#2851 = EDGE_CURVE ( 'NONE', #7937, #1318, #9462, .T. ) ;
#2852 = ORIENTED_EDGE ( 'NONE', *, *, #10541, .F. ) ;
#2853 = FACE_OUTER_BOUND ( 'NONE', #7259, .T. ) ;
#2854 = DIRECTION ( 'NONE',  ( 1.026956297778269800E-14, -1.000000000000000000, -0.000000000000000000 ) ) ;
#2855 = CARTESIAN_POINT ( 'NONE',  ( 12.17157097389227793, 15.16785532370386491, 28.52241913312592203 ) ) ;
#2856 = ORIENTED_EDGE ( 'NONE', *, *, #9864, .T. ) ;
#2857 = FACE_OUTER_BOUND ( 'NONE', #8663, .T. ) ;
#2858 = AXIS2_PLACEMENT_3D ( 'NONE', #1705, #5675, #4866 ) ;
#2859 = VERTEX_POINT ( 'NONE', #10487 ) ;
#2860 = CARTESIAN_POINT ( 'NONE',  ( -12.28163799273264800, 15.15546237703418164, 28.57881599493673974 ) ) ;
#2861 = VERTEX_POINT ( 'NONE', #3956 ) ;
#2862 = ORIENTED_EDGE ( 'NONE', *, *, #5902, .T. ) ;
#2863 = ADVANCED_FACE ( 'NONE', ( #3146 ), #6419, .F. ) ;
#2864 = ORIENTED_EDGE ( 'NONE', *, *, #7474, .T. ) ;
#2865 = CARTESIAN_POINT ( 'NONE',  ( -17.31198659095687375, -10.04040790171521103, 32.00000000000000000 ) ) ;
#2866 = AXIS2_PLACEMENT_3D ( 'NONE', #9698, #3162, #6642 ) ;
#2867 = DIRECTION ( 'NONE',  ( -1.000000000000000000, -1.206764157201257341E-15, 0.000000000000000000 ) ) ;
#2868 = CARTESIAN_POINT ( 'NONE',  ( 19.23308464080086821, 3.151749311815721821, 28.75573580607850843 ) ) ;
#2869 = DIRECTION ( 'NONE',  ( 0.4999999999999987788, 0.8660254037844392627, 0.000000000000000000 ) ) ;
#2870 = LINE ( 'NONE', #6296, #8419 ) ;
#2871 = VERTEX_POINT ( 'NONE', #8363 ) ;
#2872 = CARTESIAN_POINT ( 'NONE',  ( -12.37202138264033024, 14.94914900920251988, 28.89657593214035458 ) ) ;
#2873 = CARTESIAN_POINT ( 'NONE',  ( -6.751174645329284019, -18.18131843852781770, 28.82450158673664120 ) ) ;
#2874 = ORIENTED_EDGE ( 'NONE', *, *, #6669, .T. ) ;
#2875 = EDGE_CURVE ( 'NONE', #6563, #1459, #377, .T. ) ;
#2876 = CARTESIAN_POINT ( 'NONE',  ( -6.684120709278848160, -18.07112443653726785, 29.01996368272316928 ) ) ;
#2877 = ORIENTED_EDGE ( 'NONE', *, *, #6797, .F. ) ;
#2878 = DIRECTION ( 'NONE',  ( 1.026956297778269800E-14, -1.000000000000000000, -0.000000000000000000 ) ) ;
#2879 = CARTESIAN_POINT ( 'NONE',  ( -18.96253588386850453, 3.074544862234014353, 29.09745283017576511 ) ) ;
#2880 = CARTESIAN_POINT ( 'NONE',  ( 13.42119096249354548, 15.81867940000911865, 29.36715338468837189 ) ) ;
#2881 = CARTESIAN_POINT ( 'NONE',  ( 19.16510765558945906, 3.168964217036669861, 29.12037021587076779 ) ) ;
#2882 = CYLINDRICAL_SURFACE ( 'NONE', #54, 2.500000000002149836 ) ;
#2883 = EDGE_CURVE ( 'NONE', #9060, #4454, #2107, .T. ) ;
#2884 = CARTESIAN_POINT ( 'NONE',  ( -6.751380773439022320, -18.12549087260152447, 29.08680086401323805 ) ) ;
#2885 = CARTESIAN_POINT ( 'NONE',  ( -17.31198659095685954, -20.04040790171521280, 17.00000000000000000 ) ) ;
#2886 = AXIS2_PLACEMENT_3D ( 'NONE', #3122, #7194, #3279 ) ;
#2887 = ORIENTED_EDGE ( 'NONE', *, *, #5012, .T. ) ;
#2888 = CARTESIAN_POINT ( 'NONE',  ( 7.477480116372864138, 17.42297626865246940, 7.500000000000001776 ) ) ;
#2889 = ADVANCED_FACE ( 'NONE', ( #2983 ), #10132, .F. ) ;
#2890 = VERTEX_POINT ( 'NONE', #8416 ) ;
#2891 = CARTESIAN_POINT ( 'NONE',  ( -19.49315018581201997, 2.690883166233609014, 28.49680384889647655 ) ) ;
#2892 = FACE_BOUND ( 'NONE', #1753, .T. ) ;
#2893 = CARTESIAN_POINT ( 'NONE',  ( 15.57735124696931273, 8.993587935699116187, 38.50000000000000000 ) ) ;
#2894 = EDGE_CURVE ( 'NONE', #651, #3735, #1831, .T. ) ;
#2895 = CARTESIAN_POINT ( 'NONE',  ( 19.44335395817596535, 2.830188750422417243, 28.50091275856834372 ) ) ;
#2896 = CARTESIAN_POINT ( 'NONE',  ( 18.76907524960696705, 2.964480057692227000, 29.23849492710529674 ) ) ;
#2897 = AXIS2_PLACEMENT_3D ( 'NONE', #10037, #5976, #10234 ) ;
#2898 = CARTESIAN_POINT ( 'NONE',  ( -12.07426107229177781, 15.27037749118879795, 28.48370737021049948 ) ) ;
#2899 = LINE ( 'NONE', #5813, #7029 ) ;
#2900 = CARTESIAN_POINT ( 'NONE',  ( 6.782984902497249280, -18.09737947245452361, 28.97505956612791067 ) ) ;
#2901 = EDGE_CURVE ( 'NONE', #611, #3620, #10319, .T. ) ;
#2902 = CIRCLE ( 'NONE', #6330, 0.1999999999999997335 ) ;
#2903 = B_SPLINE_CURVE_WITH_KNOTS ( 'NONE', 3,
 ( #3860, #10290, #6973, #8430, #2089, #7120, #7772, #7871 ),
 .UNSPECIFIED., .F., .F.,
 ( 4, 2, 2, 4 ),
 ( 0.000000000000000000, 0.2499999999999977796, 0.4999999999999955591, 1.000000000000000000 ),
 .UNSPECIFIED. ) ;
#2904 = AXIS2_PLACEMENT_3D ( 'NONE', #10048, #2920, #5332 ) ;
#2905 = VERTEX_POINT ( 'NONE', #1028 ) ;
#2906 = CARTESIAN_POINT ( 'NONE',  ( -2.500000000000000000, 30.00000000000000000, 0.1999999999999996503 ) ) ;
#2907 = DIRECTION ( 'NONE',  ( 0.5000000000000005551, 0.8660254037844382635, 0.000000000000000000 ) ) ;
#2908 = CARTESIAN_POINT ( 'NONE',  ( 12.17909480323050175, 15.42302979325430989, 28.50093699343715414 ) ) ;
#2909 = ORIENTED_EDGE ( 'NONE', *, *, #9864, .F. ) ;
#2910 = DIRECTION ( 'NONE',  ( 1.000000000000000000, 0.000000000000000000, 0.000000000000000000 ) ) ;
#2911 = ORIENTED_EDGE ( 'NONE', *, *, #2035, .T. ) ;
#2912 = CARTESIAN_POINT ( 'NONE',  ( -12.28047484980389115, 15.15190816148796671, 28.57992732422279047 ) ) ;
#2913 = ORIENTED_EDGE ( 'NONE', *, *, #6871, .T. ) ;
#2914 = EDGE_LOOP ( 'NONE', ( #9704, #8379, #7100, #107, #8324, #9607, #1265 ) ) ;
#2915 = EDGE_LOOP ( 'NONE', ( #893, #2641, #5725, #8145 ) ) ;
#2916 = AXIS2_PLACEMENT_3D ( 'NONE', #8860, #9013, #1677 ) ;
#2917 = CARTESIAN_POINT ( 'NONE',  ( 12.01119697378137730, 18.77034832448948265, 28.20000000000000284 ) ) ;
#2918 = CARTESIAN_POINT ( 'NONE',  ( 6.105777404387108476, -18.04040790171482200, 28.72500000000000142 ) ) ;
#2919 = CARTESIAN_POINT ( 'NONE',  ( 19.20864023235924023, 3.167070442347700077, 28.80241461220760257 ) ) ;
#2920 = DIRECTION ( 'NONE',  ( 0.8660254037844382635, 0.5000000000000008882, -0.000000000000000000 ) ) ;
#2921 = EDGE_CURVE ( 'NONE', #2334, #4680, #8310, .T. ) ;
#2922 = FACE_BOUND ( 'NONE', #8775, .T. ) ;
#2923 = VERTEX_POINT ( 'NONE', #4406 ) ;
#2924 = CARTESIAN_POINT ( 'NONE',  ( -12.33753333294297683, 14.93133280696365972, 28.81805929501376795 ) ) ;
#2925 = CARTESIAN_POINT ( 'NONE',  ( -6.811323837340199638, -18.26582595300517653, 28.80402591302203419 ) ) ;
#2926 = AXIS2_PLACEMENT_3D ( 'NONE', #262, #7604, #6004 ) ;
#2927 = ORIENTED_EDGE ( 'NONE', *, *, #7701, .F. ) ;
#2928 = EDGE_LOOP ( 'NONE', ( #4693, #4739, #1387, #6398, #8434 ) ) ;
#2929 = CARTESIAN_POINT ( 'NONE',  ( -23.77614697052907999, -25.04040790171522346, 7.000000000000000000 ) ) ;
#2930 = CARTESIAN_POINT ( 'NONE',  ( -19.08245349773410027, 3.111846817528097553, 28.97835440868004042 ) ) ;
#2931 = DIRECTION ( 'NONE',  ( -0.8660254037844381525, -0.5000000000000009992, 0.000000000000000000 ) ) ;
#2932 = CARTESIAN_POINT ( 'NONE',  ( 19.17697731439604780, 3.131291424141649404, 29.24024726418726416 ) ) ;
#2933 = EDGE_CURVE ( 'NONE', #6998, #8431, #8473, .T. ) ;
#2934 = CARTESIAN_POINT ( 'NONE',  ( 20.38929697658826257, 3.659053448735056779, 29.39571968233660471 ) ) ;
#2935 = CARTESIAN_POINT ( 'NONE',  ( -6.789253223547656368, -18.22864031221211434, 29.12011918992702775 ) ) ;
#2936 = DIRECTION ( 'NONE',  ( 1.000000000000000000, 0.000000000000000000, 0.000000000000000000 ) ) ;
#2937 = ORIENTED_EDGE ( 'NONE', *, *, #6534, .F. ) ;
#2938 = DIRECTION ( 'NONE',  ( 0.000000000000000000, -0.000000000000000000, -1.000000000000000000 ) ) ;
#2939 = DIRECTION ( 'NONE',  ( 0.8660254037844389297, -0.4999999999999996114, 0.000000000000000000 ) ) ;
#2940 = ORIENTED_EDGE ( 'NONE', *, *, #4954, .F. ) ;
#2942 = EDGE_CURVE ( 'NONE', #10299, #6340, #9973, .T. ) ;
#2941 = CARTESIAN_POINT ( 'NONE',  ( -17.33161409683921050, 9.925596260870758414, 38.50000000000000000 ) ) ;
#2943 = PLANE ( 'NONE',  #2710 ) ;
#2945 = EDGE_CURVE ( 'NONE', #344, #699, #8089, .T. ) ;
#2944 = CARTESIAN_POINT ( 'NONE',  ( 19.37688986053778706, 2.851638756034543309, 28.51220835140168219 ) ) ;
#2946 = AXIS2_PLACEMENT_3D ( 'NONE', #8855, #7297, #9814 ) ;
#2947 = LINE ( 'NONE', #3652, #9786 ) ;
#2948 = CARTESIAN_POINT ( 'NONE',  ( -12.28772393342028835, 14.88530237528179967, 29.11384713692315174 ) ) ;
#2949 = EDGE_CURVE ( 'NONE', #6265, #4397, #925, .T. ) ;
#2950 = DIRECTION ( 'NONE',  ( 0.000000000000000000, 0.000000000000000000, -1.000000000000000000 ) ) ;
#2951 = CARTESIAN_POINT ( 'NONE',  ( -6.917765496421904636, 37.18998824512154044, 7.101972811344131387 ) ) ;
#2952 = CARTESIAN_POINT ( 'NONE',  ( 7.057851502368391650, -18.32647377244557774, 28.60665464884781173 ) ) ;
#2953 = AXIS2_PLACEMENT_3D ( 'NONE', #8886, #4815, #3910 ) ;
#2954 = ORIENTED_EDGE ( 'NONE', *, *, #306, .T. ) ;
#2955 = FACE_OUTER_BOUND ( 'NONE', #4138, .T. ) ;
#2956 = CARTESIAN_POINT ( 'NONE',  ( 12.26177341416664035, 15.08820668513930841, 28.62859080466305528 ) ) ;
#2957 = VERTEX_POINT ( 'NONE', #7615 ) ;
#2958 = CARTESIAN_POINT ( 'NONE',  ( 10.01527103556824017, -20.04040790171519149, 32.00000000000000000 ) ) ;
#2959 = VECTOR ( 'NONE', #8026, 1000.000000000000000 ) ;
#2960 = VERTEX_POINT ( 'NONE', #6705 ) ;
#2961 = CARTESIAN_POINT ( 'NONE',  ( -12.11992482732710741, 15.31192313986564990, 28.49899125697157842 ) ) ;
#2962 = EDGE_LOOP ( 'NONE', ( #496, #6646, #6083, #5439 ) ) ;
#2963 = VECTOR ( 'NONE', #10373, 1000.000000000000000 ) ;
#2964 = ORIENTED_EDGE ( 'NONE', *, *, #7335, .F. ) ;
#2965 = CARTESIAN_POINT ( 'NONE',  ( -66.37105222701396201, -26.48366435127797658, 7.500000000000001776 ) ) ;
#2966 = LINE ( 'NONE', #550, #10578 ) ;
#2967 = CARTESIAN_POINT ( 'NONE',  ( 7.066555753399459405, -18.09035038430298314, 28.43325468956136959 ) ) ;
#2968 = CARTESIAN_POINT ( 'NONE',  ( 19.19639373375965974, 3.165460211635127141, 28.80547381357851933 ) ) ;
#2969 = SPHERICAL_SURFACE ( 'NONE', #7343, 0.2000000000000000111 ) ;
#2970 = DIRECTION ( 'NONE',  ( -0.4999999999999966693, -0.8660254037844405950, 0.000000000000000000 ) ) ;
#2971 = ORIENTED_EDGE ( 'NONE', *, *, #907, .T. ) ;
#2972 = CARTESIAN_POINT ( 'NONE',  ( -12.32919153358010789, 15.02987410103828481, 28.68973844299831200 ) ) ;
#2973 = CARTESIAN_POINT ( 'NONE',  ( -6.811934019519008565, -18.26729580767819527, 28.80363121401235560 ) ) ;
#2974 = EDGE_CURVE ( 'NONE', #1614, #5328, #8607, .T. ) ;
#2975 = ORIENTED_EDGE ( 'NONE', *, *, #2485, .T. ) ;
#2976 = ORIENTED_EDGE ( 'NONE', *, *, #4090, .F. ) ;
#2977 = DIRECTION ( 'NONE',  ( 1.000000000000000000, 0.000000000000000000, 0.000000000000000000 ) ) ;
#2978 = CARTESIAN_POINT ( 'NONE',  ( -19.09336578681301333, 3.123561804297154687, 28.84742932900313406 ) ) ;
#2979 = CARTESIAN_POINT ( 'NONE',  ( -11.95847744704001414, 14.63347044275466757, 29.19910306785786602 ) ) ;
#2980 = CARTESIAN_POINT ( 'NONE',  ( 19.09350174843359937, 3.147679418722588274, 29.11519507054059019 ) ) ;
#2981 = CARTESIAN_POINT ( 'NONE',  ( -7.221097272691507918, -18.21648286546890461, 28.49834978833306209 ) ) ;
#2982 = CARTESIAN_POINT ( 'NONE',  ( 20.67176099864589744, 3.910877383990303269, 29.13884023026453107 ) ) ;
#2983 = FACE_OUTER_BOUND ( 'NONE', #10463, .T. ) ;
#2984 = CARTESIAN_POINT ( 'NONE',  ( -6.797890084380496134, -18.32767642020609955, 29.12167673825768688 ) ) ;
#2985 = DIRECTION ( 'NONE',  ( -1.000000000000000000, -6.859794606063990095E-16, -0.000000000000000000 ) ) ;
#2986 = DIRECTION ( 'NONE',  ( 0.8660254037844380415, 0.5000000000000008882, -0.000000000000000000 ) ) ;
#2987 = EDGE_CURVE ( 'NONE', #6751, #6196, #6257, .T. ) ;
#2988 = FACE_OUTER_BOUND ( 'NONE', #7798, .T. ) ;
#2989 = VERTEX_POINT ( 'NONE', #6067 ) ;
#2990 = CARTESIAN_POINT ( 'NONE',  ( -19.26425344944965801, 2.719550439619291549, 28.45559409974372400 ) ) ;
#2991 = CARTESIAN_POINT ( 'NONE',  ( -11.94036289588799349, 15.26351725728515696, 1.700000000000001510 ) ) ;
#2992 = VECTOR ( 'NONE', #1661, 1000.000000000000000 ) ;
#2993 = CARTESIAN_POINT ( 'NONE',  ( 19.22218046530884195, 2.841503322615758886, 28.46080002751185489 ) ) ;
#2994 = DIRECTION ( 'NONE',  ( 0.4250000000000004330, -0.7361215932167735065, -0.5267826876426359162 ) ) ;
#2995 = CARTESIAN_POINT ( 'NONE',  ( -12.31115483836422264, 14.90138411275273178, 29.09326340769476005 ) ) ;
#2996 = CARTESIAN_POINT ( 'NONE',  ( -12.08530529347581073, 15.19933038487351062, 28.46938304770672445 ) ) ;
#2997 = DIRECTION ( 'NONE',  ( -1.000000000000000000, 0.000000000000000000, 0.000000000000000000 ) ) ;
#2998 = CARTESIAN_POINT ( 'NONE',  ( 6.957554041175537662, -18.19899581095438279, 28.62254275481750554 ) ) ;
#2999 = CIRCLE ( 'NONE', #9337, 12.00000000000000000 ) ;
#3000 = ADVANCED_FACE ( 'NONE', ( #3491 ), #7585, .T. ) ;
#3001 = VERTEX_POINT ( 'NONE', #4299 ) ;
#3002 = LINE ( 'NONE', #9489, #3225 ) ;
#3003 = CARTESIAN_POINT ( 'NONE',  ( -12.11356797664488383, 15.36351725728515660, 28.30000000000000071 ) ) ;
#3004 = CARTESIAN_POINT ( 'NONE',  ( 12.34464850631205479, 15.10643814876174140, 28.71305805366311859 ) ) ;
#3005 = ORIENTED_EDGE ( 'NONE', *, *, #5716, .F. ) ;
#3006 = CARTESIAN_POINT ( 'NONE',  ( 4.945668874375246382, 31.40820197496643118, 0.000000000000000000 ) ) ;
#3007 = ORIENTED_EDGE ( 'NONE', *, *, #993, .T. ) ;
#3008 = CARTESIAN_POINT ( 'NONE',  ( -12.12760958156393265, 15.32034761021523117, 28.50048045059581625 ) ) ;
#3009 = EDGE_CURVE ( 'NONE', #807, #598, #4141, .T. ) ;
#3010 = ORIENTED_EDGE ( 'NONE', *, *, #5761, .F. ) ;
#3011 = CARTESIAN_POINT ( 'NONE',  ( 7.071715600440882987, -18.31012240788767897, 29.39427216176076385 ) ) ;
#3012 = B_SPLINE_CURVE_WITH_KNOTS ( 'NONE', 3,
 ( #5170, #2599, #9345, #2818, #6836, #7686, #9936, #3508 ),
 .UNSPECIFIED., .F., .F.,
 ( 4, 2, 2, 4 ),
 ( -4.472146664850792717E-06, 0.0004680091249378408595, 0.0007042497607391883310, 0.0009404903965405358567 ),
 .UNSPECIFIED. ) ;
#3013 = DIRECTION ( 'NONE',  ( 1.000000000000000000, 1.026956297778269800E-14, -0.000000000000000000 ) ) ;
#3014 = CARTESIAN_POINT ( 'NONE',  ( 19.24299398499604408, 2.644508471040951658, 28.99988140765557887 ) ) ;
#3015 = CARTESIAN_POINT ( 'NONE',  ( 19.18249319661482133, 3.164534113416969330, 28.80911554822337806 ) ) ;
#3016 = AXIS2_PLACEMENT_3D ( 'NONE', #10594, #43, #4971 ) ;
#3017 = ORIENTED_EDGE ( 'NONE', *, *, #1496, .F. ) ;
#3018 = ADVANCED_FACE ( 'NONE', ( #7562 ), #10080, .F. ) ;
#3019 = DIRECTION ( 'NONE',  ( 0.5000000000000015543, -0.8660254037844379305, 0.000000000000000000 ) ) ;
#3020 = CARTESIAN_POINT ( 'NONE',  ( -8.651732553112513102, 24.95959209828479430, 32.00000000000000000 ) ) ;
#3021 = ORIENTED_EDGE ( 'NONE', *, *, #10133, .T. ) ;
#3022 = CARTESIAN_POINT ( 'NONE',  ( -12.33492574752061444, 15.04509355866146336, 28.68334702385685731 ) ) ;
#3023 = CARTESIAN_POINT ( 'NONE',  ( -6.841503105859782607, -18.29101171251195979, 28.75399925754524588 ) ) ;
#3024 = AXIS2_PLACEMENT_3D ( 'NONE', #7367, #5821, #9077 ) ;
#3025 = VERTEX_POINT ( 'NONE', #5565 ) ;
#3026 = ORIENTED_EDGE ( 'NONE', *, *, #5629, .F. ) ;
#3027 = AXIS2_PLACEMENT_3D ( 'NONE', #6588, #913, #3969 ) ;
#3028 = FACE_BOUND ( 'NONE', #8320, .T. ) ;
#3029 = CARTESIAN_POINT ( 'NONE',  ( -19.33615340143440520, 2.995105184915385355, 29.38331909900425742 ) ) ;
#3030 = CARTESIAN_POINT ( 'NONE',  ( -12.12033752096788142, 15.06643384984214684, 28.44133763130171744 ) ) ;
#3031 = CARTESIAN_POINT ( 'NONE',  ( 19.17476681271863015, 3.178968007663070861, 29.09618495413719330 ) ) ;
#3032 = CARTESIAN_POINT ( 'NONE',  ( -7.171183662714124551, -18.26199492969964311, 28.51213580743219467 ) ) ;
#3033 = CARTESIAN_POINT ( 'NONE',  ( 20.55215342900686437, 3.952886045199561327, 28.83765481258463836 ) ) ;
#3034 = CARTESIAN_POINT ( 'NONE',  ( -18.67731793099475723, 2.926756047687144147, 29.17690854119014787 ) ) ;
#3035 = AXIS2_PLACEMENT_3D ( 'NONE', #3800, #6315, #7061 ) ;
#3036 = CARTESIAN_POINT ( 'NONE',  ( -6.724347688961024083, -18.10352597421531229, 29.03602244303275270 ) ) ;
#3037 = DIRECTION ( 'NONE',  ( 0.000000000000000000, 0.000000000000000000, -1.000000000000000000 ) ) ;
#3038 = CARTESIAN_POINT ( 'NONE',  ( -7.065847071325450202, -18.11171079575753140, 28.45309165528612994 ) ) ;
#3039 = DIRECTION ( 'NONE',  ( -1.000000000000000000, -1.101697372407250679E-15, 0.000000000000000000 ) ) ;
#3040 = ORIENTED_EDGE ( 'NONE', *, *, #2282, .T. ) ;
#3041 = CARTESIAN_POINT ( 'NONE',  ( -19.50519852300275758, 2.691796461994605316, 28.49707495640823751 ) ) ;
#3042 = CIRCLE ( 'NONE', #1851, 1.099999999999998535 ) ;
#3043 = DIRECTION ( 'NONE',  ( -0.8660254037844443697, 0.4999999999999902300, 0.000000000000000000 ) ) ;
#3044 = CARTESIAN_POINT ( 'NONE',  ( 19.34884054524744812, 2.844389030521126571, 28.51172639627507266 ) ) ;
#3045 = CARTESIAN_POINT ( 'NONE',  ( 7.343012437561172945, -20.04040790171518438, 28.49953455754358345 ) ) ;
#3046 = CARTESIAN_POINT ( 'NONE',  ( -12.36266250111463627, 14.94835949279754317, 29.09618495413730699 ) ) ;
#3047 = DIRECTION ( 'NONE',  ( -0.8660254037844389297, 0.4999999999999996114, -0.000000000000000000 ) ) ;
#3048 = FACE_OUTER_BOUND ( 'NONE', #8512, .T. ) ;
#3049 = EDGE_CURVE ( 'NONE', #8979, #2583, #3306, .T. ) ;
#3050 = CARTESIAN_POINT ( 'NONE',  ( 6.954738461667298921, -18.24160775916572774, 29.28285775310917671 ) ) ;
#3051 = VECTOR ( 'NONE', #1264, 999.9999999999998863 ) ;
#3052 = VECTOR ( 'NONE', #2480, 999.9999999999998863 ) ;
#3053 = ORIENTED_EDGE ( 'NONE', *, *, #3244, .T. ) ;
#3054 = CARTESIAN_POINT ( 'NONE',  ( -10.20222350350310769, -15.24040790171519966, 28.19999999999999929 ) ) ;
#3055 = CARTESIAN_POINT ( 'NONE',  ( -22.28340901608224200, 0.9488358720803822255, 28.20000000000000284 ) ) ;
#3056 = VECTOR ( 'NONE', #3777, 1000.000000000000000 ) ;
#3057 = DIRECTION ( 'NONE',  ( 1.000000000000000000, 1.025749533621068769E-14, 0.000000000000000000 ) ) ;
#3058 = CARTESIAN_POINT ( 'NONE',  ( 12.18075300238004743, 15.22126032204259971, 28.53350662028977780 ) ) ;
#3059 = ORIENTED_EDGE ( 'NONE', *, *, #3914, .F. ) ;
#3060 = EDGE_CURVE ( 'NONE', #4578, #5648, #8716, .T. ) ;
#3061 = DIRECTION ( 'NONE',  ( -0.000000000000000000, -0.000000000000000000, 1.000000000000000000 ) ) ;
#3062 = AXIS2_PLACEMENT_3D ( 'NONE', #7285, #6384, #7183 ) ;
#3063 = EDGE_LOOP ( 'NONE', ( #1148, #7038, #5353, #279 ) ) ;
#3064 = CARTESIAN_POINT ( 'NONE',  ( -12.21301431213263022, 15.36580818857613195, 28.50091275856835082 ) ) ;
#3065 = AXIS2_PLACEMENT_3D ( 'NONE', #108, #1770, #4294 ) ;
#3066 = CIRCLE ( 'NONE', #330, 0.2000000000000005107 ) ;
#3067 = ORIENTED_EDGE ( 'NONE', *, *, #8591, .F. ) ;
#3068 = ORIENTED_EDGE ( 'NONE', *, *, #3106, .F. ) ;
#3069 = CARTESIAN_POINT ( 'NONE',  ( -12.18730406071047589, 15.41033965031467368, 28.49996611647303624 ) ) ;
#3070 = AXIS2_PLACEMENT_3D ( 'NONE', #4646, #1476, #7476 ) ;
#3071 = DIRECTION ( 'NONE',  ( 0.5000000000000186517, 0.8660254037844278274, 0.000000000000000000 ) ) ;
#3072 = ADVANCED_FACE ( 'NONE', ( #1536 ), #9680, .F. ) ;
#3073 = CARTESIAN_POINT ( 'NONE',  ( 6.384934280104167748, -17.55755217989993255, 28.90228695426306160 ) ) ;
#3074 = CARTESIAN_POINT ( 'NONE',  ( 19.27940569556876937, 3.075429824324036776, 28.64026438662782326 ) ) ;
#3075 = ORIENTED_EDGE ( 'NONE', *, *, #1310, .F. ) ;
#3076 = CARTESIAN_POINT ( 'NONE',  ( -19.42038634055939994, 2.707736609307743070, 28.49953455754358345 ) ) ;
#3077 = ADVANCED_FACE ( 'NONE', ( #3193 ), #5199, .T. ) ;
#3078 = FACE_OUTER_BOUND ( 'NONE', #3836, .T. ) ;
#3079 = CARTESIAN_POINT ( 'NONE',  ( 7.343012437561155181, -18.26364607043909771, 28.49953455754358345 ) ) ;
#3080 = EDGE_LOOP ( 'NONE', ( #4073, #813 ) ) ;
#3081 = CARTESIAN_POINT ( 'NONE',  ( -12.36852551520675725, 15.01284032358281095, 28.75559739676438298 ) ) ;
#3082 = CARTESIAN_POINT ( 'NONE',  ( -6.840282799887128284, -18.28787155468373626, 28.75495294412404945 ) ) ;
#3083 = ORIENTED_EDGE ( 'NONE', *, *, #6039, .F. ) ;
#3084 = VERTEX_POINT ( 'NONE', #4808 ) ;
#3085 = EDGE_CURVE ( 'NONE', #4370, #3995, #6560, .T. ) ;
#3086 = PLANE ( 'NONE',  #2695 ) ;
#3087 = DIRECTION ( 'NONE',  ( -0.000000000000000000, -0.000000000000000000, 1.000000000000000000 ) ) ;
#3088 = DIRECTION ( 'NONE',  ( -0.000000000000000000, 0.000000000000000000, -1.000000000000000000 ) ) ;
#3089 = CARTESIAN_POINT ( 'NONE',  ( 19.06556744203348686, 3.161739025083772248, 29.04289563912267269 ) ) ;
#3090 = CARTESIAN_POINT ( 'NONE',  ( -7.199545118168813929, -18.19043061867556332, 28.49482959153986883 ) ) ;
#3091 = CARTESIAN_POINT ( 'NONE',  ( 20.83388929195197292, 3.888996969870424980, 28.87674217015273825 ) ) ;
#3092 = FACE_OUTER_BOUND ( 'NONE', #6845, .T. ) ;
#3093 = CARTESIAN_POINT ( 'NONE',  ( -6.775279109371381558, -18.23186222175292670, 29.04664075366856935 ) ) ;
#3094 = DIRECTION ( 'NONE',  ( -1.000000000000000000, 0.000000000000000000, 0.000000000000000000 ) ) ;
#3095 = CARTESIAN_POINT ( 'NONE',  ( -6.293042759589328128, -18.62884580484425712, 28.88782324751000630 ) ) ;
#3096 = CARTESIAN_POINT ( 'NONE',  ( 6.906832714789765681, -18.31012595681111321, 28.82822475196330103 ) ) ;
#3097 = AXIS2_PLACEMENT_3D ( 'NONE', #9316, #3643, #4341 ) ;
#3098 = CARTESIAN_POINT ( 'NONE',  ( -19.24768236583657810, 2.789626281280257025, 28.46869948624553004 ) ) ;
#3099 = DIRECTION ( 'NONE',  ( 0.000000000000000000, -0.000000000000000000, -1.000000000000000000 ) ) ;
#3100 = CARTESIAN_POINT ( 'NONE',  ( 19.36825333007856642, 2.786969192173375021, 28.49899125697163171 ) ) ;
#3101 = CARTESIAN_POINT ( 'NONE',  ( -7.270624290268006717, -20.04040790171496056, 1.500000000000001332 ) ) ;
#3102 = CARTESIAN_POINT ( 'NONE',  ( -12.28459491324769459, 14.87097920182390354, 29.08936125235850412 ) ) ;
#3103 = DIRECTION ( 'NONE',  ( 0.5000000000000016653, -0.8660254037844375974, 0.000000000000000000 ) ) ;
#3104 = CARTESIAN_POINT ( 'NONE',  ( 0.000000000000000000, 30.00000000000000000, 5.000000000000000000 ) ) ;
#3105 = CARTESIAN_POINT ( 'NONE',  ( 6.876230222394532632, -17.81685545522679348, 29.25068251385911822 ) ) ;
#3106 = EDGE_CURVE ( 'NONE', #1416, #4191, #7924, .T. ) ;
#3107 = VERTEX_POINT ( 'NONE', #672 ) ;
#3108 = CIRCLE ( 'NONE', #3132, 1.299999999999999600 ) ;
#3109 = EDGE_CURVE ( 'NONE', #6080, #4536, #2180, .T. ) ;
#3110 = DIRECTION ( 'NONE',  ( -1.000000000000000000, -1.734723475976810250E-14, 0.000000000000000000 ) ) ;
#3111 = DIRECTION ( 'NONE',  ( -1.101697372407250679E-15, 1.000000000000000000, 0.000000000000000000 ) ) ;
#3112 = CARTESIAN_POINT ( 'NONE',  ( 12.26818736160077883, 14.88130109996262895, 28.97604831588791185 ) ) ;
#3113 = CARTESIAN_POINT ( 'NONE',  ( -19.51356797664481135, 2.546341281275420254, 1.500000000000001332 ) ) ;
#3114 = EDGE_LOOP ( 'NONE', ( #3173, #5819, #2815, #7352, #918, #298, #6030, #10398, #9443, #10424, #3381, #7082 ) ) ;
#3115 = CARTESIAN_POINT ( 'NONE',  ( -12.08347751441062456, 15.33849648995115444, 28.49625970782015116 ) ) ;
#3116 = AXIS2_PLACEMENT_3D ( 'NONE', #7386, #902, #4178 ) ;
#3117 = ORIENTED_EDGE ( 'NONE', *, *, #1837, .F. ) ;
#3118 = ADVANCED_FACE ( 'NONE', ( #10586 ), #5512, .F. ) ;
#3119 = ORIENTED_EDGE ( 'NONE', *, *, #4140, .F. ) ;
#3120 = ORIENTED_EDGE ( 'NONE', *, *, #8496, .F. ) ;
#3121 = EDGE_CURVE ( 'NONE', #5847, #6080, #5454, .T. ) ;
#3122 = CARTESIAN_POINT ( 'NONE',  ( 10.29777649649660987, -15.04040790171518083, 28.20000000000000284 ) ) ;
#3123 = CIRCLE ( 'NONE', #1588, 0.4999999999999995559 ) ;
#3124 = LINE ( 'NONE', #5493, #2600 ) ;
#3125 = ORIENTED_EDGE ( 'NONE', *, *, #7208, .F. ) ;
#3126 = CARTESIAN_POINT ( 'NONE',  ( -6.978038751387738436, -19.54040790171520214, 29.39571968233660471 ) ) ;
#3127 = CARTESIAN_POINT ( 'NONE',  ( 12.10975672110860302, 15.39963783453756285, 28.30000000000000071 ) ) ;
#3128 = CARTESIAN_POINT ( 'NONE',  ( -7.270624290268006717, -20.04040790171520214, 1.700000000000001510 ) ) ;
#3129 = ORIENTED_EDGE ( 'NONE', *, *, #3867, .T. ) ;
#3130 = CARTESIAN_POINT ( 'NONE',  ( -12.40221874067974817, 15.01552908120390484, 28.79409828997232879 ) ) ;
#3131 = CARTESIAN_POINT ( 'NONE',  ( -6.834414112060962943, -18.27469245678759435, 28.75938145749310948 ) ) ;
#3132 = AXIS2_PLACEMENT_3D ( 'NONE', #1401, #6339, #9602 ) ;
#3133 = VERTEX_POINT ( 'NONE', #1481 ) ;
#3134 = ORIENTED_EDGE ( 'NONE', *, *, #9688, .T. ) ;
#3135 = AXIS2_PLACEMENT_3D ( 'NONE', #805, #5694, #8950 ) ;
#3136 = DIRECTION ( 'NONE',  ( 1.000000000000000000, 0.000000000000000000, 0.000000000000000000 ) ) ;
#3137 = ADVANCED_FACE ( 'NONE', ( #4703 ), #8926, .F. ) ;
#3138 = CARTESIAN_POINT ( 'NONE',  ( -18.81255740273785548, 2.849325513194993054, 29.27435864034581314 ) ) ;
#3139 = CARTESIAN_POINT ( 'NONE',  ( -12.10450162296351273, 15.12182643058582521, 28.45309165528612283 ) ) ;
#3140 = CARTESIAN_POINT ( 'NONE',  ( 19.17719016269857235, 3.188416292101200256, 29.04644933061799250 ) ) ;
#3141 = CARTESIAN_POINT ( 'NONE',  ( -7.066161176091775964, -18.28687786388414338, 28.54817830278664204 ) ) ;
#3142 = CYLINDRICAL_SURFACE ( 'NONE', #8287, 0.5000000000000004441 ) ;
#3143 = CARTESIAN_POINT ( 'NONE',  ( -7.399692158673946807, 17.52818967458092914, 28.19999999999999929 ) ) ;
#3144 = CARTESIAN_POINT ( 'NONE',  ( -6.784078872606244204, -18.23321147060326908, 29.09588413953142094 ) ) ;
#3145 = DIRECTION ( 'NONE',  ( 1.000000000000000000, 0.000000000000000000, 0.000000000000000000 ) ) ;
#3146 = FACE_OUTER_BOUND ( 'NONE', #1456, .T. ) ;
#3147 = AXIS2_PLACEMENT_3D ( 'NONE', #3203, #49, #7494 ) ;
#3148 = DIRECTION ( 'NONE',  ( 1.000000000000000000, 0.000000000000000000, 0.000000000000000000 ) ) ;
#3149 = B_SPLINE_CURVE_WITH_KNOTS ( 'NONE', 3,
 ( #6743, #10007, #4722, #5532, #7548, #6435 ),
 .UNSPECIFIED., .F., .F.,
 ( 4, 2, 4 ),
 ( -4.472146664851771040E-06, 0.0003123412476762555865, 0.0006291546420173629254 ),
 .UNSPECIFIED. ) ;
#3150 = CARTESIAN_POINT ( 'NONE',  ( -19.30406468432719791, 2.764712279808696493, 28.48958241947688919 ) ) ;
#3151 = CARTESIAN_POINT ( 'NONE',  ( -7.270624290268027146, -18.04040790171495701, 1.500000000000001332 ) ) ;
#3152 = DIRECTION ( 'NONE',  ( 0.5000000000000016653, 0.8660254037844377084, 0.000000000000000000 ) ) ;
#3153 = DIRECTION ( 'NONE',  ( 1.000000000000000000, 1.734723475976810250E-14, 0.000000000000000000 ) ) ;
#3154 = CIRCLE ( 'NONE', #8795, 0.1999999999999987899 ) ;
#3155 = CARTESIAN_POINT ( 'NONE',  ( -12.36312858992007335, 14.95603706391464272, 29.12090895373643562 ) ) ;
#3156 = CARTESIAN_POINT ( 'NONE',  ( -18.98451906998274197, 2.858973974021908671, 29.33484040554765571 ) ) ;
#3157 = CARTESIAN_POINT ( 'NONE',  ( -6.558696771092439981, 36.91935526140422752, 7.164906902932473898 ) ) ;
#3158 = CARTESIAN_POINT ( 'NONE',  ( 25.98076211353316722, -14.99999999999999467, 5.000000000000000000 ) ) ;
#3159 = B_SPLINE_CURVE_WITH_KNOTS ( 'NONE', 3,
 ( #1675, #8212, #872, #4148 ),
 .UNSPECIFIED., .F., .F.,
 ( 4, 4 ),
 ( 0.000000000000000000, 1.000000000000000000 ),
 .UNSPECIFIED. ) ;
#3160 = ORIENTED_EDGE ( 'NONE', *, *, #9457, .F. ) ;
#3161 = CARTESIAN_POINT ( 'NONE',  ( 18.13775994191947660, -44.83589999702861206, 0.000000000000000000 ) ) ;
#3162 = DIRECTION ( 'NONE',  ( -0.8660254037844380415, -0.5000000000000008882, 0.000000000000000000 ) ) ;
#3163 = DIRECTION ( 'NONE',  ( -0.8660254037844381525, -0.5000000000000009992, 0.000000000000000000 ) ) ;
#3164 = CYLINDRICAL_SURFACE ( 'NONE', #2666, 0.1999999999999996503 ) ;
#3165 = CARTESIAN_POINT ( 'NONE',  ( 11.96947000858175691, 14.79544281079040502, 29.25072055356691436 ) ) ;
#3166 = CARTESIAN_POINT ( 'NONE',  ( 8.577480116372951713, 15.51772038032659573, 28.20000000000000284 ) ) ;
#3167 = ADVANCED_FACE ( 'NONE', ( #3092 ), #6365, .T. ) ;
#3168 = ORIENTED_EDGE ( 'NONE', *, *, #3904, .T. ) ;
#3169 = CARTESIAN_POINT ( 'NONE',  ( -12.07294715084575465, 15.30882513259717470, 28.49073423466812827 ) ) ;
#3170 = AXIS2_PLACEMENT_3D ( 'NONE', #9022, #9078, #1050 ) ;
#3171 = B_SPLINE_CURVE_WITH_KNOTS ( 'NONE', 3,
 ( #4075, #10504, #5849, #4878, #3374, #2469, #9109, #58, #8896, #2415, #3269, #5738, #8995, #4824, #9750, #5688, #4929, #8196, #8944, #8141, #798, #3321 ),
 .UNSPECIFIED., .F., .F.,
 ( 4, 2, 2, 2, 2, 2, 2, 2, 2, 2, 4 ),
 ( 0.001581083957159176842, 0.002703415433933779779, 0.003825746910708382499, 0.004386912649095684076, 0.004948078387482985653, 0.006070409864257588807, 0.006631575602644890384, 0.007192741341032191961, 0.008315072817806794248, 0.009437404294581399136, 0.01055973577135600402 ),
 .UNSPECIFIED. ) ;
#3172 = ORIENTED_EDGE ( 'NONE', *, *, #1047, .T. ) ;
#3173 = ORIENTED_EDGE ( 'NONE', *, *, #7009, .F. ) ;
#3174 = CARTESIAN_POINT ( 'NONE',  ( -4.746095424604683366, 33.06410000294339824, 9.045055480548212401 ) ) ;
#3175 = DIRECTION ( 'NONE',  ( -0.000000000000000000, -0.000000000000000000, -1.000000000000000000 ) ) ;
#3176 = DIRECTION ( 'NONE',  ( -1.000000000000000000, 0.000000000000000000, -0.000000000000000000 ) ) ;
#3177 = VERTEX_POINT ( 'NONE', #3953 ) ;
#3178 = CARTESIAN_POINT ( 'NONE',  ( 35.04520000984932437, -8.145236451700723634, 7.238576246459956565 ) ) ;
#3179 = DIRECTION ( 'NONE',  ( 0.8660254037844380415, 0.5000000000000008882, -0.000000000000000000 ) ) ;
#3180 = CARTESIAN_POINT ( 'NONE',  ( 12.35899955303114339, 18.39010039627978443, 32.00000000000000000 ) ) ;
#3181 = ORIENTED_EDGE ( 'NONE', *, *, #6582, .F. ) ;
#3182 = CARTESIAN_POINT ( 'NONE',  ( -12.37924548910797284, 14.99503480669162592, 28.79896438887292476 ) ) ;
#3183 = CARTESIAN_POINT ( 'NONE',  ( -6.894437407687953545, -18.28739213887168802, 28.67620063722328538 ) ) ;
#3184 = ADVANCED_FACE ( 'NONE', ( #7215 ), #8874, .F. ) ;
#3185 = EDGE_LOOP ( 'NONE', ( #3480, #2206 ) ) ;
#3186 = ORIENTED_EDGE ( 'NONE', *, *, #7257, .T. ) ;
#3187 = CARTESIAN_POINT ( 'NONE',  ( 12.00852148289529708, 43.06387632116691577, 0.000000000000000000 ) ) ;
#3188 = CARTESIAN_POINT ( 'NONE',  ( -18.87457588179496781, 2.988346797079427741, 29.20102106636049299 ) ) ;
#3189 = CARTESIAN_POINT ( 'NONE',  ( -19.42038634055939994, 2.707736609307743070, 28.49953455754358345 ) ) ;
#3190 = CARTESIAN_POINT ( 'NONE',  ( 19.16503202247318427, 3.183850500038549303, 29.04658358843905930 ) ) ;
#3191 = CARTESIAN_POINT ( 'NONE',  ( -7.226217476773531878, -18.23098346474978371, 28.50048045059581270 ) ) ;
#3192 = CARTESIAN_POINT ( 'NONE',  ( -7.470624290268027323, -18.04040790171496056, 1.500000000000001332 ) ) ;
#3193 = FACE_OUTER_BOUND ( 'NONE', #6390, .T. ) ;
#3194 = CARTESIAN_POINT ( 'NONE',  ( -6.792326059764561386, -18.32767642020609955, 29.09653242434188058 ) ) ;
#3195 = CARTESIAN_POINT ( 'NONE',  ( -12.24001128823212170, 14.89885867732461655, 29.22513990244349458 ) ) ;
#3196 = CARTESIAN_POINT ( 'NONE',  ( -9.292901417278500276, -15.54040790171520214, 31.79166666666666785 ) ) ;
#3197 = CARTESIAN_POINT ( 'NONE',  ( -19.23890356702379734, 2.794428608761433619, 28.46487041382794558 ) ) ;
#3198 = CARTESIAN_POINT ( 'NONE',  ( 19.08255959600195695, 2.942075824530707262, 29.37076959214688898 ) ) ;
#3199 = CARTESIAN_POINT ( 'NONE',  ( 19.41186542255583802, 2.752633553587698678, 28.49996611647302913 ) ) ;
#3200 = AXIS2_PLACEMENT_3D ( 'NONE', #4811, #10438, #2348 ) ;
#3201 = EDGE_CURVE ( 'NONE', #5538, #2859, #6328, .T. ) ;
#3202 = CARTESIAN_POINT ( 'NONE',  ( 7.377104257134122989, -20.04040790171518438, 28.99837095140253851 ) ) ;
#3203 = CARTESIAN_POINT ( 'NONE',  ( 17.32902956042066478, -10.04040790171517195, 17.00000000000000000 ) ) ;
#3204 = DIRECTION ( 'NONE',  ( -0.000000000000000000, 0.000000000000000000, 1.000000000000000000 ) ) ;
#3205 = DIRECTION ( 'NONE',  ( 0.5000000000000005551, -0.8660254037844382635, 0.000000000000000000 ) ) ;
#3206 = EDGE_CURVE ( 'NONE', #4244, #2221, #5210, .T. ) ;
#3207 = CARTESIAN_POINT ( 'NONE',  ( 8.997776496496658893, -20.04040790171517727, 28.20000000000000284 ) ) ;
#3208 = ORIENTED_EDGE ( 'NONE', *, *, #1668, .F. ) ;
#3209 = ADVANCED_FACE ( 'NONE', ( #383 ), #4304, .T. ) ;
#3210 = DIRECTION ( 'NONE',  ( -0.000000000000000000, -0.000000000000000000, 1.000000000000000000 ) ) ;
#3211 = CARTESIAN_POINT ( 'NONE',  ( 2.500000000000000000, 30.00000000000000000, 5.000000000000000000 ) ) ;
#3212 = CYLINDRICAL_SURFACE ( 'NONE', #3585, 0.2000000000000005107 ) ;
#3213 = CARTESIAN_POINT ( 'NONE',  ( -8.651732553112513102, 24.95959209828479430, 17.00000000000000000 ) ) ;
#3214 = CARTESIAN_POINT ( 'NONE',  ( 12.29857483236457583, 15.07515230731789657, 29.28274461098050097 ) ) ;
#3215 = CARTESIAN_POINT ( 'NONE',  ( 11.90975672110860017, 15.39963783453756285, 1.700000000000001288 ) ) ;
#3216 = EDGE_CURVE ( 'NONE', #1787, #5743, #5969, .T. ) ;
#3217 = VERTEX_POINT ( 'NONE', #8423 ) ;
#3218 = CARTESIAN_POINT ( 'NONE',  ( -12.12382998202014228, 15.37369287389624795, 28.49996611647303979 ) ) ;
#3219 = AXIS2_PLACEMENT_3D ( 'NONE', #5491, #7041, #7993 ) ;
#3220 = ORIENTED_EDGE ( 'NONE', *, *, #8635, .F. ) ;
#3221 = ORIENTED_EDGE ( 'NONE', *, *, #2401, .F. ) ;
#3222 = CARTESIAN_POINT ( 'NONE',  ( 11.95901206230196934, 14.80182516367531598, 29.25474978903321599 ) ) ;
#3223 = CARTESIAN_POINT ( 'NONE',  ( 20.79539736716371578, 3.555666939284764627, 1.700000000000001510 ) ) ;
#3224 = CARTESIAN_POINT ( 'NONE',  ( -12.11172730674650744, 15.36670539106910205, 28.49996611647302203 ) ) ;
#3225 = VECTOR ( 'NONE', #3712, 999.9999999999998863 ) ;
#3226 = EDGE_LOOP ( 'NONE', ( #9617, #8942, #9102, #9773 ) ) ;
#3227 = CARTESIAN_POINT ( 'NONE',  ( 31.08611096330318802, -9.600447768020686112, 9.162631440739994915 ) ) ;
#3228 = AXIS2_PLACEMENT_3D ( 'NONE', #4022, #7283, #2468 ) ;
#3229 = CARTESIAN_POINT ( 'NONE',  ( -18.68109576134743932, 2.937822851616601838, 29.17195843181749737 ) ) ;
#3230 = CIRCLE ( 'NONE', #7691, 19.99999999999999645 ) ;
#3231 = CARTESIAN_POINT ( 'NONE',  ( -28.48076211353531306, -14.99999999999999467, 0.1999999999999996503 ) ) ;
#3232 = ORIENTED_EDGE ( 'NONE', *, *, #9460, .F. ) ;
#3233 = CARTESIAN_POINT ( 'NONE',  ( -12.31886224209165093, 15.07333425129012205, 28.64782806934812598 ) ) ;
#3234 = CARTESIAN_POINT ( 'NONE',  ( -6.809521008771490358, -18.19890872937897797, 28.69759588846713427 ) ) ;
#3235 = VECTOR ( 'NONE', #4000, 999.9999999999998863 ) ;
#3236 = ORIENTED_EDGE ( 'NONE', *, *, #8449, .T. ) ;
#3237 = EDGE_LOOP ( 'NONE', ( #1056, #3168, #2624, #4465 ) ) ;
#3238 = VECTOR ( 'NONE', #8989, 1000.000000000000000 ) ;
#3239 = CARTESIAN_POINT ( 'NONE',  ( -13.57241370345687947, 16.43672233804203486, 28.30000000000000071 ) ) ;
#3240 = B_SPLINE_CURVE_WITH_KNOTS ( 'NONE', 3,
 ( #7763, #521, #9422, #10327, #1330, #1229 ),
 .UNSPECIFIED., .F., .F.,
 ( 4, 2, 4 ),
 ( 0.0001604307054781876755, 0.0005812654922720049237, 0.001002100279065822226 ),
 .UNSPECIFIED. ) ;
#3241 = CARTESIAN_POINT ( 'NONE',  ( -19.20092472983638388, 2.898198370451261940, 29.39160792394927313 ) ) ;
#3242 = DIRECTION ( 'NONE',  ( 0.4999999999999966693, -0.8660254037844405950, 0.000000000000000000 ) ) ;
#3243 = CARTESIAN_POINT ( 'NONE',  ( 19.09922529531004542, 3.166497818144217380, 29.04530972837452296 ) ) ;
#3244 = EDGE_CURVE ( 'NONE', #10380, #2082, #8878, .T. ) ;
#3245 = B_SPLINE_SURFACE_WITH_KNOTS ( 'NONE', 3, 3, ( 
 ( #7714, #475, #10331, #2990, #1282, #10284, #6266, #371, #5406, #8571, #1232, #7765, #1388, #6168, #5462, #3648, #3855 ),
 ( #5518, #9476, #4505, #8667, #4604, #7867, #423, #3700, #527, #6966, #8724, #2844, #10229, #7115, #4658, #2891, #3041 ),
 ( #8777, #6916, #10178, #6113, #9424, #2083, #5620, #732, #2300, #6373, #8882, #3958, #4011, #10439, #5570, #4916, #2403 ),
 ( #6526, #2349, #1543, #8129, #4812, #1488, #8931, #4709, #6471, #2455, #4063, #8074, #7272, #8828, #1437, #10544, #3309 ),
 ( #10493, #3197, #3098, #1594, #4759, #5728, #3150, #9790, #9736, #7221, #8022, #9639, #5676, #4867, #785, #7324, #10595 ),
 ( #8982, #7969, #677, #3255, #1648, #8181, #842, #4119, #7382, #625, #7168, #44, #6575, #9840, #2506, #5778, #3906 ),
 ( #6422, #9685, #5838, #6686, #4332, #3580, #1115, #147, #10058, #1062, #2780, #6794, #7489, #6853, #1921, #9093, #2726 ),
 ( #5080, #8343, #1756, #202, #6742, #1865, #6628, #4281, #10115, #9036, #5136, #5026, #1008, #7437, #4224, #8455, #1706 ),
 ( #5188, #303, #5996, #8399, #4972, #8235, #9895, #7547, #9201, #8292, #897, #3471, #9254, #2671, #4388, #951, #10006 ),
 ( #7597, #5943, #7646, #253, #97, #3523, #4174, #3361, #2563, #9952, #3417, #2614, #5890, #9148, #1812, #6051, #6904 ),
 ( #7752, #2833, #5291, #5447, #464, #1375, #3792, #4645, #2175, #1165, #4493, #7052, #5237, #7703, #359, #8656, #3740 ),
 ( #7905, #2978, #5394, #3842, #9310, #3634, #5343, #6199, #2023, #8504, #8608, #6252, #10270, #9514, #6101, #7003, #513 ),
 ( #10166, #9359, #565, #4440, #8710, #2930, #8559, #7102, #10368, #1973, #412, #1321, #1221, #7855, #9463, #4594, #3686 ),
 ( #10320, #6955, #2879, #2125, #10217, #6152, #9412, #2072, #1271, #4541, #7802, #6359, #2444, #6302, #5610, #1425, #1582 ),
 ( #1634, #3188, #9675, #5663, #9723, #8167, #6460, #4903, #3999, #667, #9627, #6411, #826, #5560, #2391, #7262, #2338 ),
 ( #8869, #1529, #4105, #4697, #8114, #9573, #7210, #7368, #4855, #1475, #8817, #10477, #773, #3948, #2288, #3029, #10532 ),
 ( #2232, #3138, #4803, #8064, #4747, #720, #5507, #4048, #7311, #8921, #10580, #8762, #3241, #7955, #6513, #10428, #614 ) ),
 .UNSPECIFIED., .F., .F., .F.,
 ( 4, 1, 1, 1, 1, 1, 1, 1, 1, 1, 1, 1, 1, 1, 4 ),
 ( 4, 1, 1, 1, 1, 1, 1, 1, 1, 1, 1, 1, 1, 1, 4 ),
 ( -0.02751110602300137209, -0.01128175116380584000, 0.004947603695389692080, 0.02117695855458522070, 0.03740631341378075625, 0.06986502313217181348, 0.1023237328505628846, 0.1672411522873449852, 0.2321585717241271274, 0.3619934105976913563, 0.4918282494712556407, 0.6216630883448199807, 0.7514979272183841541, 0.8813327660919484385, 1.011167604965512723 ),
 ( -0.0004963956247358759398, 0.06205595743840183059, 0.1246083105015395459, 0.1871606635646772265, 0.2497130166278149488, 0.3122653696909526988, 0.3748177227540903655, 0.4373700758172280878, 0.4999224288803658101, 0.5624747819435034213, 0.6250271350066411991, 0.6875794880697788658, 0.7501318411329165325, 0.8752365472591919771, 1.000341253385467422 ),
 .UNSPECIFIED. ) ;
#3246 = CARTESIAN_POINT ( 'NONE',  ( -7.274305630064774597, -18.28288045236600823, 28.49996611647303979 ) ) ;
#3247 = CARTESIAN_POINT ( 'NONE',  ( 31.50852148288164045, -4.600008336930073050, 0.000000000000000000 ) ) ;
#3248 = DIRECTION ( 'NONE',  ( 0.4999999999999877875, -0.8660254037844457020, 0.000000000000000000 ) ) ;
#3249 = CARTESIAN_POINT ( 'NONE',  ( -6.765747487389709214, -18.19490424511837290, 29.04614486556390318 ) ) ;
#3250 = CARTESIAN_POINT ( 'NONE',  ( -12.13703085799789783, 14.90293525010851283, 29.30555425510395651 ) ) ;
#3251 = ORIENTED_EDGE ( 'NONE', *, *, #6684, .T. ) ;
#3252 = DIRECTION ( 'NONE',  ( -0.5000000000000008882, 0.8660254037844380415, 0.000000000000000000 ) ) ;
#3254 = ADVANCED_FACE ( 'NONE', ( #10090 ), #2043, .T. ) ;
#3253 = DIRECTION ( 'NONE',  ( -1.000000000000000000, 0.000000000000000000, -4.336808689942024836E-15 ) ) ;
#3255 = CARTESIAN_POINT ( 'NONE',  ( -19.25893348859169762, 2.809093113887563664, 28.48424389741088092 ) ) ;
#3256 = AXIS2_PLACEMENT_3D ( 'NONE', #3338, #8057, #710 ) ;
#3257 = CARTESIAN_POINT ( 'NONE',  ( 26.77657284334949495, -6.404032874453955415, 15.42542045655189575 ) ) ;
#3258 = CARTESIAN_POINT ( 'NONE',  ( -18.06103190110771806, -0.4887204701031245269, 31.85167049528008576 ) ) ;
#3259 = CARTESIAN_POINT ( 'NONE',  ( 13.67137691225092588, 15.89483232135368063, 28.69795491925963660 ) ) ;
#3260 = CARTESIAN_POINT ( 'NONE',  ( 12.69765697541307858, 14.70273275546835379, 28.93128889957747063 ) ) ;
#3261 = CARTESIAN_POINT ( 'NONE',  ( 13.36441980067390389, 15.82649763434959844, 29.39427216176076030 ) ) ;
#3262 = DIRECTION ( 'NONE',  ( 0.8660254037844405950, -0.4999999999999966693, 0.000000000000000000 ) ) ;
#3263 = CARTESIAN_POINT ( 'NONE',  ( 7.400766122507561384, 38.54331398641249251, 7.000000000000000000 ) ) ;
#3264 = AXIS2_PLACEMENT_3D ( 'NONE', #2622, #8137, #3262 ) ;
#3265 = ADVANCED_FACE ( 'NONE', ( #9280 ), #6072, .F. ) ;
#3266 = ORIENTED_EDGE ( 'NONE', *, *, #6420, .F. ) ;
#3267 = ADVANCED_FACE ( 'NONE', ( #3661 ), #9046, .T. ) ;
#3268 = FACE_OUTER_BOUND ( 'NONE', #2794, .T. ) ;
#3269 = CARTESIAN_POINT ( 'NONE',  ( 27.32746792744230646, -21.48879336135286167, 8.219490737629904231 ) ) ;
#3270 = EDGE_CURVE ( 'NONE', #4790, #6927, #4411, .T. ) ;
#3271 = CARTESIAN_POINT ( 'NONE',  ( -17.31198659095687375, -10.04040790171521103, 32.00000000000000000 ) ) ;
#3272 = CARTESIAN_POINT ( 'NONE',  ( 19.27174689158478671, 3.076502353062387396, 28.64340201281898857 ) ) ;
#3273 = CARTESIAN_POINT ( 'NONE',  ( 12.34258431153954838, 15.11265398009248528, 29.29622088624875076 ) ) ;
#3274 = ORIENTED_EDGE ( 'NONE', *, *, #4291, .T. ) ;
#3275 = CYLINDRICAL_SURFACE ( 'NONE', #5714, 2.500000000000002220 ) ;
#3276 = ORIENTED_EDGE ( 'NONE', *, *, #6604, .F. ) ;
#3277 = ORIENTED_EDGE ( 'NONE', *, *, #2515, .T. ) ;
#3278 = DIRECTION ( 'NONE',  ( 1.000000000000000000, 0.000000000000000000, 0.000000000000000000 ) ) ;
#3279 = DIRECTION ( 'NONE',  ( -1.000000000000000000, -1.334402673828314029E-15, 0.000000000000000000 ) ) ;
#3280 = AXIS2_PLACEMENT_3D ( 'NONE', #9941, #4429, #6675 ) ;
#3281 = CARTESIAN_POINT ( 'NONE',  ( -12.10742185253758407, 15.36421963592260553, 28.49996611647302203 ) ) ;
#3282 = VERTEX_POINT ( 'NONE', #6821 ) ;
#3283 = CARTESIAN_POINT ( 'NONE',  ( 32.25682139784511548, -9.549590605564889145, 8.372420089131942689 ) ) ;
#3284 = AXIS2_PLACEMENT_3D ( 'NONE', #8302, #1823, #3318 ) ;
#3285 = AXIS2_PLACEMENT_3D ( 'NONE', #3386, #1729, #9925 ) ;
#3286 = CARTESIAN_POINT ( 'NONE',  ( -16.99147851343125026, 55.26410000294399794, 7.000000000000000000 ) ) ;
#3287 = CARTESIAN_POINT ( 'NONE',  ( -27.16135149449623754, -7.100008336931100672, 14.65471539905940723 ) ) ;
#3288 = ORIENTED_EDGE ( 'NONE', *, *, #1053, .F. ) ;
#3289 = CARTESIAN_POINT ( 'NONE',  ( -12.31427795694738947, 15.05767342724375268, 28.65413909972485484 ) ) ;
#3290 = CARTESIAN_POINT ( 'NONE',  ( -7.011864226855361260, -18.28867013698566169, 28.57617658950709227 ) ) ;
#3291 = ORIENTED_EDGE ( 'NONE', *, *, #369, .T. ) ;
#3292 = ORIENTED_EDGE ( 'NONE', *, *, #2401, .T. ) ;
#3293 = CIRCLE ( 'NONE', #6725, 0.2000000000000005107 ) ;
#3294 = CARTESIAN_POINT ( 'NONE',  ( 6.386034666847719699, -17.55772752331932907, 28.90301056748129227 ) ) ;
#3295 = DIRECTION ( 'NONE',  ( -0.8660254037844380415, -0.5000000000000008882, 0.000000000000000000 ) ) ;
#3296 = CYLINDRICAL_SURFACE ( 'NONE', #2565, 11.49999999999999467 ) ;
#3297 = CARTESIAN_POINT ( 'NONE',  ( 19.17826729101546590, 3.191056844622554234, 29.02124597392844407 ) ) ;
#3298 = CARTESIAN_POINT ( 'NONE',  ( -7.266859841240003171, -18.20723549620471360, 28.49723300795891845 ) ) ;
#3299 = DIRECTION ( 'NONE',  ( 0.000000000000000000, 0.000000000000000000, -1.000000000000000000 ) ) ;
#3300 = CARTESIAN_POINT ( 'NONE',  ( -12.33868333200159562, 14.90375880708578649, 28.95038900857216646 ) ) ;
#3301 = VECTOR ( 'NONE', #7240, 1000.000000000000000 ) ;
#3302 = CARTESIAN_POINT ( 'NONE',  ( -6.773855779315741010, -18.23668492251024631, 29.02176405583880836 ) ) ;
#3303 = CARTESIAN_POINT ( 'NONE',  ( -12.14106124337818216, 14.71920202654120224, 29.15343510911813496 ) ) ;
#3304 = EDGE_CURVE ( 'NONE', #4744, #6984, #437, .T. ) ;
#3305 = ORIENTED_EDGE ( 'NONE', *, *, #5829, .F. ) ;
#3306 = CIRCLE ( 'NONE', #1086, 0.2000000000000005107 ) ;
#3307 = CARTESIAN_POINT ( 'NONE',  ( -12.58340901608231910, 17.74972870549837722, 7.499999999999999112 ) ) ;
#3308 = CARTESIAN_POINT ( 'NONE',  ( 36.86621104238447089, -5.762728654645517423, 7.000000000000000000 ) ) ;
#3309 = CARTESIAN_POINT ( 'NONE',  ( -19.48842719635080201, 2.727196763493993092, 28.49845164743542014 ) ) ;
#3310 = DIRECTION ( 'NONE',  ( -0.000000000000000000, -0.000000000000000000, -1.000000000000000000 ) ) ;
#3311 = CARTESIAN_POINT ( 'NONE',  ( 19.32417176080525323, 2.757660521615875826, 28.48692695881643289 ) ) ;
#3312 = DIRECTION ( 'NONE',  ( 1.000000000000000000, 1.015854067532018234E-14, 0.000000000000000000 ) ) ;
#3313 = CARTESIAN_POINT ( 'NONE',  ( 12.41665512111348235, 14.46807421296751350, 28.30000000000000071 ) ) ;
#3314 = CARTESIAN_POINT ( 'NONE',  ( -6.896608143090197984, -18.32767642020609955, 29.33287930512287645 ) ) ;
#3315 = DIRECTION ( 'NONE',  ( 0.8660254037844380415, 0.5000000000000008882, -0.000000000000000000 ) ) ;
#3316 = CARTESIAN_POINT ( 'NONE',  ( 4.370712901864884259, 32.88640107362868292, 9.272672879607034346 ) ) ;
#3317 = EDGE_CURVE ( 'NONE', #1138, #6394, #4772, .T. ) ;
#3318 = DIRECTION ( 'NONE',  ( -0.8660254037844246078, -0.5000000000000245359, 0.000000000000000000 ) ) ;
#3319 = VERTEX_POINT ( 'NONE', #9119 ) ;
#3320 = CARTESIAN_POINT ( 'NONE',  ( 11.83655164035171659, 15.47284291529445177, 28.50000000000000000 ) ) ;
#3321 = CARTESIAN_POINT ( 'NONE',  ( 23.79318993999363840, -20.04040790171516306, 11.12554020340878580 ) ) ;
#3322 = CARTESIAN_POINT ( 'NONE',  ( 7.070165287547292898, -18.24052360466561495, 29.39307649821696344 ) ) ;
#3323 = CARTESIAN_POINT ( 'NONE',  ( 19.28925032957691243, 3.074584119084013523, 28.63639683538295699 ) ) ;
#3324 = CARTESIAN_POINT ( 'NONE',  ( 12.29285358960419217, 15.18005078439340139, 29.37976204182605500 ) ) ;
#3325 = ORIENTED_EDGE ( 'NONE', *, *, #8314, .T. ) ;
#3326 = DIRECTION ( 'NONE',  ( 1.000000000000000000, 0.000000000000000000, -0.000000000000000000 ) ) ;
#3327 = EDGE_CURVE ( 'NONE', #3720, #5538, #3919, .T. ) ;
#3328 = VERTEX_POINT ( 'NONE', #5262 ) ;
#3329 = EDGE_LOOP ( 'NONE', ( #10081, #5381, #3426, #6676 ) ) ;
#3330 = CARTESIAN_POINT ( 'NONE',  ( 11.92108054997083677, 14.65842174863971614, 29.17690854119011945 ) ) ;
#3331 = DIRECTION ( 'NONE',  ( -0.8660254037844382635, -0.5000000000000008882, 0.000000000000000000 ) ) ;
#3332 = CARTESIAN_POINT ( 'NONE',  ( -12.09153550477693528, 15.35011433872931086, 28.49835040236726158 ) ) ;
#3333 = ORIENTED_EDGE ( 'NONE', *, *, #497, .F. ) ;
#3334 = CIRCLE ( 'NONE', #2838, 0.4000000000000011324 ) ;
#3335 = DIRECTION ( 'NONE',  ( 0.4999999999999993894, 0.8660254037844390407, 0.000000000000000000 ) ) ;
#3336 = EDGE_CURVE ( 'NONE', #1174, #5402, #4937, .T. ) ;
#3337 = CARTESIAN_POINT ( 'NONE',  ( -19.28951498244380147, 3.755692977636017282, 28.87228945253614754 ) ) ;
#3338 = CARTESIAN_POINT ( 'NONE',  ( -56.12105222701394780, -44.23718512885896104, 7.499999999999999112 ) ) ;
#3339 = ORIENTED_EDGE ( 'NONE', *, *, #6370, .F. ) ;
#3340 = CARTESIAN_POINT ( 'NONE',  ( -12.32950516028841648, 15.09969707100058756, 28.63639683538300318 ) ) ;
#3341 = CARTESIAN_POINT ( 'NONE',  ( -6.997826828551439782, -18.27278748638766714, 28.58245685470287967 ) ) ;
#3342 = EDGE_CURVE ( 'NONE', #10297, #4437, #7726, .T. ) ;
#3343 = B_SPLINE_CURVE_WITH_KNOTS ( 'NONE', 3,
 ( #4004, #5615, #8069, #89 ),
 .UNSPECIFIED., .F., .F.,
 ( 4, 4 ),
 ( 0.000000000000000000, 0.003340105047809450740 ),
 .UNSPECIFIED. ) ;
#3344 = VERTEX_POINT ( 'NONE', #4358 ) ;
#3345 = VECTOR ( 'NONE', #6969, 1000.000000000000000 ) ;
#3346 = VERTEX_POINT ( 'NONE', #2642 ) ;
#3347 = FACE_OUTER_BOUND ( 'NONE', #7979, .T. ) ;
#3348 = EDGE_CURVE ( 'NONE', #6276, #3615, #6842, .T. ) ;
#3349 = LINE ( 'NONE', #5764, #1806 ) ;
#3350 = CARTESIAN_POINT ( 'NONE',  ( 7.111946825430822905, -18.16514794649635789, 28.49479497753989676 ) ) ;
#3351 = CARTESIAN_POINT ( 'NONE',  ( 19.16698561245789278, 3.188976886358033447, 28.94703554307205451 ) ) ;
#3352 = CARTESIAN_POINT ( 'NONE',  ( -7.222885127220461499, -18.32767642020610310, 28.50091275856835082 ) ) ;
#3353 = FACE_OUTER_BOUND ( 'NONE', #10354, .T. ) ;
#3354 = CARTESIAN_POINT ( 'NONE',  ( -12.35337097890353064, 14.92646893462122115, 29.02188948244871014 ) ) ;
#3355 = EDGE_CURVE ( 'NONE', #1356, #5808, #62, .T. ) ;
#3356 = CARTESIAN_POINT ( 'NONE',  ( -6.771927598509340562, -18.22830357448882665, 29.02190911342730928 ) ) ;
#3357 = CARTESIAN_POINT ( 'NONE',  ( -12.24300227444893530, 15.01158657970363564, 29.33644522608967975 ) ) ;
#3358 = ORIENTED_EDGE ( 'NONE', *, *, #5075, .T. ) ;
#3359 = CARTESIAN_POINT ( 'NONE',  ( -12.03978406369705212, 14.88612472978484114, 29.33147595706417121 ) ) ;
#3360 = CARTESIAN_POINT ( 'NONE',  ( 23.08440205453820937, -0.009005478011151073908, 7.499999999999999112 ) ) ;
#3361 = CARTESIAN_POINT ( 'NONE',  ( -19.24953212644623335, 2.998001812946983424, 28.63028665993632416 ) ) ;
#3362 = CARTESIAN_POINT ( 'NONE',  ( 19.11069059098348433, 2.948127668271053547, 29.37753707948920123 ) ) ;
#3363 = CARTESIAN_POINT ( 'NONE',  ( -6.977726345661991125, -18.25543397579404470, 29.39547860497323839 ) ) ;
#3364 = CARTESIAN_POINT ( 'NONE',  ( 40.26454612787568976, -9.430332592739082642, 0.000000000000000000 ) ) ;
#3365 = AXIS2_PLACEMENT_3D ( 'NONE', #6993, #2064, #5278 ) ;
#3366 = LINE ( 'NONE', #5732, #5380 ) ;
#3367 = CARTESIAN_POINT ( 'NONE',  ( -6.961417290180988537, -18.10364146226794801, 29.38291696148529653 ) ) ;
#3368 = CARTESIAN_POINT ( 'NONE',  ( -12.06878297506969844, 14.04108715543041264, 28.81023611412746277 ) ) ;
#3369 = CARTESIAN_POINT ( 'NONE',  ( 17.45427503561593241, -0.2573394281714984078, 28.19999999999999929 ) ) ;
#3370 = CARTESIAN_POINT ( 'NONE',  ( 6.369168748208420716, -17.54040790171481845, 28.30000000000000071 ) ) ;
#3371 = ORIENTED_EDGE ( 'NONE', *, *, #10305, .T. ) ;
#3372 = CIRCLE ( 'NONE', #8165, 4.999999999999993783 ) ;
#3373 = DIRECTION ( 'NONE',  ( -1.101697372407250679E-15, 1.000000000000000000, 0.000000000000000000 ) ) ;
#3374 = CARTESIAN_POINT ( 'NONE',  ( 28.46531501031533296, -23.22410367080271953, 7.376608262036059571 ) ) ;
#3375 = FACE_OUTER_BOUND ( 'NONE', #6771, .T. ) ;
#3376 = CARTESIAN_POINT ( 'NONE',  ( 19.22862505046775183, 3.109223995368453508, 28.68973844299832265 ) ) ;
#3377 = DIRECTION ( 'NONE',  ( 0.000000000000000000, 0.000000000000000000, 1.000000000000000000 ) ) ;
#3378 = EDGE_CURVE ( 'NONE', #10158, #5376, #9903, .T. ) ;
#3379 = ORIENTED_EDGE ( 'NONE', *, *, #8541, .F. ) ;
#3380 = CARTESIAN_POINT ( 'NONE',  ( -12.11096502819600218, 15.36626528934277225, 28.49996611647303268 ) ) ;
#3381 = ORIENTED_EDGE ( 'NONE', *, *, #8959, .F. ) ;
#3382 = ORIENTED_EDGE ( 'NONE', *, *, #6697, .F. ) ;
#3383 = DIRECTION ( 'NONE',  ( -0.000000000000000000, 0.000000000000000000, -1.000000000000000000 ) ) ;
#3384 = CARTESIAN_POINT ( 'NONE',  ( 19.41159739100698900, 2.752478805500815362, 28.49996611647302203 ) ) ;
#3385 = EDGE_CURVE ( 'NONE', #2215, #4657, #3757, .T. ) ;
#3386 = CARTESIAN_POINT ( 'NONE',  ( -8.049692158673876108, 16.40235664966127871, 7.499999999999999112 ) ) ;
#3387 = VERTEX_POINT ( 'NONE', #7031 ) ;
#3388 = CARTESIAN_POINT ( 'NONE',  ( 35.74882082097533953, -7.264805524824805794, 7.093201725748287778 ) ) ;
#3389 = CIRCLE ( 'NONE', #7677, 1.099999999999998090 ) ;
#3390 = CARTESIAN_POINT ( 'NONE',  ( 4.338648503654066069, 22.45959209828480496, 32.00000000000000000 ) ) ;
#3391 = VERTEX_POINT ( 'NONE', #2200 ) ;
#3392 = CARTESIAN_POINT ( 'NONE',  ( -12.35165641754123378, 15.12567301794010888, 28.62778276953629231 ) ) ;
#3393 = CARTESIAN_POINT ( 'NONE',  ( -7.010074239475944324, -18.28640445254934832, 28.57705699479570072 ) ) ;
#3394 = VERTEX_POINT ( 'NONE', #3866 ) ;
#3395 = ORIENTED_EDGE ( 'NONE', *, *, #10245, .T. ) ;
#3396 = EDGE_CURVE ( 'NONE', #2388, #10456, #324, .T. ) ;
#3397 = AXIS2_PLACEMENT_3D ( 'NONE', #4836, #3331, #8854 ) ;
#3398 = CARTESIAN_POINT ( 'NONE',  ( -19.06291078320179366, 3.122049452841051398, 28.94405723130618213 ) ) ;
#3399 = DIRECTION ( 'NONE',  ( 0.5000000000000008882, -0.8660254037844380415, 0.000000000000000000 ) ) ;
#3400 = DIRECTION ( 'NONE',  ( 0.8660254037844389297, -0.4999999999999996114, 0.000000000000000000 ) ) ;
#3401 = TOROIDAL_SURFACE ( 'NONE', #6313, 1.300000000000000266, 0.2000000000000000111 ) ;
#3402 = EDGE_CURVE ( 'NONE', #2717, #5993, #1245, .T. ) ;
#3403 = CARTESIAN_POINT ( 'NONE',  ( 19.22633042708175211, 3.212317693768066196, 29.01997792675009791 ) ) ;
#3404 = CARTESIAN_POINT ( 'NONE',  ( 52.66020715873256819, -10.81346813379164651, 3.500000000000000444 ) ) ;
#3405 = CARTESIAN_POINT ( 'NONE',  ( -4.321605534190316789, 22.45959209828479786, 32.00000000000000000 ) ) ;
#3406 = ORIENTED_EDGE ( 'NONE', *, *, #9725, .T. ) ;
#3407 = CARTESIAN_POINT ( 'NONE',  ( -12.37488198017199537, 14.94534657744781825, 29.02124597392835881 ) ) ;
#3408 = CARTESIAN_POINT ( 'NONE',  ( -6.770374305096114043, -18.22347685210812429, 28.90128278589783406 ) ) ;
#3409 = CARTESIAN_POINT ( 'NONE',  ( -12.20057364021207569, 14.85086828503984968, 29.21133987180575176 ) ) ;
#3410 = VECTOR ( 'NONE', #2854, 1000.000000000000000 ) ;
#3411 = EDGE_CURVE ( 'NONE', #2817, #3177, #1354, .T. ) ;
#3412 = CIRCLE ( 'NONE', #3929, 0.2000000000000005107 ) ;
#3413 = EDGE_LOOP ( 'NONE', ( #8255, #7810 ) ) ;
#3414 = CIRCLE ( 'NONE', #5124, 1.300000000000000044 ) ;
#3415 = DIRECTION ( 'NONE',  ( 0.8660254037844389297, -0.4999999999999996114, 0.000000000000000000 ) ) ;
#3416 = FACE_OUTER_BOUND ( 'NONE', #6951, .T. ) ;
#3417 = CARTESIAN_POINT ( 'NONE',  ( -19.28010871464763554, 2.994062644672168982, 28.62749468345909065 ) ) ;
#3418 = DIRECTION ( 'NONE',  ( 0.4999999999999995559, 0.8660254037844389297, 0.000000000000000000 ) ) ;
#3419 = CARTESIAN_POINT ( 'NONE',  ( 19.12670019897609919, 3.027242416546740422, 29.33101325149464245 ) ) ;
#3420 = CIRCLE ( 'NONE', #499, 0.2000000000000005107 ) ;
#3421 = CARTESIAN_POINT ( 'NONE',  ( -6.970770729568604551, -18.14571540575463615, 29.39011472870323516 ) ) ;
#3422 = CARTESIAN_POINT ( 'NONE',  ( 0.04777649649678008398, -18.04040790171488595, 0.000000000000000000 ) ) ;
#3423 = CARTESIAN_POINT ( 'NONE',  ( -17.31198659095685954, -20.04040790171521280, 17.00000000000000000 ) ) ;
#3424 = CARTESIAN_POINT ( 'NONE',  ( -6.974406935819096098, -18.17590975169323997, 29.39291813971767908 ) ) ;
#3425 = CARTESIAN_POINT ( 'NONE',  ( -11.97406470607840845, 14.70426426802675479, 29.23849492710514042 ) ) ;
#3426 = ORIENTED_EDGE ( 'NONE', *, *, #1449, .F. ) ;
#3427 = CARTESIAN_POINT ( 'NONE',  ( -6.555178083825825119, -18.04499909112890421, 28.35104708541290464 ) ) ;
#3428 = TOROIDAL_SURFACE ( 'NONE', #8, 20.00000000000000355, 10.00000000000000000 ) ;
#3429 = CARTESIAN_POINT ( 'NONE',  ( 2.500000000000000000, 30.00000000000000000, 0.1999999999999996503 ) ) ;
#3430 = ORIENTED_EDGE ( 'NONE', *, *, #1836, .T. ) ;
#3431 = DIRECTION ( 'NONE',  ( 1.000000000000000000, 1.015854067532018234E-14, 0.000000000000000000 ) ) ;
#3432 = DIRECTION ( 'NONE',  ( 0.4999999999999987788, 0.8660254037844392627, 0.000000000000000000 ) ) ;
#3433 = FACE_OUTER_BOUND ( 'NONE', #7077, .T. ) ;
#3434 = CARTESIAN_POINT ( 'NONE',  ( 19.22498822148630637, 3.088434703498510903, 28.66125330968741380 ) ) ;
#3435 = DIRECTION ( 'NONE',  ( -0.000000000000000000, 0.000000000000000000, 1.000000000000000000 ) ) ;
#3436 = DIRECTION ( 'NONE',  ( -1.000000000000000000, 0.000000000000000000, 0.000000000000000000 ) ) ;
#3437 = EDGE_LOOP ( 'NONE', ( #4626, #594, #6733, #2284 ) ) ;
#3438 = CARTESIAN_POINT ( 'NONE',  ( 12.39956211970860700, 15.03820268294469820, 28.94283119758451761 ) ) ;
#3439 = ADVANCED_FACE ( 'NONE', ( #6979 ), #10341, .F. ) ;
#3440 = ADVANCED_FACE ( 'NONE', ( #6332 ), #3401, .T. ) ;
#3441 = ORIENTED_EDGE ( 'NONE', *, *, #5487, .T. ) ;
#3442 = CARTESIAN_POINT ( 'NONE',  ( 12.24442276348071346, 14.85865209108354890, 29.02640432078186805 ) ) ;
#3443 = CARTESIAN_POINT ( 'NONE',  ( -17.31198659095686665, -15.04040790171521103, 32.00000000000000000 ) ) ;
#3444 = CARTESIAN_POINT ( 'NONE',  ( 19.19591314848465657, 2.868660660026759235, 28.45309165528607309 ) ) ;
#3445 = ORIENTED_EDGE ( 'NONE', *, *, #10404, .T. ) ;
#3446 = FACE_BOUND ( 'NONE', #5990, .T. ) ;
#3447 = DIRECTION ( 'NONE',  ( 1.000000000000000000, 0.000000000000000000, 0.000000000000000000 ) ) ;
#3448 =( LENGTH_UNIT ( ) NAMED_UNIT ( * ) SI_UNIT ( .MILLI., .METRE. ) );
#3449 = ORIENTED_EDGE ( 'NONE', *, *, #1956, .F. ) ;
#3450 = CARTESIAN_POINT ( 'NONE',  ( -12.34337172293172635, 15.12088984727715513, 28.62778276953629231 ) ) ;
#3451 = CARTESIAN_POINT ( 'NONE',  ( -6.941260662471545828, -18.30705225673502312, 28.63134993243649618 ) ) ;
#3452 = VERTEX_POINT ( 'NONE', #2906 ) ;
#3453 = ADVANCED_FACE ( 'NONE', ( #4619 ), #6832, .T. ) ;
#3454 = ORIENTED_EDGE ( 'NONE', *, *, #4782, .T. ) ;
#3455 = SPHERICAL_SURFACE ( 'NONE', #2171, 0.2000000000000000111 ) ;
#3456 = LINE ( 'NONE', #240, #8813 ) ;
#3457 = DIRECTION ( 'NONE',  ( -1.000000000000000000, 0.000000000000000000, 0.000000000000000000 ) ) ;
#3458 = CARTESIAN_POINT ( 'NONE',  ( 19.16391441289507114, 3.188152717851445939, 28.94729115376019379 ) ) ;
#3459 = CARTESIAN_POINT ( 'NONE',  ( -7.102499673834493876, -18.12088029071107087, 28.46080002751184423 ) ) ;
#3460 = CARTESIAN_POINT ( 'NONE',  ( -7.069689293754279902, -18.32767642020609955, 28.53637502743994148 ) ) ;
#3461 = ORIENTED_EDGE ( 'NONE', *, *, #535, .F. ) ;
#3462 = CARTESIAN_POINT ( 'NONE',  ( -12.37089670775982064, 14.94479836417219687, 29.04646520213531602 ) ) ;
#3463 = ADVANCED_FACE ( 'NONE', ( #2853 ), #537, .T. ) ;
#3464 = CARTESIAN_POINT ( 'NONE',  ( -6.774373286503806213, -18.23909546179369556, 29.02171038122559921 ) ) ;
#3465 = CARTESIAN_POINT ( 'NONE',  ( -12.33368182145035874, 14.98256906594899185, 29.24136218813556098 ) ) ;
#3466 = VECTOR ( 'NONE', #1885, 1000.000000000000000 ) ;
#3467 = ORIENTED_EDGE ( 'NONE', *, *, #10512, .T. ) ;
#3468 = EDGE_CURVE ( 'NONE', #865, #9342, #5476, .T. ) ;
#3469 = CARTESIAN_POINT ( 'NONE',  ( -9.391427575035113051, -19.69042932320733286, 31.90172116060437801 ) ) ;
#3470 = DIRECTION ( 'NONE',  ( -0.4999999999999958367, -0.8660254037844411501, 0.000000000000000000 ) ) ;
#3471 = CARTESIAN_POINT ( 'NONE',  ( -19.32396084441912976, 2.917414530189165855, 28.56479171272307838 ) ) ;
#3472 = DIRECTION ( 'NONE',  ( 0.5000000000000009992, -0.8660254037844380415, 0.000000000000000000 ) ) ;
#3473 = CARTESIAN_POINT ( 'NONE',  ( 19.13284814188681437, 3.029295426815218573, 29.33198943315013096 ) ) ;
#3474 = VECTOR ( 'NONE', #7805, 999.9999999999998863 ) ;
#3475 = LINE ( 'NONE', #2785, #2795 ) ;
#3476 = CARTESIAN_POINT ( 'NONE',  ( 20.42523233726070941, 3.709901429957820351, 29.37560291456619765 ) ) ;
#3477 = EDGE_CURVE ( 'NONE', #8370, #4092, #5319, .T. ) ;
#3478 = CARTESIAN_POINT ( 'NONE',  ( -6.975066049272783175, -18.18392449618611195, 29.39342640732208523 ) ) ;
#3479 = LINE ( 'NONE', #5951, #2764 ) ;
#3480 = ORIENTED_EDGE ( 'NONE', *, *, #982, .F. ) ;
#3481 = DIRECTION ( 'NONE',  ( -0.8660254037844389297, 0.4999999999999996114, -0.000000000000000000 ) ) ;
#3482 = VECTOR ( 'NONE', #1280, 999.9999999999998863 ) ;
#3483 = VECTOR ( 'NONE', #6502, 1000.000000000000000 ) ;
#3484 = CARTESIAN_POINT ( 'NONE',  ( -17.47648707791692857, -0.3253311029998223747, 28.20000000000000284 ) ) ;
#3485 = VERTEX_POINT ( 'NONE', #1396 ) ;
#3486 = CIRCLE ( 'NONE', #2113, 0.2000000000000001221 ) ;
#3487 = FACE_OUTER_BOUND ( 'NONE', #8139, .T. ) ;
#3488 = CARTESIAN_POINT ( 'NONE',  ( -6.281017069551163345, -17.55662764700882761, 28.89685217857343602 ) ) ;
#3489 = CARTESIAN_POINT ( 'NONE',  ( 19.27098426079301774, 2.973332161706253363, 28.56015679831214626 ) ) ;
#3490 = CARTESIAN_POINT ( 'NONE',  ( -21.65584102786042564, 1.586743546909146430, 31.85167049528454797 ) ) ;
#3491 = FACE_OUTER_BOUND ( 'NONE', #9988, .T. ) ;
#3492 = ORIENTED_EDGE ( 'NONE', *, *, #7289, .F. ) ;
#3493 = LINE ( 'NONE', #9172, #8951 ) ;
#3494 = CIRCLE ( 'NONE', #6404, 5.000000000000002665 ) ;
#3495 = ORIENTED_EDGE ( 'NONE', *, *, #8486, .F. ) ;
#3496 = CARTESIAN_POINT ( 'NONE',  ( 19.38051527310400601, 2.738784381407808333, 28.49712918849862220 ) ) ;
#3497 = DIRECTION ( 'NONE',  ( 1.000000000000000000, 1.101697372407250482E-15, 0.000000000000000000 ) ) ;
#3498 = CARTESIAN_POINT ( 'NONE',  ( 12.04658548320293576, 15.22980735918100059, 28.44611929850362841 ) ) ;
#3499 = ADVANCED_FACE ( 'NONE', ( #4567 ), #1450, .F. ) ;
#3500 = ORIENTED_EDGE ( 'NONE', *, *, #10479, .F. ) ;
#3501 = CARTESIAN_POINT ( 'NONE',  ( 19.43678964232831063, 2.767023558582674791, 28.49996611647302203 ) ) ;
#3502 = LINE ( 'NONE', #2193, #8369 ) ;
#3503 = ORIENTED_EDGE ( 'NONE', *, *, #448, .T. ) ;
#3504 = CARTESIAN_POINT ( 'NONE',  ( -12.15539101734649741, 15.25724563907941622, 28.51142093226496854 ) ) ;
#3505 = CARTESIAN_POINT ( 'NONE',  ( -7.065494975525967725, -18.28517121373310772, 28.54853486456349643 ) ) ;
#3506 = EDGE_LOOP ( 'NONE', ( #1658, #10041, #7114 ) ) ;
#3507 = ORIENTED_EDGE ( 'NONE', *, *, #4757, .T. ) ;
#3508 = CARTESIAN_POINT ( 'NONE',  ( -20.79518920283109296, 3.926508201462048930, 28.70129651736450072 ) ) ;
#3509 = AXIS2_PLACEMENT_3D ( 'NONE', #2257, #1452, #10396 ) ;
#3510 = DIRECTION ( 'NONE',  ( 0.5000000000000005551, -0.8660254037844382635, 0.000000000000000000 ) ) ;
#3511 = CARTESIAN_POINT ( 'NONE',  ( 0.04777649649679721611, -19.54040790171521280, 38.50000000000000000 ) ) ;
#3512 = CARTESIAN_POINT ( 'NONE',  ( 19.18727231519894261, 3.194593306798611199, 29.02100478943399509 ) ) ;
#3513 = DIRECTION ( 'NONE',  ( 0.5000000000000006661, -0.8660254037844381525, 0.000000000000000000 ) ) ;
#3514 = EDGE_CURVE ( 'NONE', #173, #3452, #588, .T. ) ;
#3515 = CARTESIAN_POINT ( 'NONE',  ( -7.470624290268027323, -18.04040790171496056, 28.30000000000000071 ) ) ;
#3516 = ORIENTED_EDGE ( 'NONE', *, *, #1186, .F. ) ;
#3517 = CARTESIAN_POINT ( 'NONE',  ( -12.29321051130611941, 14.80977335403972006, 28.93961484146474206 ) ) ;
#3518 = CARTESIAN_POINT ( 'NONE',  ( -6.776939400071721131, -18.25217712300274187, 29.02138154749608745 ) ) ;
#3519 = CIRCLE ( 'NONE', #10356, 0.2000000000000005107 ) ;
#3520 = ORIENTED_EDGE ( 'NONE', *, *, #1699, .F. ) ;
#3521 = CARTESIAN_POINT ( 'NONE',  ( 19.06571787001363560, 2.939332951752095635, 29.36614187387298003 ) ) ;
#3522 = FACE_OUTER_BOUND ( 'NONE', #7948, .T. ) ;
#3523 = CARTESIAN_POINT ( 'NONE',  ( -19.22976216862348409, 3.003275847257409481, 28.62968562084926205 ) ) ;
#3524 = FACE_BOUND ( 'NONE', #5752, .T. ) ;
#3525 = CARTESIAN_POINT ( 'NONE',  ( 19.16986754815017235, 3.128409154701451200, 29.23956187080622726 ) ) ;
#3526 = EDGE_CURVE ( 'NONE', #1875, #9875, #9394, .T. ) ;
#3527 = CARTESIAN_POINT ( 'NONE',  ( -6.952675511394342145, -18.07184021980519617, 29.37620154903007474 ) ) ;
#3528 = LINE ( 'NONE', #6799, #4669 ) ;
#3529 = CARTESIAN_POINT ( 'NONE',  ( 20.39657748145826233, 3.714297164014018104, 29.36160863358776396 ) ) ;
#3530 = CARTESIAN_POINT ( 'NONE',  ( -6.902312210556977412, -18.19715243201186183, 29.33732282281611958 ) ) ;
#3531 = CARTESIAN_POINT ( 'NONE',  ( -12.18018912141823407, 15.08456571882529573, 28.49253256704140114 ) ) ;
#3532 = ORIENTED_EDGE ( 'NONE', *, *, #7967, .F. ) ;
#3533 = CARTESIAN_POINT ( 'NONE',  ( 19.23655164035172760, 2.655666939284762940, 28.30000000000000071 ) ) ;
#3534 = CARTESIAN_POINT ( 'NONE',  ( -26.10044337677221549, -20.59962001424987221, 9.193130107659891692 ) ) ;
#3535 = ORIENTED_EDGE ( 'NONE', *, *, #2851, .F. ) ;
#3537 = EDGE_CURVE ( 'NONE', #2165, #2806, #1689, .T. ) ;
#3536 = CARTESIAN_POINT ( 'NONE',  ( -13.67057303355843523, 16.26670539106905622, 28.49996611647302203 ) ) ;
#3538 = DIRECTION ( 'NONE',  ( 0.000000000000000000, 0.000000000000000000, 1.000000000000000000 ) ) ;
#3539 = AXIS2_PLACEMENT_3D ( 'NONE', #7741, #10205, #2869 ) ;
#3540 = CARTESIAN_POINT ( 'NONE',  ( 18.10427503561594165, -1.383172453091262799, 28.19999999999999929 ) ) ;
#3541 = CARTESIAN_POINT ( 'NONE',  ( 19.32024921556312336, 2.955029222405769485, 28.55305947006182166 ) ) ;
#3542 = FACE_OUTER_BOUND ( 'NONE', #3709, .T. ) ;
#3543 = EDGE_CURVE ( 'NONE', #765, #6596, #7681, .T. ) ;
#3544 = CARTESIAN_POINT ( 'NONE',  ( -13.89079490389987015, 15.88526992269985172, 28.76704322961447602 ) ) ;
#3545 = ORIENTED_EDGE ( 'NONE', *, *, #4032, .F. ) ;
#3546 = CARTESIAN_POINT ( 'NONE',  ( 7.365348817001767578, -18.28739076468256641, 28.49614528775139277 ) ) ;
#3547 = AXIS2_PLACEMENT_3D ( 'NONE', #6198, #4644, #7154 ) ;
#3548 = ADVANCED_FACE ( 'NONE', ( #6483 ), #8943, .F. ) ;
#3549 = EDGE_LOOP ( 'NONE', ( #2482, #422, #9747, #1575 ) ) ;
#3550 = CARTESIAN_POINT ( 'NONE',  ( 12.28300602612920933, 14.89470825159176215, 28.94405723130618213 ) ) ;
#3551 = DIRECTION ( 'NONE',  ( -0.8660254037844413721, 0.4999999999999952260, -0.000000000000000000 ) ) ;
#3552 = ADVANCED_FACE ( 'NONE', ( #745 ), #1659, .T. ) ;
#3553 = CARTESIAN_POINT ( 'NONE',  ( 12.07540360024352211, 15.28483783464550250, 28.48054774979269510 ) ) ;
#3554 = ORIENTED_EDGE ( 'NONE', *, *, #6548, .F. ) ;
#3555 = CARTESIAN_POINT ( 'NONE',  ( 10.29777649649603077, 55.26510000294468483, 7.500000000000001776 ) ) ;
#3556 = CIRCLE ( 'NONE', #3200, 1.099999999999997868 ) ;
#3557 = ORIENTED_EDGE ( 'NONE', *, *, #3304, .F. ) ;
#3558 = CARTESIAN_POINT ( 'NONE',  ( -12.28666675475609260, 15.16797892686293281, 28.57471318643952785 ) ) ;
#3559 = ORIENTED_EDGE ( 'NONE', *, *, #104, .T. ) ;
#3560 = VERTEX_POINT ( 'NONE', #4185 ) ;
#3561 = VERTEX_POINT ( 'NONE', #2361 ) ;
#3562 = VECTOR ( 'NONE', #10545, 1000.000000000000000 ) ;
#3563 = DIRECTION ( 'NONE',  ( -0.000000000000000000, -0.000000000000000000, -1.000000000000000000 ) ) ;
#3564 = CARTESIAN_POINT ( 'NONE',  ( -19.27111078659094900, 3.105881422180277962, 29.23086130790141013 ) ) ;
#3565 = CARTESIAN_POINT ( 'NONE',  ( -9.292901417278459419, -19.54040790171520570, 31.79166666666666785 ) ) ;
#3566 = CARTESIAN_POINT ( 'NONE',  ( 19.18205171908503814, 3.187160703746046320, 28.89633730326107042 ) ) ;
#3567 = LINE ( 'NONE', #6843, #4617 ) ;
#3568 = CARTESIAN_POINT ( 'NONE',  ( -13.67241370345680984, 16.26351725728510900, 1.700000000000001510 ) ) ;
#3569 = ORIENTED_EDGE ( 'NONE', *, *, #211, .T. ) ;
#3570 = CARTESIAN_POINT ( 'NONE',  ( -12.38458540482553083, 14.96132013959887530, 28.89466597259662706 ) ) ;
#3571 = AXIS2_PLACEMENT_3D ( 'NONE', #6401, #8913, #9819 ) ;
#3572 = CARTESIAN_POINT ( 'NONE',  ( -6.819464409363630963, -18.28903297962234475, 28.79837717760282345 ) ) ;
#3573 = AXIS2_PLACEMENT_3D ( 'NONE', #3223, #4942, #70 ) ;
#3574 = ORIENTED_EDGE ( 'NONE', *, *, #4819, .F. ) ;
#3575 = CARTESIAN_POINT ( 'NONE',  ( -6.696720971080694973, -18.12399698558387229, 28.93995111142239551 ) ) ;
#3576 = EDGE_LOOP ( 'NONE', ( #9491, #5392 ) ) ;
#3577 = EDGE_CURVE ( 'NONE', #2748, #7781, #10554, .T. ) ;
#3578 = CIRCLE ( 'NONE', #9562, 5.000000000000000888 ) ;
#3579 = CARTESIAN_POINT ( 'NONE',  ( 10.29777649649680349, -19.84040790171517799, 7.500000000000001776 ) ) ;
#3580 = CARTESIAN_POINT ( 'NONE',  ( -19.28044945142812239, 2.829749375935663114, 28.50600412670924655 ) ) ;
#3581 = FACE_BOUND ( 'NONE', #9140, .T. ) ;
#3582 = CARTESIAN_POINT ( 'NONE',  ( 19.14542292899590947, 3.033806607250472354, 29.33378156876155174 ) ) ;
#3583 = CARTESIAN_POINT ( 'NONE',  ( -6.974200696039165592, -18.17386721919327641, 29.39275911490872062 ) ) ;
#3584 = DIRECTION ( 'NONE',  ( -0.8660254037844413721, 0.4999999999999952260, -0.000000000000000000 ) ) ;
#3585 = AXIS2_PLACEMENT_3D ( 'NONE', #6488, #9751, #1063 ) ;
#3586 = CARTESIAN_POINT ( 'NONE',  ( -19.06420276345412645, 2.868138588422938895, 29.35919704513494821 ) ) ;
#3587 = CARTESIAN_POINT ( 'NONE',  ( -6.785961390957195860, -18.21192304356232583, 29.11927413948403753 ) ) ;
#3588 = CYLINDRICAL_SURFACE ( 'NONE', #7720, 0.1999999999999996503 ) ;
#3589 = AXIS2_PLACEMENT_3D ( 'NONE', #2941, #10381, #6213 ) ;
#3590 = VECTOR ( 'NONE', #8954, 1000.000000000000000 ) ;
#3591 = ORIENTED_EDGE ( 'NONE', *, *, #10163, .F. ) ;
#3592 = DIRECTION ( 'NONE',  ( -0.000000000000000000, -0.000000000000000000, 1.000000000000000000 ) ) ;
#3593 = ADVANCED_FACE ( 'NONE', ( #4985 ), #10590, .T. ) ;
#3594 = AXIS2_PLACEMENT_3D ( 'NONE', #2713, #2062, #3457 ) ;
#3595 = VERTEX_POINT ( 'NONE', #4131 ) ;
#3596 = CARTESIAN_POINT ( 'NONE',  ( 8.655048104594079916, 15.83244064965946052, 31.85167049528349992 ) ) ;
#3597 = CARTESIAN_POINT ( 'NONE',  ( 7.248739647911078166, -18.13521431174699572, 28.47153962324850696 ) ) ;
#3598 = VECTOR ( 'NONE', #88, 1000.000000000000000 ) ;
#3599 = LINE ( 'NONE', #10129, #10017 ) ;
#3600 = CARTESIAN_POINT ( 'NONE',  ( 19.26020578906458525, 2.979859142602362176, 28.56110974613778453 ) ) ;
#3601 = DIRECTION ( 'NONE',  ( -0.000000000000000000, -0.000000000000000000, -1.000000000000000000 ) ) ;
#3602 = CARTESIAN_POINT ( 'NONE',  ( -13.86702952183323845, 15.92643277190053119, 28.70272410868598811 ) ) ;
#3603 = CARTESIAN_POINT ( 'NONE',  ( 7.313995108100115772, -18.31210599823206664, 28.49877289246906287 ) ) ;
#3604 = EDGE_CURVE ( 'NONE', #161, #3789, #10394, .T. ) ;
#3605 = EDGE_CURVE ( 'NONE', #3107, #8979, #1345, .T. ) ;
#3606 = PRODUCT_DEFINITION_SHAPE ( 'NONE', 'NONE',  #6155 ) ;
#3607 = EDGE_CURVE ( 'NONE', #598, #4020, #1717, .T. ) ;
#3608 = EDGE_LOOP ( 'NONE', ( #715, #8177, #9769, #3017 ) ) ;
#3609 = DIRECTION ( 'NONE',  ( 0.000000000000000000, 0.000000000000000000, -1.000000000000000000 ) ) ;
#3610 = B_SPLINE_CURVE_WITH_KNOTS ( 'NONE', 3,
 ( #6279, #8844, #1501, #590, #346, #7080, #6035, #2820, #7184, #7633, #10344, #638, #9652, #4723, #7127, #290, #3564, #5222, #9541 ),
 .UNSPECIFIED., .F., .F.,
 ( 4, 2, 2, 2, 2, 1, 2, 2, 2, 4 ),
 ( 0.000000000000000000, 0.1250000000000009714, 0.2500000000000019429, 0.3750000000000028866, 0.4375000000000016653, 0.4687500000000011102, 0.4843750000000007772, 0.5000000000000004441, 0.7500000000000002220, 1.000000000000000000 ),
 .UNSPECIFIED. ) ;
#3611 = DIRECTION ( 'NONE',  ( 0.5000000000000016653, -0.8660254037844375974, 0.000000000000000000 ) ) ;
#3612 = CARTESIAN_POINT ( 'NONE',  ( 12.08081437291717819, 15.31169072722113356, 28.48868305175852811 ) ) ;
#3613 = VERTEX_POINT ( 'NONE', #912 ) ;
#3614 = DIRECTION ( 'NONE',  ( -1.000000000000000000, -6.859794606063990095E-16, -0.000000000000000000 ) ) ;
#3615 = VERTEX_POINT ( 'NONE', #2414 ) ;
#3616 = CARTESIAN_POINT ( 'NONE',  ( -12.28343717103195232, 15.16025241141807101, 28.57725959451307318 ) ) ;
#3617 = VERTEX_POINT ( 'NONE', #797 ) ;
#3618 = VERTEX_POINT ( 'NONE', #688 ) ;
#3619 = AXIS2_PLACEMENT_3D ( 'NONE', #8189, #1656, #3205 ) ;
#3620 = VERTEX_POINT ( 'NONE', #5633 ) ;
#3621 = CARTESIAN_POINT ( 'NONE',  ( -8.205095234615106037, 15.91102681642425232, 32.00000000000000000 ) ) ;
#3622 = FACE_OUTER_BOUND ( 'NONE', #1916, .T. ) ;
#3623 = CARTESIAN_POINT ( 'NONE',  ( -2.700000000000000178, 30.00000000000000000, -1.761828530288944705E-16 ) ) ;
#3624 = CARTESIAN_POINT ( 'NONE',  ( 19.09885892242325411, 3.175978796194931508, 28.82450158673666252 ) ) ;
#3625 = DIRECTION ( 'NONE',  ( 1.026956297778269800E-14, -1.000000000000000000, 0.000000000000000000 ) ) ;
#3626 = CARTESIAN_POINT ( 'NONE',  ( 12.06375875737717429, 15.02278257151819219, 29.35919704513157669 ) ) ;
#3627 = ORIENTED_EDGE ( 'NONE', *, *, #5421, .T. ) ;
#3628 = CARTESIAN_POINT ( 'NONE',  ( -12.36441054581481858, 14.93357845988969856, 28.94738074638248904 ) ) ;
#3629 = CARTESIAN_POINT ( 'NONE',  ( -6.788615272677590795, -18.28316274664051022, 28.89380020278645134 ) ) ;
#3630 = ORIENTED_EDGE ( 'NONE', *, *, #2721, .T. ) ;
#3631 = CARTESIAN_POINT ( 'NONE',  ( 18.76907524960683915, 2.964480057692363779, 29.23849492710517950 ) ) ;
#3632 = EDGE_LOOP ( 'NONE', ( #6142, #6130, #2585, #9341 ) ) ;
#3633 = CARTESIAN_POINT ( 'NONE',  ( 10.29777649649603077, 55.26510000294468483, 7.500000000000001776 ) ) ;
#3634 = CARTESIAN_POINT ( 'NONE',  ( -19.13787065680535804, 3.109970375712478585, 28.84895085792188496 ) ) ;
#3635 = DIRECTION ( 'NONE',  ( -0.8660254037844382635, -0.5000000000000008882, 0.000000000000000000 ) ) ;
#3636 = CARTESIAN_POINT ( 'NONE',  ( 19.14489203318325750, 3.168211261900682807, 29.09535839950398284 ) ) ;
#3637 = DIRECTION ( 'NONE',  ( 1.000000000000000000, 0.000000000000000000, 0.000000000000000000 ) ) ;
#3638 = ADVANCED_FACE ( 'NONE', ( #5687 ), #4084, .T. ) ;
#3639 = FACE_OUTER_BOUND ( 'NONE', #7996, .T. ) ;
#3640 = VECTOR ( 'NONE', #1269, 1000.000000000000114 ) ;
#3641 = AXIS2_PLACEMENT_3D ( 'NONE', #5806, #8209, #9066 ) ;
#3642 = CARTESIAN_POINT ( 'NONE',  ( -6.835484600346546813, -18.32767642020609955, 29.24448553307181342 ) ) ;
#3643 = DIRECTION ( 'NONE',  ( 6.123233995736761105E-17, 1.060575238724907285E-16, 1.000000000000000000 ) ) ;
#3644 = ORIENTED_EDGE ( 'NONE', *, *, #4889, .T. ) ;
#3645 = CARTESIAN_POINT ( 'NONE',  ( 20.49167885599581140, 3.946896482958615948, 29.02315330334845811 ) ) ;
#3646 = ORIENTED_EDGE ( 'NONE', *, *, #6988, .T. ) ;
#3647 = CIRCLE ( 'NONE', #9633, 2.700000000000000178 ) ;
#3648 = CARTESIAN_POINT ( 'NONE',  ( -19.49633318925385694, 2.683560523266743214, 28.49669335451540775 ) ) ;
#3649 = DIRECTION ( 'NONE',  ( -1.101697372407250679E-15, 1.000000000000000000, 0.000000000000000000 ) ) ;
#3650 = CYLINDRICAL_SURFACE ( 'NONE', #6772, 0.1999999999999986233 ) ;
#3651 = CARTESIAN_POINT ( 'NONE',  ( 19.31865879808499287, 3.004410399877887272, 28.57725959451307318 ) ) ;
#3652 = CARTESIAN_POINT ( 'NONE',  ( 11.93655164035171445, 15.29963783453756321, 28.50000000000000000 ) ) ;
#3653 = VECTOR ( 'NONE', #10434, 1000.000000000000000 ) ;
#3654 = DIRECTION ( 'NONE',  ( -0.000000000000000000, -0.000000000000000000, 1.000000000000000000 ) ) ;
#3655 = DIRECTION ( 'NONE',  ( -0.000000000000000000, -0.000000000000000000, -1.000000000000000000 ) ) ;
#3656 = EDGE_CURVE ( 'NONE', #4170, #5935, #4771, .T. ) ;
#3657 = CARTESIAN_POINT ( 'NONE',  ( 7.235511331266394563, -18.09951597103800580, 28.44641030895388667 ) ) ;
#3658 = CIRCLE ( 'NONE', #7063, 0.1999999999999996503 ) ;
#3659 = AXIS2_PLACEMENT_3D ( 'NONE', #3158, #6431, #9694 ) ;
#3660 = ORIENTED_EDGE ( 'NONE', *, *, #5313, .F. ) ;
#3661 = FACE_OUTER_BOUND ( 'NONE', #9712, .T. ) ;
#3662 = FACE_OUTER_BOUND ( 'NONE', #9622, .T. ) ;
#3663 = CARTESIAN_POINT ( 'NONE',  ( 19.20148817476433223, 2.952838312317592973, 28.49253256704140469 ) ) ;
#3664 = VERTEX_POINT ( 'NONE', #856 ) ;
#3665 = FACE_BOUND ( 'NONE', #9825, .T. ) ;
#3666 = ORIENTED_EDGE ( 'NONE', *, *, #4560, .F. ) ;
#3667 = CARTESIAN_POINT ( 'NONE',  ( -12.28474433013906086, 15.16355558652025515, 28.57617658950707806 ) ) ;
#3668 = ORIENTED_EDGE ( 'NONE', *, *, #2473, .T. ) ;
#3669 = ORIENTED_EDGE ( 'NONE', *, *, #7257, .F. ) ;
#3670 = ORIENTED_EDGE ( 'NONE', *, *, #509, .F. ) ;
#3671 = CARTESIAN_POINT ( 'NONE',  ( 23.79318993999363840, -20.04040790171516306, 11.12554020340878580 ) ) ;
#3672 = ADVANCED_FACE ( 'NONE', ( #3268 ), #6539, .F. ) ;
#3673 = CYLINDRICAL_SURFACE ( 'NONE', #9059, 0.1999999999999996503 ) ;
#3674 = CIRCLE ( 'NONE', #9658, 5.000000000000000888 ) ;
#3675 = CARTESIAN_POINT ( 'NONE',  ( 19.22173804964412014, 3.169588285085448653, 28.79934697647856012 ) ) ;
#3676 = ADVANCED_FACE ( 'NONE', ( #2311 ), #3968, .F. ) ;
#3677 = DIRECTION ( 'NONE',  ( -1.101697372407250679E-15, 1.000000000000000000, 0.000000000000000000 ) ) ;
#3678 = CARTESIAN_POINT ( 'NONE',  ( 19.26540796508939479, 2.802949061490064953, 28.47258626902891976 ) ) ;
#3679 = ORIENTED_EDGE ( 'NONE', *, *, #2106, .F. ) ;
#3680 = CARTESIAN_POINT ( 'NONE',  ( -12.30912509030911650, 14.84327651652459856, 28.90639860571154429 ) ) ;
#3681 = CARTESIAN_POINT ( 'NONE',  ( -6.829213478068835386, -18.26453178223009743, 28.76301258469641553 ) ) ;
#3682 = ORIENTED_EDGE ( 'NONE', *, *, #9034, .T. ) ;
#3683 = EDGE_CURVE ( 'NONE', #22, #3618, #10503, .T. ) ;
#3684 = ORIENTED_EDGE ( 'NONE', *, *, #8016, .F. ) ;
#3685 = DIRECTION ( 'NONE',  ( -1.000000000000000000, 0.000000000000000000, 0.000000000000000000 ) ) ;
#3686 = CARTESIAN_POINT ( 'NONE',  ( -19.26564529785099111, 3.167082743699845437, 28.99850560510149933 ) ) ;
#3687 = CARTESIAN_POINT ( 'NONE',  ( 13.74002088066892213, 15.82497889941216407, 29.11566071176504522 ) ) ;
#3688 = CARTESIAN_POINT ( 'NONE',  ( 19.15888015629757746, 3.166662716959995461, 29.12011918992700288 ) ) ;
#3689 = ADVANCED_FACE ( 'NONE', ( #4822 ), #8086, .F. ) ;
#3690 = DIRECTION ( 'NONE',  ( 1.026956297778269800E-14, -1.000000000000000000, -0.000000000000000000 ) ) ;
#3691 = CARTESIAN_POINT ( 'NONE',  ( 20.79540415719009516, 3.915502555042358779, 28.95357750816360465 ) ) ;
#3692 = TOROIDAL_SURFACE ( 'NONE', #1979, 1.300000000000000266, 0.2000000000000000111 ) ;
#3693 = TOROIDAL_SURFACE ( 'NONE', #6426, 1.300000000000000266, 0.2000000000000000111 ) ;
#3694 = CARTESIAN_POINT ( 'NONE',  ( -6.785622660348040291, -18.21033070315176161, 29.11918155663634877 ) ) ;
#3695 = DIRECTION ( 'NONE',  ( 0.8660254037844355990, 0.5000000000000053291, 0.000000000000000000 ) ) ;
#3696 = ORIENTED_EDGE ( 'NONE', *, *, #832, .T. ) ;
#3697 = CARTESIAN_POINT ( 'NONE',  ( 7.329375709731974275, -18.24040790171481063, 0.000000000000000000 ) ) ;
#3698 = ORIENTED_EDGE ( 'NONE', *, *, #9948, .T. ) ;
#3699 = B_SPLINE_CURVE_WITH_KNOTS ( 'NONE', 3,
 ( #5137, #8400, #3949, #7856 ),
 .UNSPECIFIED., .F., .F.,
 ( 4, 4 ),
 ( 1.734723475976807094E-18, 0.0003527882210653493326 ),
 .UNSPECIFIED. ) ;
#3700 = CARTESIAN_POINT ( 'NONE',  ( -19.32810034089797568, 2.701367833380720729, 28.48200916757093282 ) ) ;
#3701 = FACE_BOUND ( 'NONE', #6351, .T. ) ;
#3702 = DIRECTION ( 'NONE',  ( -1.101697372407250679E-15, 1.000000000000000000, 0.000000000000000000 ) ) ;
#3703 = CARTESIAN_POINT ( 'NONE',  ( 19.25879179743268566, 3.022475531593074027, 28.59326734218239352 ) ) ;
#3704 = CARTESIAN_POINT ( 'NONE',  ( 18.63728921790973558, 3.017126671792922377, 29.15715808751333782 ) ) ;
#3705 = CARTESIAN_POINT ( 'NONE',  ( -6.273615755214866141, -17.54040790171494990, 28.30000000000000071 ) ) ;
#3706 = DIRECTION ( 'NONE',  ( -1.000000000000000000, 0.000000000000000000, 0.000000000000000000 ) ) ;
#3707 = CARTESIAN_POINT ( 'NONE',  ( 12.10293835719401301, 15.41144758726212416, 28.49953455754358700 ) ) ;
#3708 = CIRCLE ( 'NONE', #2001, 0.1999999999999987899 ) ;
#3709 = EDGE_LOOP ( 'NONE', ( #6132, #7953, #1448, #7866 ) ) ;
#3710 = DIRECTION ( 'NONE',  ( -1.000000000000000000, -1.577021341797099384E-15, 0.000000000000000000 ) ) ;
#3711 = EDGE_CURVE ( 'NONE', #2527, #2118, #5301, .T. ) ;
#3712 = DIRECTION ( 'NONE',  ( 0.4999999999999952816, 0.8660254037844413721, -0.000000000000000000 ) ) ;
#3713 = CARTESIAN_POINT ( 'NONE',  ( 12.29688576183789550, 14.99641665228737608, 28.72093623216706249 ) ) ;
#3714 = ORIENTED_EDGE ( 'NONE', *, *, #8162, .T. ) ;
#3715 = DIRECTION ( 'NONE',  ( -1.000000000000000000, 0.000000000000000000, 0.000000000000000000 ) ) ;
#3716 = AXIS2_PLACEMENT_3D ( 'NONE', #7954, #1424, #3136 ) ;
#3717 = VERTEX_POINT ( 'NONE', #1178 ) ;
#3718 = CARTESIAN_POINT ( 'NONE',  ( -12.24146702561137268, 15.18632034209285742, 28.55305947006185008 ) ) ;
#3719 = ORIENTED_EDGE ( 'NONE', *, *, #7958, .F. ) ;
#3720 = VERTEX_POINT ( 'NONE', #8306 ) ;
#3721 = EDGE_CURVE ( 'NONE', #5599, #5378, #3412, .T. ) ;
#3722 = CARTESIAN_POINT ( 'NONE',  ( 17.00852148289529708, 40.09113717595204918, 7.000000000000000000 ) ) ;
#3723 = CARTESIAN_POINT ( 'NONE',  ( 16.87638935264598672, 9.743587935699126845, 38.50000000000000000 ) ) ;
#3724 = AXIS2_PLACEMENT_3D ( 'NONE', #5958, #217, #6918 ) ;
#3725 = DIRECTION ( 'NONE',  ( 1.000000000000000000, 8.673617379884089115E-15, 0.000000000000000000 ) ) ;
#3726 = CARTESIAN_POINT ( 'NONE',  ( 19.23449791379954732, 3.151928218845926111, 28.75530951536647706 ) ) ;
#3727 = DIRECTION ( 'NONE',  ( 0.4999999999999952260, 0.8660254037844413721, 0.000000000000000000 ) ) ;
#3728 = CARTESIAN_POINT ( 'NONE',  ( 56.64884018471339289, -43.35254885952384285, 28.20000000000000284 ) ) ;
#3729 = ORIENTED_EDGE ( 'NONE', *, *, #3396, .T. ) ;
#3730 = CARTESIAN_POINT ( 'NONE',  ( -12.38327392290159246, 14.95119280261671690, 28.94539439669912184 ) ) ;
#3731 = CARTESIAN_POINT ( 'NONE',  ( -6.792667982025477613, -18.32767642020609955, 28.89164846083753346 ) ) ;
#3732 = B_SPLINE_CURVE_WITH_KNOTS ( 'NONE', 3,
 ( #4597, #6364, #3847, #4702, #7106, #10221, #618, #3795, #3897, #5564 ),
 .UNSPECIFIED., .F., .F.,
 ( 4, 2, 2, 2, 4 ),
 ( 0.000000000000000000, 0.2500000000000000000, 0.5000000000000000000, 0.7500000000000000000, 1.000000000000000000 ),
 .UNSPECIFIED. ) ;
#3733 = EDGE_CURVE ( 'NONE', #3001, #7192, #7689, .T. ) ;
#3734 = VECTOR ( 'NONE', #6425, 1000.000000000000114 ) ;
#3735 = VERTEX_POINT ( 'NONE', #2632 ) ;
#3736 = CARTESIAN_POINT ( 'NONE',  ( -66.92105222701395917, -25.53103640711509570, 7.500000000000001776 ) ) ;
#3737 = EDGE_CURVE ( 'NONE', #6196, #863, #5549, .T. ) ;
#3738 = DIRECTION ( 'NONE',  ( -0.8660254037844381525, -0.5000000000000009992, 0.000000000000000000 ) ) ;
#3739 = ADVANCED_FACE ( 'NONE', ( #1936 ), #664, .T. ) ;
#3740 = CARTESIAN_POINT ( 'NONE',  ( -19.30848332848379911, 3.081628338665498568, 28.70135958459504266 ) ) ;
#3741 = CARTESIAN_POINT ( 'NONE',  ( 13.76464446549250376, 16.13328818044162460, 28.81812133211679949 ) ) ;
#3742 = CARTESIAN_POINT ( 'NONE',  ( 19.17149566300557950, 3.171456243879514858, 29.12059104026106482 ) ) ;
#3743 = DIRECTION ( 'NONE',  ( -1.000000000000000000, 0.000000000000000000, 0.000000000000000000 ) ) ;
#3744 = DIRECTION ( 'NONE',  ( 0.4999999999999991118, 0.8660254037844392627, 0.000000000000000000 ) ) ;
#3745 = CARTESIAN_POINT ( 'NONE',  ( -6.784667481166636094, -18.20595552336962086, 29.11891590180911038 ) ) ;
#3746 = FACE_OUTER_BOUND ( 'NONE', #9279, .T. ) ;
#3747 = CIRCLE ( 'NONE', #5109, 1.099999999999999423 ) ;
#3748 = EDGE_LOOP ( 'NONE', ( #3569, #2586, #9935, #7039, #1621, #9052 ) ) ;
#3749 = CARTESIAN_POINT ( 'NONE',  ( -6.822117955632023723, -18.06828661795647406, 28.40307432367048790 ) ) ;
#3750 = DIRECTION ( 'NONE',  ( 1.101697372407250679E-15, -1.000000000000000000, -0.000000000000000000 ) ) ;
#3751 = EDGE_LOOP ( 'NONE', ( #2708, #1678, #8315, #1421 ) ) ;
#3752 = FACE_OUTER_BOUND ( 'NONE', #5426, .T. ) ;
#3753 = DIRECTION ( 'NONE',  ( 0.000000000000000000, 0.000000000000000000, -1.000000000000000000 ) ) ;
#3754 = TOROIDAL_SURFACE ( 'NONE', #9731, 0.4000000000000000222, 0.2000000000000000111 ) ;
#3755 = CARTESIAN_POINT ( 'NONE',  ( 19.29360446334541024, 2.867697542178351711, 28.50965326155567325 ) ) ;
#3756 = CARTESIAN_POINT ( 'NONE',  ( 56.09884018471340283, -44.30517680368672728, 28.20000000000000284 ) ) ;
#3757 = CIRCLE ( 'NONE', #4609, 0.1999999999999986233 ) ;
#3758 = AXIS2_PLACEMENT_3D ( 'NONE', #3705, #4310, #480 ) ;
#3759 = CARTESIAN_POINT ( 'NONE',  ( -12.32018232079470366, 14.91940783213452448, 29.11835779399663338 ) ) ;
#3760 = LINE ( 'NONE', #1093, #1519 ) ;
#3761 = CARTESIAN_POINT ( 'NONE',  ( -18.29969215867387078, -1.351164127919725289, 7.500000000000001776 ) ) ;
#3762 = CARTESIAN_POINT ( 'NONE',  ( 6.868564347584809049, -18.33643961712910908, 28.99844764810242381 ) ) ;
#3763 = VECTOR ( 'NONE', #6292, 1000.000000000000000 ) ;
#3764 = CIRCLE ( 'NONE', #1882, 11.99999999999999822 ) ;
#3765 = ORIENTED_EDGE ( 'NONE', *, *, #5337, .T. ) ;
#3766 = CARTESIAN_POINT ( 'NONE',  ( 20.79907870696046146, 3.549290671716877288, 28.69993223294603979 ) ) ;
#3767 = CARTESIAN_POINT ( 'NONE',  ( 11.59777649649665676, -20.04040790171517727, 28.20000000000000284 ) ) ;
#3768 = CARTESIAN_POINT ( 'NONE',  ( 12.20330807020251562, 15.38663589302419510, 28.50906520863430060 ) ) ;
#3769 = AXIS2_PLACEMENT_3D ( 'NONE', #7632, #3563, #9500 ) ;
#3770 = VERTEX_POINT ( 'NONE', #8357 ) ;
#3771 = CARTESIAN_POINT ( 'NONE',  ( -12.68340901608239335, 17.57652362474137675, 28.19999999999999929 ) ) ;
#3772 = ADVANCED_FACE ( 'NONE', ( #8518 ), #963, .F. ) ;
#3773 = ORIENTED_EDGE ( 'NONE', *, *, #6930, .T. ) ;
#3774 = CARTESIAN_POINT ( 'NONE',  ( -12.18024857771210279, 15.28706781271330328, 28.51220835140161469 ) ) ;
#3775 = ORIENTED_EDGE ( 'NONE', *, *, #1703, .T. ) ;
#3776 = ORIENTED_EDGE ( 'NONE', *, *, #7921, .T. ) ;
#3777 = DIRECTION ( 'NONE',  ( 0.000000000000000000, 1.000000000000000000, 0.000000000000000000 ) ) ;
#3778 = PRESENTATION_LAYER_ASSIGNMENT (  '', '', ( #516 ) ) ;
#3779 = DIRECTION ( 'NONE',  ( -1.026956297778269800E-14, 1.000000000000000000, -0.000000000000000000 ) ) ;
#3780 = CARTESIAN_POINT ( 'NONE',  ( 7.128385948050254051, -18.10247137542748774, 28.44610173068959824 ) ) ;
#3781 = CARTESIAN_POINT ( 'NONE',  ( 19.22680979125359713, 3.170831785299828898, 28.79827079812233492 ) ) ;
#3782 = CARTESIAN_POINT ( 'NONE',  ( 9.197776496496610221, -15.24040790171518722, 28.20000000000000284 ) ) ;
#3783 = PLANE ( 'NONE',  #7325 ) ;
#3784 = VERTEX_POINT ( 'NONE', #3536 ) ;
#3785 = CARTESIAN_POINT ( 'NONE',  ( -12.32748937567306591, 15.02469662833482111, 28.69178334849967982 ) ) ;
#3786 = CARTESIAN_POINT ( 'NONE',  ( -6.796653394588316743, -18.23717500560351112, 28.81239920729283099 ) ) ;
#3787 = EDGE_CURVE ( 'NONE', #2322, #221, #4401, .T. ) ;
#3788 = VECTOR ( 'NONE', #7808, 1000.000000000000000 ) ;
#3789 = VERTEX_POINT ( 'NONE', #6758 ) ;
#3790 = EDGE_LOOP ( 'NONE', ( #10312, #2709, #8629, #4293 ) ) ;
#3791 = PLANE ( 'NONE',  #7651 ) ;
#3792 = CARTESIAN_POINT ( 'NONE',  ( -19.20045278499649299, 3.066796514729454692, 28.72384464496737166 ) ) ;
#3793 = FACE_BOUND ( 'NONE', #7084, .T. ) ;
#3794 = CARTESIAN_POINT ( 'NONE',  ( 19.17304317885955101, 3.178289154326749522, 29.09615337359190335 ) ) ;
#3795 = CARTESIAN_POINT ( 'NONE',  ( -7.274283024976805123, -18.23602685878599416, 28.49995676182075144 ) ) ;
#3796 = CARTESIAN_POINT ( 'NONE',  ( -6.791409660815610927, -18.24196242496255849, 29.12059104026108969 ) ) ;
#3797 = FACE_OUTER_BOUND ( 'NONE', #1204, .T. ) ;
#3798 = CARTESIAN_POINT ( 'NONE',  ( 56.99033417765470233, -13.31346813379172112, 7.000000000000000000 ) ) ;
#3799 = ADVANCED_FACE ( 'NONE', ( #2796 ), #6700, .F. ) ;
#3800 = CARTESIAN_POINT ( 'NONE',  ( 10.29777649649665783, -19.84040790171517799, 28.20000000000000284 ) ) ;
#3801 = ORIENTED_EDGE ( 'NONE', *, *, #7135, .T. ) ;
#3802 = CARTESIAN_POINT ( 'NONE',  ( -20.97241370345680522, 3.619546362032297626, 1.700000000000000178 ) ) ;
#3803 = CIRCLE ( 'NONE', #9782, 0.2000000000000001221 ) ;
#3804 = CARTESIAN_POINT ( 'NONE',  ( -56.97329120819080117, -13.31346813379115979, 7.000000000000000000 ) ) ;
#3805 = CARTESIAN_POINT ( 'NONE',  ( 19.31369965245676923, 2.854325873335658681, 28.51086745970722092 ) ) ;
#3806 = VECTOR ( 'NONE', #5954, 1000.000000000000000 ) ;
#3807 = CIRCLE ( 'NONE', #5523, 0.2000000000000005107 ) ;
#3808 = ADVANCED_FACE ( 'NONE', ( #9164, #1825 ), #2685, .F. ) ;
#3809 = FACE_OUTER_BOUND ( 'NONE', #6851, .T. ) ;
#3810 = B_SPLINE_CURVE_WITH_KNOTS ( 'NONE', 3,
 ( #4917, #4175, #3257, #8983 ),
 .UNSPECIFIED., .F., .F.,
 ( 4, 4 ),
 ( -2.000000000043767034E-05, 0.003320105047807493052 ),
 .UNSPECIFIED. ) ;
#3811 = CARTESIAN_POINT ( 'NONE',  ( -12.35677106679683845, 14.95107409759444295, 29.12068124188875728 ) ) ;
#3812 = CARTESIAN_POINT ( 'NONE',  ( -19.28406296724679692, 2.944087024046246448, 29.39307649821621737 ) ) ;
#3813 = DIRECTION ( 'NONE',  ( -1.101697372407250679E-15, 1.000000000000000000, 0.000000000000000000 ) ) ;
#3814 = CARTESIAN_POINT ( 'NONE',  ( 6.879537000247209377, -18.23733207032554304, 28.84947834262661459 ) ) ;
#3815 = TOROIDAL_SURFACE ( 'NONE', #6381, 11.99999999999999822, 0.5000000000000000000 ) ;
#3816 = EDGE_LOOP ( 'NONE', ( #10100, #498, #8952, #10346 ) ) ;
#3817 = EDGE_CURVE ( 'NONE', #10054, #6932, #7173, .T. ) ;
#3818 = CARTESIAN_POINT ( 'NONE',  ( -22.23170934734966053, 1.380156262211662321, 32.00000000000000000 ) ) ;
#3819 = DIRECTION ( 'NONE',  ( 0.4999999999999995559, 0.8660254037844389297, 0.000000000000000000 ) ) ;
#3820 = CARTESIAN_POINT ( 'NONE',  ( 66.34884018471323941, -26.55165602610579967, 7.499999999999999112 ) ) ;
#3821 = CARTESIAN_POINT ( 'NONE',  ( 12.23624968650762312, 15.22304191504050230, 28.56514045515995548 ) ) ;
#3822 = VERTEX_POINT ( 'NONE', #8411 ) ;
#3823 = CARTESIAN_POINT ( 'NONE',  ( 10.13489699741280425, -20.04040790171518083, 32.00000000000000000 ) ) ;
#3824 = VECTOR ( 'NONE', #3614, 1000.000000000000000 ) ;
#3825 = ORIENTED_EDGE ( 'NONE', *, *, #4464, .T. ) ;
#3826 = CARTESIAN_POINT ( 'NONE',  ( -12.07250198943648911, 15.28840171631468436, 28.48692695881635473 ) ) ;
#3827 = AXIS2_PLACEMENT_3D ( 'NONE', #473, #9636, #4654 ) ;
#3828 = VERTEX_POINT ( 'NONE', #1880 ) ;
#3829 = DIRECTION ( 'NONE',  ( 0.000000000000000000, 0.000000000000000000, 1.000000000000000000 ) ) ;
#3830 = DIRECTION ( 'NONE',  ( -0.8660254037844382635, -0.5000000000000008882, 0.000000000000000000 ) ) ;
#3831 = DIRECTION ( 'NONE',  ( 0.000000000000000000, 0.000000000000000000, 1.000000000000000000 ) ) ;
#3832 = CARTESIAN_POINT ( 'NONE',  ( 19.24240912786341084, 3.153198693268441488, 28.75306886236942105 ) ) ;
#3833 = ORIENTED_EDGE ( 'NONE', *, *, #3526, .F. ) ;
#3834 = CARTESIAN_POINT ( 'NONE',  ( -27.26372344683385052, -7.277321759649870714, 14.45836314381715937 ) ) ;
#3835 = CARTESIAN_POINT ( 'NONE',  ( 9.197776496496754106, -15.24040790171518722, 7.500000000000001776 ) ) ;
#3836 = EDGE_LOOP ( 'NONE', ( #6135, #9508, #396, #5867 ) ) ;
#3837 = CARTESIAN_POINT ( 'NONE',  ( -12.37774201417821907, 14.99342158710939010, 28.79943729226715377 ) ) ;
#3838 = CARTESIAN_POINT ( 'NONE',  ( -6.842193054103456795, -18.29287236943767425, 28.75345534191293240 ) ) ;
#3839 = ORIENTED_EDGE ( 'NONE', *, *, #53, .T. ) ;
#3840 = EDGE_LOOP ( 'NONE', ( #229, #6620, #3266, #3495 ) ) ;
#3841 = DIRECTION ( 'NONE',  ( 0.4999999999999996114, 0.8660254037844389297, 0.000000000000000000 ) ) ;
#3842 = CARTESIAN_POINT ( 'NONE',  ( -19.11359970411538001, 3.115916444838247479, 28.84826735190409153 ) ) ;
#3843 = CARTESIAN_POINT ( 'NONE',  ( 25.98928359826505385, -5.040407901715157735, 32.00000000000000000 ) ) ;
#3844 = CARTESIAN_POINT ( 'NONE',  ( 19.14275666066981429, 3.161154893283489198, 29.11927413948402332 ) ) ;
#3845 = ADVANCED_FACE ( 'NONE', ( #5147 ), #9909, .F. ) ;
#3846 = CARTESIAN_POINT ( 'NONE',  ( -7.171478449093267926, -18.26881720981237933, 28.51183922054423192 ) ) ;
#3847 = CARTESIAN_POINT ( 'NONE',  ( -7.270033258248003172, -18.21462576209190942, 28.49835040236735750 ) ) ;
#3848 = CARTESIAN_POINT ( 'NONE',  ( -18.55442357230566230, 3.006604471380465604, 29.08350014986725185 ) ) ;
#3849 = CARTESIAN_POINT ( 'NONE',  ( -6.777444099854689874, -18.24256187614009761, 29.04658358843905930 ) ) ;
#3850 = CARTESIAN_POINT ( 'NONE',  ( -9.746095424604677149, 33.06410000294339824, 0.000000000000000000 ) ) ;
#3851 = CARTESIAN_POINT ( 'NONE',  ( -6.343898764452032601, -18.50911626777673291, 28.93216315803754668 ) ) ;
#3853 = EDGE_CURVE ( 'NONE', #7197, #3917, #5427, .T. ) ;
#3852 = CARTESIAN_POINT ( 'NONE',  ( 7.088375880414194086, -18.31290485358408660, 28.58556879942098305 ) ) ;
#3854 = ORIENTED_EDGE ( 'NONE', *, *, #9918, .F. ) ;
#3855 = CARTESIAN_POINT ( 'NONE',  ( -19.50853428191273053, 2.684537560711657722, 28.49700486496109164 ) ) ;
#3856 = DIRECTION ( 'NONE',  ( -1.000000000000000000, 3.190973401373109377E-16, 0.000000000000000000 ) ) ;
#3857 = CARTESIAN_POINT ( 'NONE',  ( 19.19591314848465657, 2.868660660026759235, 28.45309165528607309 ) ) ;
#3858 = CARTESIAN_POINT ( 'NONE',  ( 19.06428178174235555, 3.640627033219969277, 28.92845686198178612 ) ) ;
#3859 = CARTESIAN_POINT ( 'NONE',  ( -12.29493325610108201, 14.89362617715713988, 29.11519507054090994 ) ) ;
#3860 = CARTESIAN_POINT ( 'NONE',  ( -7.065847071325322304, -18.11171079575757403, 28.45309165528606243 ) ) ;
#3861 = DIRECTION ( 'NONE',  ( 1.000000000000000000, 1.101697372407250482E-15, -0.000000000000000000 ) ) ;
#3862 = CARTESIAN_POINT ( 'NONE',  ( 6.929064354674458137, -18.23670832631364291, 28.72392891991055919 ) ) ;
#3863 = VECTOR ( 'NONE', #2744, 1000.000000000000227 ) ;
#3864 = ADVANCED_FACE ( 'NONE', ( #9108 ), #10073, .T. ) ;
#3865 = EDGE_LOOP ( 'NONE', ( #4378, #72, #9962, #4130 ) ) ;
#3866 = CARTESIAN_POINT ( 'NONE',  ( 19.33904070563243494, 3.052687707980607623, 29.39571968233660471 ) ) ;
#3867 = EDGE_CURVE ( 'NONE', #2321, #8904, #5358, .T. ) ;
#3868 = DIRECTION ( 'NONE',  ( 1.000000000000000000, 1.734723475976810250E-14, 0.000000000000000000 ) ) ;
#3869 = DIRECTION ( 'NONE',  ( 1.000000000000000000, 0.000000000000000000, -0.000000000000000000 ) ) ;
#3870 = CARTESIAN_POINT ( 'NONE',  ( 12.13928068876937338, 15.23372901770550136, 28.50732576844771771 ) ) ;
#3871 = ORIENTED_EDGE ( 'NONE', *, *, #159, .F. ) ;
#3872 = DIRECTION ( 'NONE',  ( 6.123233995736775897E-17, -1.060575238724906175E-16, 1.000000000000000000 ) ) ;
#3873 = VERTEX_POINT ( 'NONE', #7813 ) ;
#3874 = CARTESIAN_POINT ( 'NONE',  ( -12.10791149230982278, 15.24081695751247700, 28.49032133270139511 ) ) ;
#3875 = EDGE_CURVE ( 'NONE', #3133, #6998, #9910, .T. ) ;
#3876 = ORIENTED_EDGE ( 'NONE', *, *, #8124, .T. ) ;
#3877 = ORIENTED_EDGE ( 'NONE', *, *, #4954, .T. ) ;
#3878 = CARTESIAN_POINT ( 'NONE',  ( 12.00852148289529708, 43.06387632116691577, 7.000000000000000000 ) ) ;
#3879 = CARTESIAN_POINT ( 'NONE',  ( -19.34511245535723489, 2.977543815306682440, 29.39427216176077451 ) ) ;
#3880 = FACE_OUTER_BOUND ( 'NONE', #1200, .T. ) ;
#3881 = CARTESIAN_POINT ( 'NONE',  ( 19.18826855245322349, 3.101228130182851483, 28.66903314364321886 ) ) ;
#3882 = AXIS2_PLACEMENT_3D ( 'NONE', #9253, #1220, #358 ) ;
#3883 = ORIENTED_EDGE ( 'NONE', *, *, #7649, .F. ) ;
#3884 = CARTESIAN_POINT ( 'NONE',  ( -34.40134760606876085, -8.675025962495007903, 7.413437659633721033 ) ) ;
#3885 = CARTESIAN_POINT ( 'NONE',  ( -7.957926827459004926, 16.16129886569885343, 32.00000000000000000 ) ) ;
#3886 = EDGE_LOOP ( 'NONE', ( #3492, #8746, #1473, #6650 ) ) ;
#3887 = CARTESIAN_POINT ( 'NONE',  ( -12.36136436139873673, 15.00289043910471420, 28.75938145749311303 ) ) ;
#3888 = CARTESIAN_POINT ( 'NONE',  ( -6.887098882982343184, -18.27679049618894425, 28.68138736359704311 ) ) ;
#3889 = EDGE_LOOP ( 'NONE', ( #5484, #10188, #1422, #1364 ) ) ;
#3890 = ORIENTED_EDGE ( 'NONE', *, *, #8939, .F. ) ;
#3891 = CIRCLE ( 'NONE', #7309, 1.100000000000000311 ) ;
#3892 = FACE_OUTER_BOUND ( 'NONE', #8861, .T. ) ;
#3893 = LINE ( 'NONE', #7155, #329 ) ;
#3894 = DIRECTION ( 'NONE',  ( 1.101697372407250679E-15, -1.000000000000000000, -0.000000000000000000 ) ) ;
#3895 = CARTESIAN_POINT ( 'NONE',  ( 19.00160622208851890, 3.170467173450790543, 29.00834757554827448 ) ) ;
#3896 = CARTESIAN_POINT ( 'NONE',  ( -7.153933254102909700, -18.21938067392384752, 28.51166295154403230 ) ) ;
#3897 = CARTESIAN_POINT ( 'NONE',  ( -7.274305630064778150, -18.23821858604075175, 28.49996611647302203 ) ) ;
#3898 = DIRECTION ( 'NONE',  ( -0.000000000000000000, 0.000000000000000000, -1.000000000000000000 ) ) ;
#3899 = VECTOR ( 'NONE', #163, 1000.000000000000000 ) ;
#3900 = CARTESIAN_POINT ( 'NONE',  ( -6.781568901288967055, -18.26973686305615274, 29.04626811818681631 ) ) ;
#3901 = CARTESIAN_POINT ( 'NONE',  ( -12.15514155389772988, 15.03250288749003616, 29.38426522169788413 ) ) ;
#3902 = EDGE_CURVE ( 'NONE', #9659, #3620, #6161, .T. ) ;
#3903 = CARTESIAN_POINT ( 'NONE',  ( 19.48717414497095746, 2.796113064746391430, 28.49996611647302913 ) ) ;
#3904 = EDGE_CURVE ( 'NONE', #3485, #3664, #9526, .T. ) ;
#3905 = DIRECTION ( 'NONE',  ( 0.4999999999999996114, 0.8660254037844389297, 0.000000000000000000 ) ) ;
#3906 = CARTESIAN_POINT ( 'NONE',  ( -19.46510695993610440, 2.774628772748975347, 28.50268671597546799 ) ) ;
#3907 = AXIS2_PLACEMENT_3D ( 'NONE', #6528, #1598, #4869 ) ;
#3908 = CARTESIAN_POINT ( 'NONE',  ( 12.35910437394285566, 18.28366636521388955, 31.99999999999999289 ) ) ;
#3909 = CARTESIAN_POINT ( 'NONE',  ( 19.37370410698701662, 2.850050453218182955, 28.51250555631696315 ) ) ;
#3910 = DIRECTION ( 'NONE',  ( -1.000000000000000000, -1.055918637551100099E-15, 0.000000000000000000 ) ) ;
#3911 = CARTESIAN_POINT ( 'NONE',  ( -12.30250532231261040, 14.90177389806725472, 29.11632209014491579 ) ) ;
#3912 = CARTESIAN_POINT ( 'NONE',  ( 23.48076211353166443, -14.99999999999999467, 5.000000000000000000 ) ) ;
#3913 = CARTESIAN_POINT ( 'NONE',  ( -5.922594672574634345, 36.29895284979891557, 7.344387122013217528 ) ) ;
#3914 = EDGE_CURVE ( 'NONE', #6182, #2322, #837, .T. ) ;
#3915 = CARTESIAN_POINT ( 'NONE',  ( 6.783776100082769211, -18.00873405426329299, 29.09505195725473214 ) ) ;
#3916 = VECTOR ( 'NONE', #7248, 1000.000000000000000 ) ;
#3917 = VERTEX_POINT ( 'NONE', #2186 ) ;
#3918 = DIRECTION ( 'NONE',  ( 0.000000000000000000, -1.000000000000000000, 0.000000000000000000 ) ) ;
#3919 = CIRCLE ( 'NONE', #2201, 0.5000000000000005551 ) ;
#3920 = DIRECTION ( 'NONE',  ( 0.000000000000000000, 0.000000000000000000, 1.000000000000000000 ) ) ;
#3921 = VECTOR ( 'NONE', #2516, 1000.000000000000000 ) ;
#3922 = CARTESIAN_POINT ( 'NONE',  ( -31.31303717034566958, -37.75833186246142503, 3.500000000000000444 ) ) ;
#3923 = CARTESIAN_POINT ( 'NONE',  ( 12.27607679426843390, 15.13755303130588814, 28.62927014098217171 ) ) ;
#3924 = CARTESIAN_POINT ( 'NONE',  ( -10.20222350350383067, 55.26510000294447877, 28.19999999999999929 ) ) ;
#3925 = CIRCLE ( 'NONE', #7337, 0.1999999999999996503 ) ;
#3926 = ORIENTED_EDGE ( 'NONE', *, *, #8178, .T. ) ;
#3927 = CARTESIAN_POINT ( 'NONE',  ( -12.07218313708497526, 15.29868455727493703, 28.48885327365213271 ) ) ;
#3928 = EDGE_CURVE ( 'NONE', #6265, #3770, #8195, .T. ) ;
#3929 = AXIS2_PLACEMENT_3D ( 'NONE', #5249, #10018, #317 ) ;
#3930 = AXIS2_PLACEMENT_3D ( 'NONE', #6173, #4363, #5163 ) ;
#3931 = ADVANCED_FACE ( 'NONE', ( #3752 ), #3245, .F. ) ;
#3932 = EDGE_LOOP ( 'NONE', ( #4834, #8053 ) ) ;
#3933 = ORIENTED_EDGE ( 'NONE', *, *, #3973, .T. ) ;
#3934 = DIRECTION ( 'NONE',  ( 0.8660254037844389297, -0.4999999999999996114, 0.000000000000000000 ) ) ;
#3935 = AXIS2_PLACEMENT_3D ( 'NONE', #135, #9938, #3242 ) ;
#3936 = DIRECTION ( 'NONE',  ( 0.000000000000000000, -1.000000000000000000, 0.000000000000000000 ) ) ;
#3937 = EDGE_LOOP ( 'NONE', ( #1110, #10142, #2056, #2576, #9444 ) ) ;
#3938 = CARTESIAN_POINT ( 'NONE',  ( 19.38486597681571766, 2.973316010020579991, 28.53637502743993792 ) ) ;
#3939 = LINE ( 'NONE', #8751, #2212 ) ;
#3940 = DIRECTION ( 'NONE',  ( -0.5000000000000009992, 0.8660254037844380415, 0.000000000000000000 ) ) ;
#3941 = ORIENTED_EDGE ( 'NONE', *, *, #7231, .F. ) ;
#3942 = CARTESIAN_POINT ( 'NONE',  ( -12.37059616362712866, 15.01551868325963390, 28.75460093880063894 ) ) ;
#3943 = CARTESIAN_POINT ( 'NONE',  ( -6.840734591190086533, -18.28900155411754014, 28.75460093880064605 ) ) ;
#3944 = AXIS2_PLACEMENT_3D ( 'NONE', #6606, #4461, #4510 ) ;
#3945 = ORIENTED_EDGE ( 'NONE', *, *, #1346, .T. ) ;
#3946 = ORIENTED_EDGE ( 'NONE', *, *, #8992, .F. ) ;
#3947 = CARTESIAN_POINT ( 'NONE',  ( -36.45456389491430826, -6.128361707079773346, 7.000000000000000000 ) ) ;
#3948 = CARTESIAN_POINT ( 'NONE',  ( -19.23633792854250046, 2.963298668703346461, 29.36382325813816863 ) ) ;
#3949 = CARTESIAN_POINT ( 'NONE',  ( 9.898263017719122203, -15.06959537416198991, 32.00000000000000000 ) ) ;
#3950 = CARTESIAN_POINT ( 'NONE',  ( 19.18408970755248433, 3.193315171264495156, 29.02109282618933506 ) ) ;
#3951 = CARTESIAN_POINT ( 'NONE',  ( -7.219223395436205060, -18.21287513857905793, 28.49780253618815351 ) ) ;
#3952 = FACE_OUTER_BOUND ( 'NONE', #6497, .T. ) ;
#3953 = CARTESIAN_POINT ( 'NONE',  ( -11.30222350350310556, -15.24040790171520143, 28.19999999999999929 ) ) ;
#3954 = CARTESIAN_POINT ( 'NONE',  ( -6.777793488478195627, -18.20338252733769124, 29.09473996170850185 ) ) ;
#3955 = CARTESIAN_POINT ( 'NONE',  ( -12.06955471542278602, 14.93278450300233118, 29.35091203846607755 ) ) ;
#3956 = CARTESIAN_POINT ( 'NONE',  ( 7.184385800462279370, -18.11770646187447298, 28.45793782530211047 ) ) ;
#3957 = DIRECTION ( 'NONE',  ( -1.000000000000000000, -1.206764157201257341E-15, 6.033820786006286703E-16 ) ) ;
#3958 = CARTESIAN_POINT ( 'NONE',  ( -19.39290353513923293, 2.703961206945424856, 28.49879015666724413 ) ) ;
#3959 = EDGE_CURVE ( 'NONE', #8431, #7365, #9570, .T. ) ;
#3960 = CARTESIAN_POINT ( 'NONE',  ( 19.17493864528833925, 2.967405847906734451, 29.38940110160861252 ) ) ;
#3961 = CARTESIAN_POINT ( 'NONE',  ( 19.44837969883434781, 2.773715080826355539, 28.49996611647302558 ) ) ;
#3962 = CARTESIAN_POINT ( 'NONE',  ( 56.09884018471332467, -44.30517680368685518, 7.500000000000001776 ) ) ;
#3963 = CARTESIAN_POINT ( 'NONE',  ( -12.42829384586057984, 14.99293309832957810, 29.09653242434188058 ) ) ;
#3964 = CARTESIAN_POINT ( 'NONE',  ( -21.80661409683921192, 2.174668897000028522, 7.500000000000001776 ) ) ;
#3965 = CARTESIAN_POINT ( 'NONE',  ( -6.795553920906177048, 37.10350690486031056, 7.120837361356316286 ) ) ;
#3966 = CARTESIAN_POINT ( 'NONE',  ( 4.682882456937283777, 35.91969907229218251, 7.576916396260337194 ) ) ;
#3967 = ORIENTED_EDGE ( 'NONE', *, *, #8744, .T. ) ;
#3968 = CYLINDRICAL_SURFACE ( 'NONE', #1700, 1.099999999999996092 ) ;
#3969 = DIRECTION ( 'NONE',  ( -1.000000000000000000, 0.000000000000000000, 0.000000000000000000 ) ) ;
#3970 = CARTESIAN_POINT ( 'NONE',  ( 6.887027079464369095, -17.81095286227234098, 29.25474978903322665 ) ) ;
#3971 = CARTESIAN_POINT ( 'NONE',  ( -12.03340901608239477, 18.70235664966114797, 28.19999999999999929 ) ) ;
#3972 = CARTESIAN_POINT ( 'NONE',  ( 12.09326717283346042, 14.83076387536740270, 29.20948756913621480 ) ) ;
#3973 = EDGE_CURVE ( 'NONE', #4503, #9076, #3893, .T. ) ;
#3974 = DIRECTION ( 'NONE',  ( 0.000000000000000000, 0.000000000000000000, 1.000000000000000000 ) ) ;
#3975 = ORIENTED_EDGE ( 'NONE', *, *, #7988, .F. ) ;
#3976 = CARTESIAN_POINT ( 'NONE',  ( -12.10450162296360865, 15.12182643058573461, 28.45309165528605888 ) ) ;
#3977 = AXIS2_PLACEMENT_3D ( 'NONE', #4015, #5031, #10601 ) ;
#3978 = VECTOR ( 'NONE', #6066, 1000.000000000000000 ) ;
#3979 = ORIENTED_EDGE ( 'NONE', *, *, #1552, .T. ) ;
#3980 = ORIENTED_EDGE ( 'NONE', *, *, #3737, .T. ) ;
#3981 = CARTESIAN_POINT ( 'NONE',  ( -7.270624290268025369, -18.20664278596104424, 28.49712918849862220 ) ) ;
#3982 = CARTESIAN_POINT ( 'NONE',  ( -9.746095424604677149, 38.06410000294339113, 0.000000000000000000 ) ) ;
#3983 = DIRECTION ( 'NONE',  ( -0.000000000000000000, -0.000000000000000000, 1.000000000000000000 ) ) ;
#3984 = CIRCLE ( 'NONE', #9456, 1.099999999999998535 ) ;
#3985 = CARTESIAN_POINT ( 'NONE',  ( -12.09559997740570658, 15.35457648555339816, 28.49902689004905909 ) ) ;
#3986 = EDGE_LOOP ( 'NONE', ( #1113, #2653 ) ) ;
#3987 = CARTESIAN_POINT ( 'NONE',  ( 10.13489699741280425, -20.04040790171518083, 32.00000000000000000 ) ) ;
#3988 = CARTESIAN_POINT ( 'NONE',  ( -18.26639739496193116, 3.306504085262563564, 28.81281325806205729 ) ) ;
#3989 = FACE_OUTER_BOUND ( 'NONE', #2080, .T. ) ;
#3990 = ORIENTED_EDGE ( 'NONE', *, *, #4339, .F. ) ;
#3991 = CARTESIAN_POINT ( 'NONE',  ( -12.30818027991416130, 14.94344051557278341, 28.69759588846714138 ) ) ;
#3992 = VECTOR ( 'NONE', #220, 1000.000000000000114 ) ;
#3993 = CARTESIAN_POINT ( 'NONE',  ( -6.841316242211709309, -18.29051659854048140, 28.75414600629968831 ) ) ;
#3994 = ORIENTED_EDGE ( 'NONE', *, *, #791, .T. ) ;
#3995 = VERTEX_POINT ( 'NONE', #8008 ) ;
#3996 = VECTOR ( 'NONE', #5048, 1000.000000000000000 ) ;
#3997 = EDGE_CURVE ( 'NONE', #3107, #548, #4876, .T. ) ;
#3998 = CARTESIAN_POINT ( 'NONE',  ( 13.49539736716370442, 16.54604799605133891, 28.50000000000000000 ) ) ;
#3999 = CARTESIAN_POINT ( 'NONE',  ( -19.06629376915768503, 3.008000111477913130, 29.24426287771009925 ) ) ;
#4000 = DIRECTION ( 'NONE',  ( -0.8660254037844413721, 0.4999999999999951705, 0.000000000000000000 ) ) ;
#4001 = EDGE_CURVE ( 'NONE', #5420, #1017, #761, .T. ) ;
#4002 = CARTESIAN_POINT ( 'NONE',  ( 19.07331212285239275, 3.167009671384089842, 29.02039068513021647 ) ) ;
#4003 = CARTESIAN_POINT ( 'NONE',  ( -7.222764048555789351, -18.22011603718406292, 28.49899125697159974 ) ) ;
#4004 = CARTESIAN_POINT ( 'NONE',  ( -27.16135149449623754, -7.100008336931100672, 14.65471539905940723 ) ) ;
#4005 = CARTESIAN_POINT ( 'NONE',  ( -4.746095424604683366, 33.06410000294339824, 0.000000000000000000 ) ) ;
#4006 = CARTESIAN_POINT ( 'NONE',  ( -6.780918082732980245, -18.21730051471413603, 29.09535839950406100 ) ) ;
#4007 = CARTESIAN_POINT ( 'NONE',  ( -12.19771194436387241, 14.97393511677132416, 29.32894863585016410 ) ) ;
#4008 = EDGE_CURVE ( 'NONE', #7619, #4503, #9994, .T. ) ;
#4009 = CIRCLE ( 'NONE', #3147, 10.00000000000000533 ) ;
#4010 = ADVANCED_FACE ( 'NONE', ( #1853 ), #5174, .F. ) ;
#4011 = CARTESIAN_POINT ( 'NONE',  ( -19.41012796390664263, 2.703017394927082595, 28.49954034859777607 ) ) ;
#4012 = DIRECTION ( 'NONE',  ( 0.000000000000000000, -1.000000000000000000, 0.000000000000000000 ) ) ;
#4013 = CARTESIAN_POINT ( 'NONE',  ( 19.37460352424769283, 2.742133807724381089, 28.49651180758134927 ) ) ;
#4014 = DIRECTION ( 'NONE',  ( -0.8660254037844243857, -0.5000000000000247580, 0.000000000000000000 ) ) ;
#4015 = CARTESIAN_POINT ( 'NONE',  ( -18.29969215867379617, -1.351164127919600499, 28.20000000000000284 ) ) ;
#4016 = CARTESIAN_POINT ( 'NONE',  ( 13.73684564096519978, 15.95669938838639723, 29.11605083614433553 ) ) ;
#4017 = DIRECTION ( 'NONE',  ( -0.8660254037844249408, 0.5000000000000237588, 0.000000000000000000 ) ) ;
#4018 = B_SPLINE_SURFACE_WITH_KNOTS ( 'NONE', 3, 3, ( 
 ( #2850, #3657, #1239, #6018, #9275, #9975, #6816, #8366, #6765, #4302 ),
 ( #1889, #5258, #1081, #1137, #5911, #326, #10027, #4462, #3546, #10082 ),
 ( #5207, #2694, #6873, #1833, #4407, #380, #8525, #8474, #7667, #3603 ),
 ( #6069, #6925, #6120, #8579, #9328, #1190, #10185, #7617, #2044, #5315 ),
 ( #4512, #7775, #9222, #432, #5101, #4356, #1031, #586, #10338, #2309 ),
 ( #2998, #5581, #5366, #1447, #10237, #534, #4767, #5528, #5414, #2952 ),
 ( #6380, #10292, #6221, #1495, #3862, #5472, #2253, #8785, #8731, #8839 ),
 ( #8628, #4719, #7122, #1291, #9484, #3814, #9594, #481, #8032, #7075 ),
 ( #2900, #8676, #7976, #6274, #10390, #4564, #7821, #633, #1340, #3762 ),
 ( #3915, #7027, #2145, #4614, #686, #7873, #9648, #9535, #6175, #2196 ),
 ( #6975, #1394, #6329, #4668, #7928, #9434, #2091, #3050, #7179, #10448 ),
 ( #3105, #52, #4873, #4019, #853, #7229, #8991, #4981, #6583, #794 ),
 ( #4071, #7445, #8138, #8242, #105, #2572, #4128, #10606, #9848, #1603 ) ),
 .UNSPECIFIED., .F., .F., .F.,
 ( 4, 1, 1, 1, 1, 1, 1, 1, 1, 1, 4 ),
 ( 4, 1, 1, 1, 1, 1, 1, 4 ),
 ( -0.02751110602300947325, 0.03740631341377897989, 0.1023237328505674365, 0.1672411522873558931, 0.2321585717241443636, 0.3619934105977212213, 0.4918282494712981623, 0.6216630883448751588, 0.7514979272184519887, 0.8813327660920289297, 1.011167604965605760 ),
 ( -0.0004963956246915794505, 0.1246083105015800968, 0.2497130166278517527, 0.3748177227541234502, 0.4999224288803951199, 0.6250271350066667342, 0.7501318411329384039, 1.000341253385481854 ),
 .UNSPECIFIED. ) ;
#4019 = CARTESIAN_POINT ( 'NONE',  ( 6.936425602325378748, -17.93622405339827708, 29.29282735932539694 ) ) ;
#4020 = VERTEX_POINT ( 'NONE', #9242 ) ;
#4021 = AXIS2_PLACEMENT_3D ( 'NONE', #1608, #8143, #7344 ) ;
#4022 = CARTESIAN_POINT ( 'NONE',  ( -56.37265505460946002, -43.80139624813551791, 31.50000000000000000 ) ) ;
#4023 = PLANE ( 'NONE',  #5260 ) ;
#4024 = DIRECTION ( 'NONE',  ( 1.000000000000000000, 0.000000000000000000, 0.000000000000000000 ) ) ;
#4025 = CARTESIAN_POINT ( 'NONE',  ( -6.002301377127738924, 29.54854150624739262, 11.99646668050180409 ) ) ;
#4026 = CARTESIAN_POINT ( 'NONE',  ( 12.03245260580069065, 14.98473658571307610, 29.34599931801568218 ) ) ;
#4027 = CARTESIAN_POINT ( 'NONE',  ( 13.49539736716370086, 16.54604799605133891, 1.700000000000000178 ) ) ;
#4028 = VERTEX_POINT ( 'NONE', #7532 ) ;
#4029 = DIRECTION ( 'NONE',  ( -0.8660254037844380415, -0.5000000000000008882, 0.000000000000000000 ) ) ;
#4030 = TOROIDAL_SURFACE ( 'NONE', #601, 1.299999999999999378, 0.2000000000000000111 ) ;
#4031 = ORIENTED_EDGE ( 'NONE', *, *, #1374, .F. ) ;
#4032 = EDGE_CURVE ( 'NONE', #1614, #8758, #3349, .T. ) ;
#4033 = VERTEX_POINT ( 'NONE', #6615 ) ;
#4034 = CARTESIAN_POINT ( 'NONE',  ( 11.83655164035171481, 15.47284291529445177, 1.700000000000001510 ) ) ;
#4035 = CARTESIAN_POINT ( 'NONE',  ( 0.000000000000000000, 30.00000000000000000, 0.1999999999999996503 ) ) ;
#4036 = DIRECTION ( 'NONE',  ( -1.000000000000000000, -1.334402673828314029E-15, 0.000000000000000000 ) ) ;
#4037 = VERTEX_POINT ( 'NONE', #8387 ) ;
#4038 = CARTESIAN_POINT ( 'NONE',  ( 29.17111299717290507, -9.035985076087504453, 11.13468494022227695 ) ) ;
#4039 = DIRECTION ( 'NONE',  ( 1.000000000000000000, -2.857191607799910219E-15, 0.000000000000000000 ) ) ;
#4040 = DIRECTION ( 'NONE',  ( 0.000000000000000000, 0.000000000000000000, 1.000000000000000000 ) ) ;
#4041 = VERTEX_POINT ( 'NONE', #5930 ) ;
#4042 = CARTESIAN_POINT ( 'NONE',  ( -12.33573464241207418, 15.04701788509603944, 28.68250758446073689 ) ) ;
#4043 = CARTESIAN_POINT ( 'NONE',  ( -6.890598318565670510, -18.28170116990395400, 28.67895602056625393 ) ) ;
#4044 = EDGE_CURVE ( 'NONE', #3560, #10301, #9673, .T. ) ;
#4045 = ORIENTED_EDGE ( 'NONE', *, *, #5613, .T. ) ;
#4046 = ORIENTED_EDGE ( 'NONE', *, *, #10405, .F. ) ;
#4047 = LINE ( 'NONE', #3239, #10552 ) ;
#4048 = CARTESIAN_POINT ( 'NONE',  ( -19.01568783104499971, 2.860651457489162386, 29.34563549354245993 ) ) ;
#4049 = CARTESIAN_POINT ( 'NONE',  ( -23.77614697052908710, -20.04040790171522701, 0.000000000000000000 ) ) ;
#4050 = CARTESIAN_POINT ( 'NONE',  ( 19.11791099709169472, 3.170151248060583793, 29.04614486556390673 ) ) ;
#4051 = CARTESIAN_POINT ( 'NONE',  ( -7.226377439338001807, -18.25439333897458383, 28.50083898149412320 ) ) ;
#4052 = DIRECTION ( 'NONE',  ( -0.000000000000000000, -0.000000000000000000, 1.000000000000000000 ) ) ;
#4053 = DIRECTION ( 'NONE',  ( 0.000000000000000000, 1.000000000000000000, 0.000000000000000000 ) ) ;
#4054 = ADVANCED_FACE ( 'NONE', ( #7475 ), #7952, .T. ) ;
#4055 = CARTESIAN_POINT ( 'NONE',  ( -6.781781957086488788, -18.22141761329058696, 29.09551700648205852 ) ) ;
#4056 = CARTESIAN_POINT ( 'NONE',  ( -12.26942758090051377, 15.02820599687662018, 29.33730981173566121 ) ) ;
#4057 = CIRCLE ( 'NONE', #10043, 1.100000000000001199 ) ;
#4058 = EDGE_CURVE ( 'NONE', #599, #7735, #3334, .T. ) ;
#4059 = ORIENTED_EDGE ( 'NONE', *, *, #6234, .F. ) ;
#4060 = EDGE_CURVE ( 'NONE', #8786, #5963, #881, .T. ) ;
#4061 = CARTESIAN_POINT ( 'NONE',  ( -12.10956389093490060, 14.98463672396806956, 29.36993923061490364 ) ) ;
#4062 = DIRECTION ( 'NONE',  ( -0.4999999999999967804, 0.8660254037844405950, -0.000000000000000000 ) ) ;
#4063 = CARTESIAN_POINT ( 'NONE',  ( -19.37052373176730669, 2.728109817692296435, 28.49953901973304582 ) ) ;
#4064 = CARTESIAN_POINT ( 'NONE',  ( -39.97329120819144777, -42.75833186246224926, 0.000000000000000000 ) ) ;
#4065 = CARTESIAN_POINT ( 'NONE',  ( -6.977598916835207277, -18.24669992640916405, 29.39538027674509024 ) ) ;
#4066 = AXIS2_PLACEMENT_3D ( 'NONE', #8665, #575, #4707 ) ;
#4067 = CARTESIAN_POINT ( 'NONE',  ( 13.69959025925772345, 15.82753209395560212, 28.81982115914680875 ) ) ;
#4068 = CARTESIAN_POINT ( 'NONE',  ( 11.99060703371101511, 14.24029970318563798, 28.90228695426295857 ) ) ;
#4069 = CARTESIAN_POINT ( 'NONE',  ( 21.54672830953362350, 1.654323573801527836, 31.79166666666666785 ) ) ;
#4070 = FACE_BOUND ( 'NONE', #2697, .T. ) ;
#4071 = CARTESIAN_POINT ( 'NONE',  ( 6.911265082917191549, -17.77424024777203471, 29.27005247872176241 ) ) ;
#4072 = AXIS2_PLACEMENT_3D ( 'NONE', #5407, #1283, #2301 ) ;
#4073 = ORIENTED_EDGE ( 'NONE', *, *, #9151, .T. ) ;
#4074 = DIRECTION ( 'NONE',  ( 0.8660254037844381525, 0.5000000000000008882, 0.000000000000000000 ) ) ;
#4075 = CARTESIAN_POINT ( 'NONE',  ( 28.79318993999364551, -25.04040790171518793, 7.062999827510647144 ) ) ;
#4076 = DIRECTION ( 'NONE',  ( -0.000000000000000000, 0.000000000000000000, 1.000000000000000000 ) ) ;
#4077 = LINE ( 'NONE', #1558, #6249 ) ;
#4078 = CARTESIAN_POINT ( 'NONE',  ( 19.29615073374818124, 3.107498639012388875, 28.66478519012850512 ) ) ;
#4079 = CARTESIAN_POINT ( 'NONE',  ( 12.37479916994686668, 15.02247517369511165, 28.99216447170228861 ) ) ;
#4080 = VECTOR ( 'NONE', #2435, 1000.000000000000114 ) ;
#4081 = VERTEX_POINT ( 'NONE', #5822 ) ;
#4082 = CARTESIAN_POINT ( 'NONE',  ( -12.11199533829536179, 15.36686013915598537, 28.49996611647303268 ) ) ;
#4083 = CIRCLE ( 'NONE', #2369, 1.299999999999998046 ) ;
#4084 = TOROIDAL_SURFACE ( 'NONE', #5459, 1.299999999999999378, 0.2000000000000000111 ) ;
#4085 = ORIENTED_EDGE ( 'NONE', *, *, #781, .F. ) ;
#4086 = ORIENTED_EDGE ( 'NONE', *, *, #10085, .F. ) ;
#4087 = CARTESIAN_POINT ( 'NONE',  ( -9.699017848312209367, -15.12932599668801537, 32.00000000000000000 ) ) ;
#4088 = DIRECTION ( 'NONE',  ( 1.000000000000000000, 0.000000000000000000, 0.000000000000000000 ) ) ;
#4089 = CYLINDRICAL_SURFACE ( 'NONE', #10474, 2.500000000000000000 ) ;
#4090 = EDGE_CURVE ( 'NONE', #2773, #3613, #134, .T. ) ;
#4091 = AXIS2_PLACEMENT_3D ( 'NONE', #5891, #6687, #8142 ) ;
#4092 = VERTEX_POINT ( 'NONE', #6671 ) ;
#4093 = CARTESIAN_POINT ( 'NONE',  ( 33.22925711446277575, -9.301946981265205139, 7.867558184956026324 ) ) ;
#4094 = AXIS2_PLACEMENT_3D ( 'NONE', #9373, #2037, #6317 ) ;
#4095 = CARTESIAN_POINT ( 'NONE',  ( -18.55839844686901685, 3.011264961733093326, 29.08311754091279155 ) ) ;
#4096 = CIRCLE ( 'NONE', #10087, 2.500000000002149836 ) ;
#4097 = DIRECTION ( 'NONE',  ( 0.5000000000000022204, -0.8660254037844372643, 0.000000000000000000 ) ) ;
#4098 = VERTEX_POINT ( 'NONE', #5984 ) ;
#4099 = CARTESIAN_POINT ( 'NONE',  ( -12.34276285005666907, 15.06203433428536265, 28.67584197086451780 ) ) ;
#4100 = CARTESIAN_POINT ( 'NONE',  ( -7.009657172857299834, -18.28588651644106378, 28.57725959451307673 ) ) ;
#4101 = VERTEX_POINT ( 'NONE', #4373 ) ;
#4102 = ORIENTED_EDGE ( 'NONE', *, *, #4579, .F. ) ;
#4103 = VECTOR ( 'NONE', #2604, 1000.000000000000114 ) ;
#4104 = CARTESIAN_POINT ( 'NONE',  ( 9.437155666224875006, -85.67798937697753558, 3.500000000000000444 ) ) ;
#4105 = CARTESIAN_POINT ( 'NONE',  ( -18.85347340599459187, 2.902036640266985934, 29.26139524294028149 ) ) ;
#4106 = SPHERICAL_SURFACE ( 'NONE', #3935, 0.2000000000000000111 ) ;
#4107 = CARTESIAN_POINT ( 'NONE',  ( 19.15470139310537689, 3.182942590456191656, 29.02182853374351623 ) ) ;
#4108 = B_SPLINE_SURFACE_WITH_KNOTS ( 'NONE', 3, 3, ( 
 ( #8076, #2350, #733, #4868, #4813, #8130, #1707, #3198, #3362, #7326, #4973, #8236, #9737, #2405, #898, #1489, #3960, #7222, #5621, #6855, #1167, #1867, #8293, #1757, #5239, #4390, #305, #10060, #8506, #5027, #2727 ),
 ( #7599, #952, #4283, #4441, #5892, #6053, #7705, #5998, #361, #204, #3419, #7648, #3473, #6796, #6688, #3582, #9256, #9094, #1923, #8457, #7549, #6629, #5138, #1815, #9312, #10117, #9954, #5945, #2616, #5839, #8401 ),
 ( #2782, #9150, #5082, #6744, #1010, #9896, #10008, #5190, #4225, #1117, #7491, #149, #8345, #2673, #255, #2564, #9203, #1064, #1975, #4334, #3525, #2835, #1427, #2932, #7754, #1323, #6154, #4647, #9516, #7054, #10322 ),
 ( #4596, #7104, #10272, #9414, #2074, #8764, #2980, #2025, #7907, #567, #8610, #4494, #6906, #3844, #2235, #1377, #3688, #2881, #3742, #1273, #4699, #4543, #6254, #1223, #5449, #9361, #5293, #6957, #8561, #7857, #7957 ),
 ( #10168, #5509, #7804, #6304, #5396, #8712, #2177, #6103, #466, #6201, #9465, #515, #414, #3636, #10370, #2127, #8658, #10219, #5345, #3794, #7005, #3031, #9575, #5719, #7370, #1690, #10582, #8066, #2393, #8010, #4962 ),
 ( #7157, #9024, #775, #3089, #10430, #3243, #8972, #4050, #1637, #10534, #2446, #4857, #9831, #9677, #668, #2340, #3190, #6413, #9724, #6515, #3140, #616, #5665, #8117, #7313, #722, #5612, #9777, #1584, #8871, #8169 ),
 ( #1531, #3895, #4805, #4002, #2497, #8819, #7264, #6462, #4905, #8923, #829, #5767, #6362, #4107, #9629, #30, #2290, #10480, #3297, #5562, #6566, #1477, #4749, #3950, #7212, #3512, #1961, #937, #136, #3403, #87 ),
 ( #1855, #5123, #8333, #9939, #6784, #9190, #2603, #5176, #1052, #8441, #2770, #3458, #9883, #3351, #6840, #5986, #1910, #4321, #10104, #6617, #7584, #6673, #8279, #1744, #242, #2547, #5068, #6729, #8390, #5011, #190 ),
 ( #4214, #9243, #996, #10047, #7477, #1103, #2714, #5824, #4375, #7635, #9136, #6038, #9996, #5876, #292, #3566, #1799, #7535, #4269, #7426, #2659, #9297, #8223, #883, #4162, #5932, #9080, #8647, #4530, #8597, #6138 ),
 ( #348, #3624, #8547, #6894, #6190, #9555, #4482, #3015, #4633, #2968, #1362, #4427, #6293, #7792, #9348, #2919, #7740, #8492, #2163, #401, #3675, #502, #10358, #9450, #4583, #3781, #5434, #8693, #7690, #5224, #1262 ),
 ( #1153, #7839, #2063, #6991, #2012, #10155, #2823, #5277, #10309, #1209, #7042, #6088, #6944, #10258, #7890, #451, #1308, #10203, #2868, #9399, #9503, #3726, #552, #5331, #2115, #5384, #6241, #3832, #7090, #2580, #8997 ),
 ( #5851, #9111, #4685, #7504, #1662, #4931, #8749, #3376, #5794, #5494, #8802, #6644, #916, #1774, #1412, #166, #2522, #7944, #603, #1720, #7454, #9057, #111, #8199, #4189, #6590, #967, #801, #9612, #4078, #859 ),
 ( #4733, #7995, #3881, #2219, #3434, #9854, #4240, #4988, #6347, #6703, #8252, #9913, #5044, #8308, #7345, #7142, #3272, #6, #10412, #3074, #6542, #9805, #2273, #4135, #5546, #1464, #2471, #3323, #5740, #7401, #60 ),
 ( #10130, #6761, #1939, #10022, #3703, #6868, #375, #5254, #2799, #6065, #1025, #8414, #322, #2847, #6012, #1884, #5150, #4508, #9324, #8361, #3651, #6920, #4352, #218, #2635, #10181, #8575, #7717, #2690, #9217, #10077 ),
 ( #9270, #2745, #271, #3600, #3489, #4297, #9971, #1989, #1134, #6117, #1077, #5204, #5905, #1236, #3541, #2041, #4404, #4458, #8521, #1829, #9377, #1183, #7768, #7560, #5311, #7613, #5960, #6812, #427, #5097, #8471 ),
 ( #9168, #7663, #5573, #529, #3755, #4712, #3805, #7117, #7022, #7971, #10383, #9427, #3044, #8780, #7869, #8831, #5465, #2139, #9642, #3909, #10286, #6268, #2944, #6170, #8726, #627, #680, #6321, #7171, #10333, #1285 ),
 ( #7067, #9589, #4558, #1440, #2086, #5360, #6215, #8621, #7920, #6970, #9478, #4761, #6375, #10443, #3100, #7816, #8025, #9529, #477, #4662, #5408, #10232, #2303, #8671, #1335, #2248, #1490, #579, #5521, #2895, #4607 ),
 ( #3857, #2993, #2190, #1390, #5029, #3311, #787, #5730, #735, #8294, #7223, #4013, #9039, #8077, #6577, #1758, #2351, #8985, #6630, #7327, #7384, #3199, #4814, #7275, #8237, #10598, #899, #9843, #3961, #10546, #6473 ) ),
 .UNSPECIFIED., .F., .F., .F.,
 ( 4, 2, 2, 2, 2, 2, 2, 2, 4 ),
 ( 4, 2, 2, 1, 2, 2, 2, 1, 1, 2, 1, 2, 2, 1, 2, 2, 2, 4 ),
 ( 0.000000000000000000, 0.2500000000000008327, 0.3125000000000006661, 0.3750000000000005551, 0.5000000000000002220, 0.6250000000000002220, 0.7500000000000003331, 0.8750000000000002220, 1.000000000000000000 ),
 ( 0.000000000000000000, 0.3269756734140544796, 0.4863169319178993755, 0.4930833796742430941, 0.5761372328043373736, 0.6355567764646777862, 0.6484225758905325376, 0.6591910859344316531, 0.6617144243396354542, 0.6845438811372231980, 0.7452239493229290135, 0.7461268744170811429, 0.7535220897608667645, 0.7561223872789925027, 0.7751388194796580144, 0.7843318285407584467, 0.8095951558128109404, 1.000000000000000000 ),
 .UNSPECIFIED. ) ;
#4109 = CARTESIAN_POINT ( 'NONE',  ( -7.274292182617212887, -18.23865325013251848, 28.49996105544746072 ) ) ;
#4110 = EDGE_CURVE ( 'NONE', #8483, #6080, #9161, .T. ) ;
#4111 = CARTESIAN_POINT ( 'NONE',  ( 2.700000000000000178, 30.00000000000000000, -1.761828530288944705E-16 ) ) ;
#4112 = CARTESIAN_POINT ( 'NONE',  ( -12.37060286636089579, 14.94185821155487304, 29.02138154749609456 ) ) ;
#4113 = CARTESIAN_POINT ( 'NONE',  ( -6.767345176022011799, -18.21704293719610845, 28.90220800621594321 ) ) ;
#4114 = CARTESIAN_POINT ( 'NONE',  ( -12.21243103306367139, 15.07931460952161018, 29.39342640732195022 ) ) ;
#4115 = VERTEX_POINT ( 'NONE', #2601 ) ;
#4116 = CARTESIAN_POINT ( 'NONE',  ( -28.59621017704841606, -26.38830486656155472, 7.000000000000000000 ) ) ;
#4117 = B_SPLINE_CURVE_WITH_KNOTS ( 'NONE', 3,
 ( #2379, #1518, #7200, #5654, #7841, #2166, #3884, #6400, #4737, #9666, #655, #554, #2223, #1365, #4687, #9615, #2328, #8698, #9506, #10466, #8912, #709, #4635, #5496, #605, #7145, #3834, #7092 ),
 .UNSPECIFIED., .F., .F.,
 ( 4, 2, 2, 2, 2, 2, 2, 2, 2, 2, 2, 2, 2, 4 ),
 ( 0.000000000000000000, 0.0008436915172144437286, 0.001687383034428889626, 0.002531074551643335523, 0.003374766068857781420, 0.004218457586072226449, 0.005062149103286671045, 0.005905840620501116509, 0.006749532137715568911, 0.008436915172144465042, 0.01012429820657335770, 0.01181168124100225383, 0.01265537275821670103, 0.01349906427543114996 ),
 .UNSPECIFIED. ) ;
#4118 = CARTESIAN_POINT ( 'NONE',  ( 4.338648503654066957, 22.45959209828480851, 0.000000000000000000 ) ) ;
#4119 = CARTESIAN_POINT ( 'NONE',  ( -19.31374813687383352, 2.787838226021753130, 28.50118580335818663 ) ) ;
#4120 = TOROIDAL_SURFACE ( 'NONE', #7188, 1.300000000000000266, 0.2000000000000000111 ) ;
#4121 = CARTESIAN_POINT ( 'NONE',  ( 23.28076211353166514, -14.99999999999999467, -1.761828530288944705E-16 ) ) ;
#4122 = CARTESIAN_POINT ( 'NONE',  ( -6.974649513425416281, -18.17849192520785451, 29.39310519443592185 ) ) ;
#4123 = LINE ( 'NONE', #629, #7580 ) ;
#4124 = CARTESIAN_POINT ( 'NONE',  ( 12.34272712941035977, 14.59612125069885202, 28.32618083136508957 ) ) ;
#4125 = EDGE_CURVE ( 'NONE', #9193, #2806, #3456, .T. ) ;
#4126 = CARTESIAN_POINT ( 'NONE',  ( -65.82105222701389380, -27.43629229544098180, 28.20000000000000284 ) ) ;
#4127 = CYLINDRICAL_SURFACE ( 'NONE', #3264, 0.2000000000000001221 ) ;
#4128 = CARTESIAN_POINT ( 'NONE',  ( 7.058873525455866549, -18.10824671678325970, 29.38438083470884976 ) ) ;
#4129 = AXIS2_PLACEMENT_3D ( 'NONE', #4550, #7913, #2936 ) ;
#4130 = ORIENTED_EDGE ( 'NONE', *, *, #3049, .F. ) ;
#4132 = EDGE_CURVE ( 'NONE', #9965, #8422, #10518, .T. ) ;
#4131 = CARTESIAN_POINT ( 'NONE',  ( -52.64316418926869545, -10.81346813379103189, 3.500000000000000000 ) ) ;
#4133 = DIRECTION ( 'NONE',  ( -0.000000000000000000, -0.000000000000000000, -1.000000000000000000 ) ) ;
#4134 = DIRECTION ( 'NONE',  ( -0.8660254037844413721, 0.4999999999999951705, -0.000000000000000000 ) ) ;
#4135 = CARTESIAN_POINT ( 'NONE',  ( 19.28315473275748460, 3.075017025987010211, 28.63876439088460657 ) ) ;
#4136 = CARTESIAN_POINT ( 'NONE',  ( 12.17332633175002954, 15.06727927232355491, 29.34686797649466428 ) ) ;
#4137 = EDGE_CURVE ( 'NONE', #599, #3025, #9134, .T. ) ;
#4138 = EDGE_LOOP ( 'NONE', ( #3941, #7694, #2975, #9174 ) ) ;
#4139 = CARTESIAN_POINT ( 'NONE',  ( 13.80763292299727851, -42.33589999702859785, 7.000000000000000000 ) ) ;
#4140 = EDGE_CURVE ( 'NONE', #357, #1888, #994, .T. ) ;
#4141 = B_SPLINE_CURVE_WITH_KNOTS ( 'NONE', 3,
 ( #10025, #1991, #4460, #2692 ),
 .UNSPECIFIED., .F., .F.,
 ( 4, 4 ),
 ( 0.000000000000000000, 0.0003527882210653452127 ),
 .UNSPECIFIED. ) ;
#4142 = ORIENTED_EDGE ( 'NONE', *, *, #5369, .F. ) ;
#4143 = ORIENTED_EDGE ( 'NONE', *, *, #5487, .F. ) ;
#4144 = CARTESIAN_POINT ( 'NONE',  ( -8.651732553112513102, 24.95959209828479430, 17.00000000000000000 ) ) ;
#4145 = CIRCLE ( 'NONE', #3280, 0.2000000000000005107 ) ;
#4146 = DIRECTION ( 'NONE',  ( 0.000000000000000000, 0.000000000000000000, -1.000000000000000000 ) ) ;
#4147 = ORIENTED_EDGE ( 'NONE', *, *, #2485, .F. ) ;
#4148 = CARTESIAN_POINT ( 'NONE',  ( 12.05328176879519830, 15.36703200561694693, 28.48906993330934156 ) ) ;
#4149 = VECTOR ( 'NONE', #1006, 1000.000000000000000 ) ;
#4150 = CIRCLE ( 'NONE', #9107, 1.099999999999998535 ) ;
#4151 = CARTESIAN_POINT ( 'NONE',  ( -17.31198659095687375, -10.04040790171521103, 32.00000000000000000 ) ) ;
#4152 = DIRECTION ( 'NONE',  ( 0.8660254037844380415, 0.5000000000000008882, -0.000000000000000000 ) ) ;
#4153 = VERTEX_POINT ( 'NONE', #6782 ) ;
#4154 = CARTESIAN_POINT ( 'NONE',  ( -12.31951112569832318, 15.07531450906803983, 28.64698724890428849 ) ) ;
#4155 = CARTESIAN_POINT ( 'NONE',  ( -7.045805008558784444, -18.25387357144957434, 28.55468250895262372 ) ) ;
#4156 = VERTEX_POINT ( 'NONE', #10045 ) ;
#4157 = ORIENTED_EDGE ( 'NONE', *, *, #4980, .F. ) ;
#4158 = AXIS2_PLACEMENT_3D ( 'NONE', #10170, #2836, #9313 ) ;
#4159 = FACE_BOUND ( 'NONE', #4476, .T. ) ;
#4160 = DIRECTION ( 'NONE',  ( 1.000000000000000000, 0.000000000000000000, 0.000000000000000000 ) ) ;
#4161 = FACE_OUTER_BOUND ( 'NONE', #5870, .T. ) ;
#4162 = CARTESIAN_POINT ( 'NONE',  ( 19.20283975791465991, 3.193443658935655183, 28.89408067286326087 ) ) ;
#4163 = CARTESIAN_POINT ( 'NONE',  ( -7.272890543481913106, -18.22354303663800934, 28.49943600940355282 ) ) ;
#4164 = DIRECTION ( 'NONE',  ( 0.000000000000000000, 0.000000000000000000, -1.000000000000000000 ) ) ;
#4165 = CARTESIAN_POINT ( 'NONE',  ( -12.32699143560496147, 14.89905184059180066, 29.02200159692182169 ) ) ;
#4166 = AXIS2_PLACEMENT_3D ( 'NONE', #10298, #593, #8791 ) ;
#4167 = CARTESIAN_POINT ( 'NONE',  ( -6.779040760835959745, -18.26974437254919437, 28.94526195320863948 ) ) ;
#4168 = CARTESIAN_POINT ( 'NONE',  ( -12.21844216042102538, 15.08338032157035968, 29.39382391209178991 ) ) ;
#4169 = VECTOR ( 'NONE', #2986, 1000.000000000000227 ) ;
#4170 = VERTEX_POINT ( 'NONE', #2712 ) ;
#4171 = CARTESIAN_POINT ( 'NONE',  ( -9.606781852125612531, -19.89835837810415597, 32.00000000000000000 ) ) ;
#4172 = ADVANCED_FACE ( 'NONE', ( #9829 ), #1687, .T. ) ;
#4173 = DIRECTION ( 'NONE',  ( 0.000000000000000000, 0.000000000000000000, -1.000000000000000000 ) ) ;
#4174 = CARTESIAN_POINT ( 'NONE',  ( -19.23956771304503377, 3.000348920508214778, 28.63024174635648933 ) ) ;
#4175 = CARTESIAN_POINT ( 'NONE',  ( 26.38291885106464818, -5.722204159214279606, 16.21272988614563815 ) ) ;
#4176 = LINE ( 'NONE', #8184, #3734 ) ;
#4177 = LINE ( 'NONE', #308, #8603 ) ;
#4178 = DIRECTION ( 'NONE',  ( 1.000000000000000000, 0.000000000000000000, 5.421010862427555302E-15 ) ) ;
#4179 = CARTESIAN_POINT ( 'NONE',  ( -6.818132700011056535, -17.83445180131376162, 29.27433224073093498 ) ) ;
#4180 = FACE_OUTER_BOUND ( 'NONE', #4951, .T. ) ;
#4181 = CARTESIAN_POINT ( 'NONE',  ( 7.529375709731993105, -20.04040790171518438, 1.700000000000000178 ) ) ;
#4182 = EDGE_CURVE ( 'NONE', #7588, #6061, #5391, .T. ) ;
#4183 = CARTESIAN_POINT ( 'NONE',  ( -19.34036289588792101, 2.446341281275421942, 1.700000000000001510 ) ) ;
#4184 = EDGE_LOOP ( 'NONE', ( #8500, #10138, #8110, #2722 ) ) ;
#4185 = CARTESIAN_POINT ( 'NONE',  ( 20.85515707462696255, 3.852160089712968194, 28.81958237729068273 ) ) ;
#4186 = CIRCLE ( 'NONE', #6070, 1.300000000000000266 ) ;
#4187 = DIRECTION ( 'NONE',  ( 0.000000000000000000, 0.000000000000000000, 1.000000000000000000 ) ) ;
#4188 = CYLINDRICAL_SURFACE ( 'NONE', #8984, 0.5000000000000004441 ) ;
#4189 = CARTESIAN_POINT ( 'NONE',  ( 19.26805861162495859, 3.104737347764094491, 28.67399222042817897 ) ) ;
#4190 = CARTESIAN_POINT ( 'NONE',  ( 12.30757892200305825, 14.99145412521669840, 29.12820775685236541 ) ) ;
#4191 = VERTEX_POINT ( 'NONE', #9346 ) ;
#4192 = CARTESIAN_POINT ( 'NONE',  ( 12.37142057107494786, 15.08735091224773583, 28.77757808239829629 ) ) ;
#4193 = EDGE_CURVE ( 'NONE', #10026, #6553, #3610, .T. ) ;
#4194 = EDGE_CURVE ( 'NONE', #2923, #7823, #4547, .T. ) ;
#4195 = EDGE_LOOP ( 'NONE', ( #8485, #8738, #1497, #2852 ) ) ;
#4196 = EDGE_LOOP ( 'NONE', ( #8814, #6395, #5334, #8650 ) ) ;
#4197 = CARTESIAN_POINT ( 'NONE',  ( 21.54672830953362350, 1.654323573801527836, 31.79166666666666785 ) ) ;
#4198 = LINE ( 'NONE', #9334, #9383 ) ;
#4199 = DIRECTION ( 'NONE',  ( 1.000000000000000000, 0.000000000000000000, 0.000000000000000000 ) ) ;
#4200 = ORIENTED_EDGE ( 'NONE', *, *, #9376, .T. ) ;
#4201 = TOROIDAL_SURFACE ( 'NONE', #2138, 1.299999999999999378, 0.2000000000000000111 ) ;
#4202 = LINE ( 'NONE', #6603, #8094 ) ;
#4203 = EDGE_CURVE ( 'NONE', #921, #9965, #596, .T. ) ;
#4204 = AXIS2_PLACEMENT_3D ( 'NONE', #9314, #9260, #1978 ) ;
#4205 = CARTESIAN_POINT ( 'NONE',  ( -12.18730406071047589, 15.41033965031467368, 28.49996611647303624 ) ) ;
#4206 = ORIENTED_EDGE ( 'NONE', *, *, #4331, .T. ) ;
#4207 = CARTESIAN_POINT ( 'NONE',  ( -12.32574125494245543, 15.09173740987363388, 28.63983438850250351 ) ) ;
#4208 = CARTESIAN_POINT ( 'NONE',  ( -7.051639670047025632, -18.26057612924874363, 28.55334173799690589 ) ) ;
#4209 = ORIENTED_EDGE ( 'NONE', *, *, #4345, .T. ) ;
#4210 = ORIENTED_EDGE ( 'NONE', *, *, #10568, .T. ) ;
#4211 = CARTESIAN_POINT ( 'NONE',  ( -19.14916683959986443, 3.100368970016576853, 28.77817761727658663 ) ) ;
#4212 = CARTESIAN_POINT ( 'NONE',  ( -11.84036289588799384, 15.43672233804204552, 1.700000000000001510 ) ) ;
#4213 = CARTESIAN_POINT ( 'NONE',  ( 6.805469211268329488, -18.13798140957776894, 28.94405723130618213 ) ) ;
#4214 = CARTESIAN_POINT ( 'NONE',  ( 19.04409770197748486, 3.189513507951359905, 28.89927228585666086 ) ) ;
#4215 = CARTESIAN_POINT ( 'NONE',  ( -11.30222350350397242, 55.26510000294446456, 7.499999999999999112 ) ) ;
#4216 = DIRECTION ( 'NONE',  ( 0.8660254037844382635, 0.5000000000000008882, -0.000000000000000000 ) ) ;
#4217 = ORIENTED_EDGE ( 'NONE', *, *, #9330, .F. ) ;
#4218 = CARTESIAN_POINT ( 'NONE',  ( -12.35243366765054951, 14.92558108982554721, 29.02190911342715651 ) ) ;
#4219 = CARTESIAN_POINT ( 'NONE',  ( -6.779981433253582601, -18.27520141687469390, 28.94489586755519284 ) ) ;
#4220 = CARTESIAN_POINT ( 'NONE',  ( -12.26498937985258486, 15.02567390795769597, 29.33733375616496630 ) ) ;
#4221 = ORIENTED_EDGE ( 'NONE', *, *, #9597, .T. ) ;
#4222 = CARTESIAN_POINT ( 'NONE',  ( 19.24671271597369326, 3.000484966196869774, 29.39498270244637013 ) ) ;
#4223 = DIRECTION ( 'NONE',  ( 0.000000000000000000, 0.000000000000000000, -1.000000000000000000 ) ) ;
#4224 = CARTESIAN_POINT ( 'NONE',  ( -19.39743685900470993, 2.857477748739844614, 28.52844433185310180 ) ) ;
#4225 = CARTESIAN_POINT ( 'NONE',  ( 19.10493161341909740, 3.106168663937313834, 29.23117318121977704 ) ) ;
#4226 = CARTESIAN_POINT ( 'NONE',  ( 7.329375709731975164, -18.17519624387358590, 28.48906993330934512 ) ) ;
#4227 = EDGE_CURVE ( 'NONE', #2806, #2165, #10350, .T. ) ;
#4228 = AXIS2_PLACEMENT_3D ( 'NONE', #201, #4280, #1061 ) ;
#4229 = DIRECTION ( 'NONE',  ( 0.000000000000000000, -1.000000000000000000, 0.000000000000000000 ) ) ;
#4230 = CARTESIAN_POINT ( 'NONE',  ( -6.957770135884185692, -18.08926477261223908, 29.38011345024298038 ) ) ;
#4231 = DIRECTION ( 'NONE',  ( 1.000000000000000000, 0.000000000000000000, 0.000000000000000000 ) ) ;
#4232 = ADVANCED_FACE ( 'NONE', ( #8490 ), #539, .F. ) ;
#4233 = ORIENTED_EDGE ( 'NONE', *, *, #1111, .F. ) ;
#4234 = CARTESIAN_POINT ( 'NONE',  ( -6.280054976639104503, -17.55647705006518677, 28.89622043767615978 ) ) ;
#4235 = VERTEX_POINT ( 'NONE', #4673 ) ;
#4236 = AXIS2_PLACEMENT_3D ( 'NONE', #5041, #3538, #8412 ) ;
#4237 = CARTESIAN_POINT ( 'NONE',  ( 8.182883192314079679, 15.97901849125258167, 32.00000000000000000 ) ) ;
#4238 = CARTESIAN_POINT ( 'NONE',  ( -17.31198659095687375, -10.04040790171521103, 17.00000000000000000 ) ) ;
#4239 = DIRECTION ( 'NONE',  ( -0.8660254037844381525, -0.5000000000000009992, 0.000000000000000000 ) ) ;
#4240 = CARTESIAN_POINT ( 'NONE',  ( 19.23997804610475626, 3.083894363293389507, 28.65610955924382353 ) ) ;
#4241 = DIRECTION ( 'NONE',  ( -0.8660254037844389297, 0.4999999999999996114, -0.000000000000000000 ) ) ;
#4242 = DIRECTION ( 'NONE',  ( 0.000000000000000000, 0.000000000000000000, 1.000000000000000000 ) ) ;
#4243 = ADVANCED_FACE ( 'NONE', ( #3622 ), #4201, .T. ) ;
#4244 = VERTEX_POINT ( 'NONE', #3922 ) ;
#4245 = CARTESIAN_POINT ( 'NONE',  ( -12.14850961457375078, 15.38794166639457472, 28.49996611647303979 ) ) ;
#4246 = AXIS2_PLACEMENT_3D ( 'NONE', #1649, #7438, #9640 ) ;
#4247 = EDGE_LOOP ( 'NONE', ( #9289, #8540, #3630, #214 ) ) ;
#4248 = EDGE_LOOP ( 'NONE', ( #10316, #26 ) ) ;
#4249 = CARTESIAN_POINT ( 'NONE',  ( 13.41228773750821546, 7.743587935699111746, 38.50000000000000000 ) ) ;
#4250 = DIRECTION ( 'NONE',  ( -0.000000000000000000, -0.000000000000000000, -1.000000000000000000 ) ) ;
#4251 = CARTESIAN_POINT ( 'NONE',  ( 12.03422820853282005, 15.24783693697044384, 28.44644967832800830 ) ) ;
#4252 = VERTEX_POINT ( 'NONE', #2010 ) ;
#4253 = CARTESIAN_POINT ( 'NONE',  ( 10.29777649649660987, -15.04040790171518083, 28.20000000000000284 ) ) ;
#4254 = VECTOR ( 'NONE', #4995, 1000.000000000000000 ) ;
#4255 = CARTESIAN_POINT ( 'NONE',  ( 13.29539736716370513, 16.54604799605133891, 28.30000000000000071 ) ) ;
#4256 = CARTESIAN_POINT ( 'NONE',  ( -12.28805384638121190, 18.66129886569883567, 32.00000000000000000 ) ) ;
#4257 = ORIENTED_EDGE ( 'NONE', *, *, #4838, .T. ) ;
#4258 = ADVANCED_FACE ( 'NONE', ( #10452 ), #3692, .T. ) ;
#4259 = CARTESIAN_POINT ( 'NONE',  ( -12.27101883138730010, 15.11068873271802815, 28.59087178075878910 ) ) ;
#4260 = CARTESIAN_POINT ( 'NONE',  ( -6.928217920139316810, -18.28699441503027856, 28.64046918041907830 ) ) ;
#4261 = ORIENTED_EDGE ( 'NONE', *, *, #5233, .T. ) ;
#4262 = ORIENTED_EDGE ( 'NONE', *, *, #7927, .T. ) ;
#4263 = AXIS2_PLACEMENT_3D ( 'NONE', #2050, #7826, #6227 ) ;
#4264 = FACE_OUTER_BOUND ( 'NONE', #3226, .T. ) ;
#4265 = CARTESIAN_POINT ( 'NONE',  ( -42.74750315841317416, -5.100205573816944060, 7.000000000000000000 ) ) ;
#4266 = EDGE_CURVE ( 'NONE', #3561, #807, #7933, .T. ) ;
#4267 = CARTESIAN_POINT ( 'NONE',  ( -10.20222350350305796, -19.84040790171520641, 28.19999999999999929 ) ) ;
#4268 = VECTOR ( 'NONE', #6768, 1000.000000000000114 ) ;
#4269 = CARTESIAN_POINT ( 'NONE',  ( 19.19640966598457865, 3.191299408646560476, 28.89472159763551318 ) ) ;
#4270 = CIRCLE ( 'NONE', #10252, 0.4999999999999989453 ) ;
#4271 = CARTESIAN_POINT ( 'NONE',  ( -7.876487077917002644, 16.30235664966128795, 7.499999999999999112 ) ) ;
#4272 = VERTEX_POINT ( 'NONE', #8789 ) ;
#4273 = CARTESIAN_POINT ( 'NONE',  ( -12.36636040128760428, 14.94112877359233416, 29.04652697883306089 ) ) ;
#4274 = CARTESIAN_POINT ( 'NONE',  ( -6.779617905839837810, -18.27301949597335451, 28.94504104994394922 ) ) ;
#4275 = CARTESIAN_POINT ( 'NONE',  ( -12.21553295742608825, 14.75154358754612183, 29.07001546762132094 ) ) ;
#4276 = B_SPLINE_CURVE_WITH_KNOTS ( 'NONE', 3,
 ( #10417, #9561, #3079, #1366 ),
 .UNSPECIFIED., .F., .F.,
 ( 4, 4 ),
 ( 0.000000000000000000, 1.000000000000000000 ),
 .UNSPECIFIED. ) ;
#4277 = VERTEX_POINT ( 'NONE', #4425 ) ;
#4278 = TOROIDAL_SURFACE ( 'NONE', #2389, 1.300000000000000266, 0.2000000000000000111 ) ;
#4279 = DIRECTION ( 'NONE',  ( 0.4999999999999995004, 0.8660254037844388186, 0.000000000000000000 ) ) ;
#4280 = DIRECTION ( 'NONE',  ( -1.026956297778269800E-14, 1.000000000000000000, 0.000000000000000000 ) ) ;
#4281 = CARTESIAN_POINT ( 'NONE',  ( -19.29476052465954083, 2.870439920291100400, 28.53309129557061752 ) ) ;
#4282 = DIRECTION ( 'NONE',  ( -0.8660254037844389297, 0.4999999999999996114, -0.000000000000000000 ) ) ;
#4283 = CARTESIAN_POINT ( 'NONE',  ( 18.91879071946233992, 3.010607693159183196, 29.26408262255234050 ) ) ;
#4284 = CIRCLE ( 'NONE', #1507, 0.2000000000000000944 ) ;
#4285 =( NAMED_UNIT ( * ) PLANE_ANGLE_UNIT ( ) SI_UNIT ( $, .RADIAN. ) );
#4286 = DIRECTION ( 'NONE',  ( 0.8660254037844381525, 0.5000000000000008882, -0.000000000000000000 ) ) ;
#4287 = CARTESIAN_POINT ( 'NONE',  ( -21.50448595785041661, -20.04040790171521280, 12.95499663904826093 ) ) ;
#4288 = CARTESIAN_POINT ( 'NONE',  ( -6.902332107948210727, -18.20126742222212002, 29.33733439671199861 ) ) ;
#4289 = DIRECTION ( 'NONE',  ( 0.5000000000000037748, -0.8660254037844367092, -3.755786496842888013E-15 ) ) ;
#4290 = DIRECTION ( 'NONE',  ( 0.8660254037844414832, -0.4999999999999951705, 0.000000000000000000 ) ) ;
#4291 = EDGE_CURVE ( 'NONE', #246, #3452, #93, .T. ) ;
#4292 = CARTESIAN_POINT ( 'NONE',  ( 19.50975672110861225, 2.582461858527874909, 28.30000000000000071 ) ) ;
#4293 = ORIENTED_EDGE ( 'NONE', *, *, #1572, .F. ) ;
#4294 = DIRECTION ( 'NONE',  ( 1.000000000000000000, 0.000000000000000000, 0.000000000000000000 ) ) ;
#4295 = DIRECTION ( 'NONE',  ( -1.000000000000000000, -1.577021341797096821E-15, 0.000000000000000000 ) ) ;
#4296 = CARTESIAN_POINT ( 'NONE',  ( 11.39777649649603219, 55.26510000294469904, 7.500000000000001776 ) ) ;
#4297 = CARTESIAN_POINT ( 'NONE',  ( 19.28236636004985982, 2.967602729304840814, 28.55874191339330537 ) ) ;
#4298 = CYLINDRICAL_SURFACE ( 'NONE', #8421, 0.1999999999999987899 ) ;
#4299 = CARTESIAN_POINT ( 'NONE',  ( 11.39777649649665570, -19.84040790171517799, 28.20000000000000284 ) ) ;
#4300 = ORIENTED_EDGE ( 'NONE', *, *, #4780, .F. ) ;
#4301 = CIRCLE ( 'NONE', #1728, 11.49999999999999822 ) ;
#4302 = CARTESIAN_POINT ( 'NONE',  ( 7.407051788045540874, -18.30469569593973489, 28.49511684828469882 ) ) ;
#4303 = ORIENTED_EDGE ( 'NONE', *, *, #1035, .T. ) ;
#4304 = CYLINDRICAL_SURFACE ( 'NONE', #8537, 5.000000000000000888 ) ;
#4305 = ADVANCED_FACE ( 'NONE', ( #6086 ), #7878, .F. ) ;
#4306 = CARTESIAN_POINT ( 'NONE',  ( -18.77648707791700033, -2.576997152839488603, 7.500000000000001776 ) ) ;
#4307 = CARTESIAN_POINT ( 'NONE',  ( 12.07281723140569873, 15.26348286550043731, 28.47298334441161671 ) ) ;
#4308 = ORIENTED_EDGE ( 'NONE', *, *, #9343, .T. ) ;
#4309 = CARTESIAN_POINT ( 'NONE',  ( 37.32902956042066478, -10.04040790171517195, 7.000000000000000000 ) ) ;
#4310 = DIRECTION ( 'NONE',  ( -0.8500000000000017542, -8.847089727481727226E-15, 0.5267826876426343619 ) ) ;
#4311 = ORIENTED_EDGE ( 'NONE', *, *, #453, .F. ) ;
#4312 = CARTESIAN_POINT ( 'NONE',  ( -12.24952533813765143, 15.20100897909776094, 28.55032943729024453 ) ) ;
#4313 = CARTESIAN_POINT ( 'NONE',  ( -7.029127805618996305, -18.23984852695000214, 28.55796694935991198 ) ) ;
#4314 = ORIENTED_EDGE ( 'NONE', *, *, #1215, .T. ) ;
#4315 = EDGE_CURVE ( 'NONE', #1106, #8155, #433, .T. ) ;
#4316 = ORIENTED_EDGE ( 'NONE', *, *, #2749, .T. ) ;
#4317 = DIRECTION ( 'NONE',  ( 0.4999999999999985567, -0.8660254037844394848, 0.000000000000000000 ) ) ;
#4318 = AXIS2_PLACEMENT_3D ( 'NONE', #2481, #9981, #977 ) ;
#4319 = DIRECTION ( 'NONE',  ( -1.000000000000000000, -1.015854067532018234E-14, 0.000000000000000000 ) ) ;
#4320 = DIRECTION ( 'NONE',  ( 0.000000000000000000, -0.000000000000000000, -1.000000000000000000 ) ) ;
#4321 = CARTESIAN_POINT ( 'NONE',  ( 19.18311316782465070, 3.193843355720429766, 28.94571405697875832 ) ) ;
#4322 = CARTESIAN_POINT ( 'NONE',  ( -7.274305630064775485, -18.25737409733851990, 28.49996611647303979 ) ) ;
#4323 = DIRECTION ( 'NONE',  ( 1.000000000000000000, 0.000000000000000000, 0.000000000000000000 ) ) ;
#4324 = ORIENTED_EDGE ( 'NONE', *, *, #9231, .F. ) ;
#4325 = CARTESIAN_POINT ( 'NONE',  ( -12.36202346842282473, 14.93748767095657293, 29.04658358843905219 ) ) ;
#4326 = CARTESIAN_POINT ( 'NONE',  ( -6.779333885526118486, -18.27137440160909776, 28.94515120338871839 ) ) ;
#4327 = CIRCLE ( 'NONE', #2953, 11.49999999999999822 ) ;
#4328 = ADVANCED_FACE ( 'NONE', ( #9912 ), #6424, .T. ) ;
#4329 = ORIENTED_EDGE ( 'NONE', *, *, #2325, .F. ) ;
#4330 = CARTESIAN_POINT ( 'NONE',  ( -6.769446089332680216, -17.78996803086419476, 29.23849492710515463 ) ) ;
#4331 = EDGE_CURVE ( 'NONE', #9014, #807, #1284, .T. ) ;
#4332 = CARTESIAN_POINT ( 'NONE',  ( -19.26769551004558778, 2.834860965191345006, 28.50231245748453901 ) ) ;
#4333 = CARTESIAN_POINT ( 'NONE',  ( 13.36441980067393587, 15.82649763434961265, 29.39427216176076740 ) ) ;
#4334 = CARTESIAN_POINT ( 'NONE',  ( 19.16888510458528572, 3.128017251385923014, 29.23946325439868943 ) ) ;
#4335 = B_SPLINE_CURVE_WITH_KNOTS ( 'NONE', 3,
 ( #9764, #7462, #4789, #8956 ),
 .UNSPECIFIED., .F., .F.,
 ( 4, 4 ),
 ( 0.000000000000000000, 0.0003526191071291385473 ),
 .UNSPECIFIED. ) ;
#4336 = AXIS2_PLACEMENT_3D ( 'NONE', #6773, #8376, #4415 ) ;
#4337 = CARTESIAN_POINT ( 'NONE',  ( 9.388454410272013106, -15.54040790171518083, 31.79166666666666785 ) ) ;
#4338 = DIRECTION ( 'NONE',  ( 0.000000000000000000, -0.000000000000000000, -1.000000000000000000 ) ) ;
#4339 = EDGE_CURVE ( 'NONE', #4370, #2493, #7270, .T. ) ;
#4340 = CARTESIAN_POINT ( 'NONE',  ( -6.932444980470278573, -18.01707362843362148, 29.36071699482396369 ) ) ;
#4341 = DIRECTION ( 'NONE',  ( 0.000000000000000000, -1.000000000000000000, 0.000000000000000000 ) ) ;
#4342 = EDGE_LOOP ( 'NONE', ( #6185, #4257, #5167, #7131, #3839, #2542, #871, #974, #8328 ) ) ;
#4343 = DIRECTION ( 'NONE',  ( 0.4999999999999995004, 0.8660254037844388186, 0.000000000000000000 ) ) ;
#4344 = AXIS2_PLACEMENT_3D ( 'NONE', #6466, #5669, #778 ) ;
#4345 = EDGE_CURVE ( 'NONE', #5232, #6553, #9483, .T. ) ;
#4346 = CARTESIAN_POINT ( 'NONE',  ( -25.13189191159923297, -20.21583803870912632, 10.01782716858749289 ) ) ;
#4347 = VERTEX_POINT ( 'NONE', #3322 ) ;
#4348 = CIRCLE ( 'NONE', #9641, 1.099999999999997868 ) ;
#4349 = DIRECTION ( 'NONE',  ( 0.4999999999999951705, 0.8660254037844414832, 0.000000000000000000 ) ) ;
#4350 = CARTESIAN_POINT ( 'NONE',  ( 19.10365847834107456, 2.964041213038773659, 28.42601872119864481 ) ) ;
#4351 = DIRECTION ( 'NONE',  ( 1.101697372407250679E-15, -1.000000000000000000, -0.000000000000000000 ) ) ;
#4352 = CARTESIAN_POINT ( 'NONE',  ( 19.32073843936118962, 3.004089464264261267, 28.57661840359692462 ) ) ;
#4353 = CARTESIAN_POINT ( 'NONE',  ( -28.81360094162512553, -36.31528168298734016, 7.000000000000000000 ) ) ;
#4354 = DIRECTION ( 'NONE',  ( 0.4999999999999835687, -0.8660254037844481445, 0.000000000000000000 ) ) ;
#4355 = ORIENTED_EDGE ( 'NONE', *, *, #9034, .F. ) ;
#4356 = CARTESIAN_POINT ( 'NONE',  ( 7.099618172043263620, -18.24297276569805959, 28.56674304109985130 ) ) ;
#4357 = ORIENTED_EDGE ( 'NONE', *, *, #6534, .T. ) ;
#4358 = CARTESIAN_POINT ( 'NONE',  ( 7.477480116372947627, 17.42297626865234150, 28.20000000000000284 ) ) ;
#4359 = CARTESIAN_POINT ( 'NONE',  ( -55.57105222701402170, -45.18981307302172468, 28.19999999999999929 ) ) ;
#4360 = CARTESIAN_POINT ( 'NONE',  ( 12.06857833219272180, 15.40619855205261857, 28.49736609262897247 ) ) ;
#4361 = ORIENTED_EDGE ( 'NONE', *, *, #1319, .F. ) ;
#4362 = CARTESIAN_POINT ( 'NONE',  ( 28.83064391108912972, -36.31528168298778780, 7.000000000000000000 ) ) ;
#4363 = DIRECTION ( 'NONE',  ( -0.8660254037844380415, -0.5000000000000008882, 0.000000000000000000 ) ) ;
#4364 = ORIENTED_EDGE ( 'NONE', *, *, #4394, .T. ) ;
#4365 = CARTESIAN_POINT ( 'NONE',  ( -12.23457496632237351, 15.16083992674194647, 28.55707014556313794 ) ) ;
#4366 = ORIENTED_EDGE ( 'NONE', *, *, #3336, .T. ) ;
#4367 = CARTESIAN_POINT ( 'NONE',  ( -7.064286282543986495, -18.28224647317313512, 28.54915198650585140 ) ) ;
#4368 = EDGE_CURVE ( 'NONE', #7258, #6927, #10527, .T. ) ;
#4369 = EDGE_LOOP ( 'NONE', ( #2877, #7795, #3449, #2832 ) ) ;
#4370 = VERTEX_POINT ( 'NONE', #4930 ) ;
#4371 = DIRECTION ( 'NONE',  ( 0.8660254037844381525, 0.5000000000000008882, -0.000000000000000000 ) ) ;
#4372 = AXIS2_PLACEMENT_3D ( 'NONE', #3271, #10557, #2417 ) ;
#4373 = CARTESIAN_POINT ( 'NONE',  ( 20.89539736716372076, 3.382461858527878729, 1.700000000000001510 ) ) ;
#4374 = CARTESIAN_POINT ( 'NONE',  ( -19.24036289588792670, 2.619546362032309172, 28.30000000000000071 ) ) ;
#4375 = CARTESIAN_POINT ( 'NONE',  ( 19.16331686689855118, 3.183078740709079923, 28.89877349666162232 ) ) ;
#4376 = CARTESIAN_POINT ( 'NONE',  ( 22.26119697378135243, 1.016827546908634305, 7.499999999999999112 ) ) ;
#4377 = DIRECTION ( 'NONE',  ( 0.5000000000000008882, -0.8660254037844380415, 0.000000000000000000 ) ) ;
#4378 = ORIENTED_EDGE ( 'NONE', *, *, #3605, .F. ) ;
#4379 = EDGE_CURVE ( 'NONE', #9459, #4571, #4077, .T. ) ;
#4380 = CARTESIAN_POINT ( 'NONE',  ( -12.38418237102918695, 14.95196777679132971, 28.94531325076172834 ) ) ;
#4381 = CARTESIAN_POINT ( 'NONE',  ( -6.815709721439898061, -18.27710192680859080, 28.80111115727597237 ) ) ;
#4382 = B_SPLINE_CURVE_WITH_KNOTS ( 'NONE', 3,
 ( #3423, #10171, #5894, #4287, #4446, #2730 ),
 .UNSPECIFIED., .F., .F.,
 ( 4, 2, 4 ),
 ( -1.999999999994913561E-05, 0.004347351788372726643, 0.008714703576745402164 ),
 .UNSPECIFIED. ) ;
#4383 = VECTOR ( 'NONE', #2587, 1000.000000000000000 ) ;
#4384 = ORIENTED_EDGE ( 'NONE', *, *, #1446, .T. ) ;
#4385 = CARTESIAN_POINT ( 'NONE',  ( 19.10479843690359303, 2.946734817945797502, 29.37620154903278191 ) ) ;
#4386 = VERTEX_POINT ( 'NONE', #2364 ) ;
#4387 = CARTESIAN_POINT ( 'NONE',  ( -7.274305630064772821, -18.24040790171495630, 28.49996611647302203 ) ) ;
#4388 = CARTESIAN_POINT ( 'NONE',  ( -19.37093414017053661, 2.914793858069936849, 28.55632972663570257 ) ) ;
#4389 = FACE_OUTER_BOUND ( 'NONE', #6963, .T. ) ;
#4390 = CARTESIAN_POINT ( 'NONE',  ( 19.21443088552006984, 2.984047615397290354, 29.39351266794884765 ) ) ;
#4391 = PLANE ( 'NONE',  #5273 ) ;
#4392 = CARTESIAN_POINT ( 'NONE',  ( -11.50222350350305689, -19.84040790171520641, 28.19999999999999929 ) ) ;
#4393 = CARTESIAN_POINT ( 'NONE',  ( 20.54376157168747596, 3.832871807059433422, 29.27980876566530810 ) ) ;
#4394 = EDGE_CURVE ( 'NONE', #1850, #5481, #1622, .T. ) ;
#4395 = CARTESIAN_POINT ( 'NONE',  ( -6.900801443227472909, -18.24426522881767809, 29.33612121372905079 ) ) ;
#4396 = DIRECTION ( 'NONE',  ( -1.101697372407250679E-15, 1.000000000000000000, 0.000000000000000000 ) ) ;
#4397 = VERTEX_POINT ( 'NONE', #8090 ) ;
#4398 = CARTESIAN_POINT ( 'NONE',  ( -19.24036289588792670, 2.619546362032310505, 1.700000000000000178 ) ) ;
#4399 = EDGE_CURVE ( 'NONE', #3735, #8422, #10011, .T. ) ;
#4400 = EDGE_LOOP ( 'NONE', ( #4421, #5168, #4261, #6948 ) ) ;
#4401 = LINE ( 'NONE', #9267, #2557 ) ;
#4402 = VECTOR ( 'NONE', #9309, 1000.000000000000000 ) ;
#4403 = CARTESIAN_POINT ( 'NONE',  ( -12.01356797664488418, 15.53672233804204517, 1.700000000000001510 ) ) ;
#4404 = CARTESIAN_POINT ( 'NONE',  ( 19.32757808002511268, 2.954357974894158634, 28.55212361038167046 ) ) ;
#4405 = DIRECTION ( 'NONE',  ( -0.000000000000000000, -0.000000000000000000, -1.000000000000000000 ) ) ;
#4406 = CARTESIAN_POINT ( 'NONE',  ( 21.78440205453813405, 2.242660571828513305, 28.19999999999999929 ) ) ;
#4407 = CARTESIAN_POINT ( 'NONE',  ( 7.225644572233772323, -18.18773288026473978, 28.49630325229160022 ) ) ;
#4408 = AXIS2_PLACEMENT_3D ( 'NONE', #6512, #2543, #4959 ) ;
#4409 = AXIS2_PLACEMENT_3D ( 'NONE', #624, #4758, #3905 ) ;
#4410 = ORIENTED_EDGE ( 'NONE', *, *, #7565, .T. ) ;
#4411 = LINE ( 'NONE', #226, #9558 ) ;
#4412 = CARTESIAN_POINT ( 'NONE',  ( 11.59777649649660880, -15.04040790171518083, 28.20000000000000284 ) ) ;
#4413 = CARTESIAN_POINT ( 'NONE',  ( 12.09013005997773860, 15.34312743589689632, 28.49643640671322231 ) ) ;
#4414 = ORIENTED_EDGE ( 'NONE', *, *, #3875, .T. ) ;
#4415 = DIRECTION ( 'NONE',  ( 0.5000000000000014433, -0.8660254037844378194, 0.000000000000000000 ) ) ;
#4416 = VECTOR ( 'NONE', #2633, 1000.000000000000227 ) ;
#4417 = ORIENTED_EDGE ( 'NONE', *, *, #7381, .T. ) ;
#4418 = CARTESIAN_POINT ( 'NONE',  ( -12.28739009871060972, 15.16951011780684944, 28.57420530526133717 ) ) ;
#4419 = ORIENTED_EDGE ( 'NONE', *, *, #7306, .T. ) ;
#4420 = ORIENTED_EDGE ( 'NONE', *, *, #8313, .F. ) ;
#4421 = ORIENTED_EDGE ( 'NONE', *, *, #42, .F. ) ;
#4422 = CIRCLE ( 'NONE', #1673, 4.999999999999997335 ) ;
#4423 = EDGE_CURVE ( 'NONE', #4821, #7418, #2195, .T. ) ;
#4424 = CARTESIAN_POINT ( 'NONE',  ( -10.20222350350305796, -20.04040790171520570, 28.19999999999999929 ) ) ;
#4425 = CARTESIAN_POINT ( 'NONE',  ( 48.33008013981041273, -8.313468133791561243, 3.500000000000000000 ) ) ;
#4426 = DIRECTION ( 'NONE',  ( -1.000000000000000000, 0.000000000000000000, 0.000000000000000000 ) ) ;
#4427 = CARTESIAN_POINT ( 'NONE',  ( 19.20211917277681479, 3.166141825135032839, 28.80402591302203774 ) ) ;
#4428 = DIRECTION ( 'NONE',  ( 0.5000000000000163203, 0.8660254037844293817, 0.000000000000000000 ) ) ;
#4429 = DIRECTION ( 'NONE',  ( -1.224646799147353207E-16, -1.349190160747589117E-31, 1.000000000000000000 ) ) ;
#4430 = ORIENTED_EDGE ( 'NONE', *, *, #4125, .F. ) ;
#4431 = CARTESIAN_POINT ( 'NONE',  ( -12.36809296573034445, 14.94496341166107989, 28.89728764174488518 ) ) ;
#4432 = AXIS2_PLACEMENT_3D ( 'NONE', #7253, #4152, #4097 ) ;
#4433 = CARTESIAN_POINT ( 'NONE',  ( -6.792667982025477613, -18.31387800176736036, 28.89164846083753346 ) ) ;
#4434 = TOROIDAL_SURFACE ( 'NONE', #10238, 1.300000000000000266, 0.2000000000000000111 ) ;
#4435 = ORIENTED_EDGE ( 'NONE', *, *, #128, .T. ) ;
#4436 = CARTESIAN_POINT ( 'NONE',  ( 19.17782383372589550, 2.968001492292061005, 29.39011472870517494 ) ) ;
#4437 = VERTEX_POINT ( 'NONE', #5793 ) ;
#4438 = AXIS2_PLACEMENT_3D ( 'NONE', #5616, #4053, #7317 ) ;
#4439 = DIRECTION ( 'NONE',  ( 0.000000000000000000, 0.000000000000000000, -1.000000000000000000 ) ) ;
#4440 = CARTESIAN_POINT ( 'NONE',  ( -19.04978730390457287, 3.115114060351051428, 28.97647014248048691 ) ) ;
#4441 = CARTESIAN_POINT ( 'NONE',  ( 18.99642580301671302, 3.005782072637399160, 29.29608408414853571 ) ) ;
#4442 = EDGE_CURVE ( 'NONE', #6695, #3561, #8475, .T. ) ;
#4443 = CARTESIAN_POINT ( 'NONE',  ( -17.31198659095687375, -10.04040790171521103, 32.00000000000000000 ) ) ;
#4444 = CARTESIAN_POINT ( 'NONE',  ( 0.04777649649675558968, -15.04040790171519326, 38.50000000000000000 ) ) ;
#4445 = AXIS2_PLACEMENT_3D ( 'NONE', #5372, #1197, #4468 ) ;
#4446 = CARTESIAN_POINT ( 'NONE',  ( -22.60499570837757588, -20.04040790171521991, 12.00139347753186847 ) ) ;
#4447 = CARTESIAN_POINT ( 'NONE',  ( -6.773004038136911653, -18.16252930102420393, 29.11519507054059730 ) ) ;
#4448 = CARTESIAN_POINT ( 'NONE',  ( -12.29970482559120981, 14.80829694548715914, 28.93995111142239196 ) ) ;
#4449 = AXIS2_PLACEMENT_3D ( 'NONE', #8468, #3373, #5039 ) ;
#4450 = AXIS2_PLACEMENT_3D ( 'NONE', #6450, #3179, #3019 ) ;
#4451 = ORIENTED_EDGE ( 'NONE', *, *, #9799, .T. ) ;
#4452 = DIRECTION ( 'NONE',  ( 0.4999999999999948375, 0.8660254037844417052, 0.000000000000000000 ) ) ;
#4453 = VECTOR ( 'NONE', #6253, 1000.000000000000000 ) ;
#4454 = VERTEX_POINT ( 'NONE', #5 ) ;
#4455 = DIRECTION ( 'NONE',  ( 0.000000000000000000, 0.000000000000000000, 1.000000000000000000 ) ) ;
#4456 = CARTESIAN_POINT ( 'NONE',  ( -17.31198659095687375, -10.04040790171521103, 32.00000000000000000 ) ) ;
#4457 = LINE ( 'NONE', #5043, #3863 ) ;
#4458 = CARTESIAN_POINT ( 'NONE',  ( 19.33161022189362299, 2.954312423572839741, 28.55148769500078743 ) ) ;
#4459 = CARTESIAN_POINT ( 'NONE',  ( 18.99726574034546189, 3.111774222131758805, 28.38996816205955653 ) ) ;
#4460 = CARTESIAN_POINT ( 'NONE',  ( -9.802710024725568516, -20.01122042926840550, 32.00000000000000000 ) ) ;
#4461 = DIRECTION ( 'NONE',  ( 0.000000000000000000, 0.000000000000000000, 1.000000000000000000 ) ) ;
#4462 = CARTESIAN_POINT ( 'NONE',  ( 7.349613090696630380, -18.25540903772717982, 28.49867874585573801 ) ) ;
#4463 = VECTOR ( 'NONE', #1992, 1000.000000000000000 ) ;
#4464 = EDGE_CURVE ( 'NONE', #7258, #5270, #5739, .T. ) ;
#4465 = ORIENTED_EDGE ( 'NONE', *, *, #1254, .T. ) ;
#4466 = CARTESIAN_POINT ( 'NONE',  ( 19.41159739100698900, 2.752478805500815362, 28.49996611647302203 ) ) ;
#4467 = EDGE_CURVE ( 'NONE', #8615, #3319, #4987, .T. ) ;
#4468 = DIRECTION ( 'NONE',  ( 0.4999999999999995004, 0.8660254037844388186, 0.000000000000000000 ) ) ;
#4469 = CARTESIAN_POINT ( 'NONE',  ( -11.97406470607840845, 14.70426426802675479, 29.23849492710514042 ) ) ;
#4470 = EDGE_LOOP ( 'NONE', ( #2103, #5475, #7630, #9475 ) ) ;
#4471 = DIRECTION ( 'NONE',  ( -0.8660254037844381525, -0.5000000000000008882, 0.000000000000000000 ) ) ;
#4472 = ORIENTED_EDGE ( 'NONE', *, *, #3914, .T. ) ;
#4473 = CARTESIAN_POINT ( 'NONE',  ( -12.27636764197973918, 15.23098912714661601, 28.54298074442859701 ) ) ;
#4474 = ORIENTED_EDGE ( 'NONE', *, *, #7712, .T. ) ;
#4475 = ADVANCED_FACE ( 'NONE', ( #8251 ), #4188, .T. ) ;
#4476 = EDGE_LOOP ( 'NONE', ( #9550, #339 ) ) ;
#4477 = CIRCLE ( 'NONE', #6017, 2.500000000000003553 ) ;
#4478 = ADVANCED_FACE ( 'NONE', ( #3375 ), #3164, .F. ) ;
#4479 = VERTEX_POINT ( 'NONE', #691 ) ;
#4480 = DIRECTION ( 'NONE',  ( 0.8660254037844481445, 0.4999999999999836242, -0.000000000000000000 ) ) ;
#4481 = CYLINDRICAL_SURFACE ( 'NONE', #2216, 0.1999999999999996503 ) ;
#4482 = CARTESIAN_POINT ( 'NONE',  ( 19.17621892886208457, 3.164410444189559524, 28.81078252675404272 ) ) ;
#4483 = CARTESIAN_POINT ( 'NONE',  ( -35.86949083591573384, -7.015170464835084552, 7.071962365227528302 ) ) ;
#4484 = CARTESIAN_POINT ( 'NONE',  ( -8.017739808381286082, 16.05769974378931408, 32.00000000000000000 ) ) ;
#4485 = ORIENTED_EDGE ( 'NONE', *, *, #2626, .F. ) ;
#4486 = CARTESIAN_POINT ( 'NONE',  ( -12.32606332269238614, 14.90198547236876259, 28.82398119184967200 ) ) ;
#4487 = CARTESIAN_POINT ( 'NONE',  ( -6.822620260061288633, -18.25339605300966639, 28.76722666724757005 ) ) ;
#4488 = ORIENTED_EDGE ( 'NONE', *, *, #8803, .F. ) ;
#4489 = AXIS2_PLACEMENT_3D ( 'NONE', #5642, #8093, #10508 ) ;
#4490 = DIRECTION ( 'NONE',  ( 0.8660254037844382635, 0.5000000000000008882, -0.000000000000000000 ) ) ;
#4491 = ORIENTED_EDGE ( 'NONE', *, *, #9944, .F. ) ;
#4492 = FACE_OUTER_BOUND ( 'NONE', #10212, .T. ) ;
#4493 = CARTESIAN_POINT ( 'NONE',  ( -19.24045498480583660, 3.064011464251426453, 28.72054546830327126 ) ) ;
#4494 = CARTESIAN_POINT ( 'NONE',  ( 19.13844842301555005, 3.159767294922138703, 29.11901173240484653 ) ) ;
#4495 = CARTESIAN_POINT ( 'NONE',  ( -19.35709302433141943, 2.686940533111699114, 28.48906993330934512 ) ) ;
#4496 = CYLINDRICAL_SURFACE ( 'NONE', #4204, 0.2000000000000001221 ) ;
#4497 = AXIS2_PLACEMENT_3D ( 'NONE', #7505, #6704, #7561 ) ;
#4498 = CARTESIAN_POINT ( 'NONE',  ( -6.808989597556103668, -18.13067452707192473, 29.22763206607021402 ) ) ;
#4499 = CARTESIAN_POINT ( 'NONE',  ( -8.764160822921603256, 15.76486062276838496, 31.79166666666666430 ) ) ;
#4500 = VERTEX_POINT ( 'NONE', #1132 ) ;
#4501 = DIRECTION ( 'NONE',  ( -0.8660254037844381525, -0.5000000000000008882, 0.000000000000000000 ) ) ;
#4502 = EDGE_CURVE ( 'NONE', #8745, #2052, #8481, .T. ) ;
#4503 = VERTEX_POINT ( 'NONE', #4403 ) ;
#4504 = CIRCLE ( 'NONE', #10307, 4.999999999999997335 ) ;
#4505 = CARTESIAN_POINT ( 'NONE',  ( -19.24913063145066872, 2.734640654459452147, 28.45076393113577140 ) ) ;
#4506 = CARTESIAN_POINT ( 'NONE',  ( 12.20605039575834816, 17.83285229759672674, 31.79166666666666785 ) ) ;
#4507 = CARTESIAN_POINT ( 'NONE',  ( 20.79539736716371578, 3.555666939284764627, 1.500000000000001332 ) ) ;
#4508 = CARTESIAN_POINT ( 'NONE',  ( 19.31361091747410441, 3.005247282956591715, 28.57881599493698133 ) ) ;
#4509 = CARTESIAN_POINT ( 'NONE',  ( -18.94969215867380896, -2.476997152839363281, 28.20000000000000284 ) ) ;
#4510 = DIRECTION ( 'NONE',  ( 0.8660254037844384856, -0.5000000000000004441, 0.000000000000000000 ) ) ;
#4511 = EDGE_CURVE ( 'NONE', #6549, #5503, #8645, .T. ) ;
#4512 = CARTESIAN_POINT ( 'NONE',  ( 7.030344666767154749, -18.18393738497716683, 28.55364094481185333 ) ) ;
#4513 = AXIS2_PLACEMENT_3D ( 'NONE', #4253, #5809, #5055 ) ;
#4514 = VECTOR ( 'NONE', #2130, 1000.000000000000000 ) ;
#4515 = ORIENTED_EDGE ( 'NONE', *, *, #5953, .F. ) ;
#4516 = DIRECTION ( 'NONE',  ( -1.000000000000000000, -1.101697372407250679E-15, 0.000000000000000000 ) ) ;
#4517 = DIRECTION ( 'NONE',  ( -0.000000000000000000, -0.000000000000000000, -1.000000000000000000 ) ) ;
#4518 = CARTESIAN_POINT ( 'NONE',  ( 12.26853482419519459, 15.11830844697855625, 28.63063229261738840 ) ) ;
#4519 = ORIENTED_EDGE ( 'NONE', *, *, #3959, .T. ) ;
#4520 = CARTESIAN_POINT ( 'NONE',  ( -7.270624290268025369, -18.24040790171495630, 1.700000000000001510 ) ) ;
#4521 = EDGE_CURVE ( 'NONE', #4681, #9511, #8413, .T. ) ;
#4522 = ORIENTED_EDGE ( 'NONE', *, *, #1643, .T. ) ;
#4523 = CARTESIAN_POINT ( 'NONE',  ( -12.15251319587038559, 15.20691114990814796, 28.50965326155570878 ) ) ;
#4524 = ORIENTED_EDGE ( 'NONE', *, *, #6416, .F. ) ;
#4525 = ADVANCED_FACE ( 'NONE', ( #7716 ), #4030, .T. ) ;
#4526 = ORIENTED_EDGE ( 'NONE', *, *, #2758, .F. ) ;
#4527 = DIRECTION ( 'NONE',  ( -0.5000000000000246470, 0.8660254037844244968, -0.000000000000000000 ) ) ;
#4528 = DIRECTION ( 'NONE',  ( 1.000000000000000000, 0.000000000000000000, 0.000000000000000000 ) ) ;
#4529 = CIRCLE ( 'NONE', #6926, 2.500000000000004441 ) ;
#4530 = CARTESIAN_POINT ( 'NONE',  ( 19.22192051561751569, 3.200514352558910591, 28.89237478871427811 ) ) ;
#4531 = DIRECTION ( 'NONE',  ( 0.5000000000000007772, -0.8660254037844381525, 0.000000000000000000 ) ) ;
#4532 = CARTESIAN_POINT ( 'NONE',  ( 9.794570841305763054, -19.95148980674237649, 32.00000000000000000 ) ) ;
#4533 = ORIENTED_EDGE ( 'NONE', *, *, #5835, .T. ) ;
#4534 = CARTESIAN_POINT ( 'NONE',  ( -12.39323036301743564, 14.95940364869393413, 28.94455251774935789 ) ) ;
#4535 = CARTESIAN_POINT ( 'NONE',  ( -6.783087227658234575, -18.25895646762439384, 28.89633730326107397 ) ) ;
#4536 = VERTEX_POINT ( 'NONE', #10076 ) ;
#4537 = AXIS2_PLACEMENT_3D ( 'NONE', #3820, #4134, #800 ) ;
#4538 = CARTESIAN_POINT ( 'NONE',  ( 25.98076211353316722, -14.99999999999999467, 0.1999999999999996503 ) ) ;
#4539 = B_SPLINE_CURVE_WITH_KNOTS ( 'NONE', 3,
 ( #632, #8082, #4718, #4766, #8031, #7026, #8675, #9593, #9647, #3913, #7177, #5579, #3157, #3965, #2951, #9692, #7228, #6430 ),
 .UNSPECIFIED., .F., .F.,
 ( 4, 2, 2, 2, 2, 2, 2, 2, 4 ),
 ( 0.003326338183643575471, 0.004227118756316725588, 0.005127899328989875272, 0.006028679901663025822, 0.006929460474336174639, 0.007830241047009323455, 0.008280631333345892658, 0.008731021619682458393, 0.01053258276502872653 ),
 .UNSPECIFIED. ) ;
#4540 = CARTESIAN_POINT ( 'NONE',  ( -36.84916807292087526, -5.762728654646394943, 7.000000000000000000 ) ) ;
#4541 = CARTESIAN_POINT ( 'NONE',  ( -19.11594620988772064, 3.084876030680651304, 29.12003316927556540 ) ) ;
#4542 = CARTESIAN_POINT ( 'NONE',  ( -17.31198659095686665, -15.04040790171521103, 32.00000000000000000 ) ) ;
#4543 = CARTESIAN_POINT ( 'NONE',  ( 19.17417201227507206, 3.172508573480709249, 29.12068124188862583 ) ) ;
#4544 =( BOUNDED_SURFACE ( )  B_SPLINE_SURFACE ( 3, 2, ( 
 ( #5545, #2918, #6189 ),
 ( #602, #7141, #1261 ),
 ( #10411, #9449, #3073 ),
 ( #5383, #9554, #4632 ),
 ( #7838, #551, #501 ),
 ( #2967, #8801, #9611 ),
 ( #3780, #4732, #2218 ),
 ( #7791, #6240, #2162 ) ),
 .UNSPECIFIED., .F., .F., .T. ) 
 B_SPLINE_SURFACE_WITH_KNOTS ( ( 4, 2, 2, 4 ),
 ( 3, 3 ),
 ( 0.003954194195918720768, 0.004469247728347756216, 0.004726774494562273506, 0.004984301260776790796 ),
 ( 0.000000000000000000, 1.000000000000000000 ),
 .UNSPECIFIED. ) 
 GEOMETRIC_REPRESENTATION_ITEM ( )  RATIONAL_B_SPLINE_SURFACE ( (
 ( 1.000000000000000000, 0.7071067811865480168, 1.000000000000000000),
 ( 1.000000000000000000, 0.6677166954306749114, 1.000000000000000000),
 ( 1.000000000000000000, 0.6255915727584399066, 1.000000000000000000),
 ( 1.000000000000000000, 0.5556748121980013000, 1.000000000000000000),
 ( 1.000000000000000000, 0.5309942116911200438, 1.000000000000000000),
 ( 1.000000000000000000, 0.4799022540170531093, 1.000000000000000000),
 ( 1.000000000000000000, 0.4535480836120507342, 1.000000000000000000),
 ( 1.000000000000000000, 0.4272829444670447341, 1.000000000000000000) ) ) 
 REPRESENTATION_ITEM ( '' )  SURFACE ( )  );
#4545 = CARTESIAN_POINT ( 'NONE',  ( -6.782144737251445399, -19.91195827784240890, 29.05030385289148143 ) ) ;
#4546 = CARTESIAN_POINT ( 'NONE',  ( 20.44740008966862277, 3.887356516533608364, 29.17045950162490442 ) ) ;
#4547 = CIRCLE ( 'NONE', #3509, 1.299999999999999378 ) ;
#4548 = AXIS2_PLACEMENT_3D ( 'NONE', #2077, #6959, #9467 ) ;
#4549 = CARTESIAN_POINT ( 'NONE',  ( -6.729761736866061383, -18.06603646834031451, 29.09610520691080637 ) ) ;
#4550 = CARTESIAN_POINT ( 'NONE',  ( -12.11356797664488205, 15.36351725728515660, 28.30000000000000071 ) ) ;
#4551 = ORIENTED_EDGE ( 'NONE', *, *, #7112, .F. ) ;
#4552 = FACE_OUTER_BOUND ( 'NONE', #456, .T. ) ;
#4553 = ORIENTED_EDGE ( 'NONE', *, *, #757, .T. ) ;
#4554 = B_SPLINE_CURVE_WITH_KNOTS ( 'NONE', 3,
 ( #7387, #9646, #3156, #850 ),
 .UNSPECIFIED., .F., .F.,
 ( 4, 4 ),
 ( 0.000000000000000000, 1.000000000000000000 ),
 .UNSPECIFIED. ) ;
#4555 = CARTESIAN_POINT ( 'NONE',  ( 19.40975672110861439, 2.755666939284763473, 1.700000000000001510 ) ) ;
#4556 = EDGE_CURVE ( 'NONE', #6448, #8866, #2582, .T. ) ;
#4557 = DIRECTION ( 'NONE',  ( -0.000000000000000000, -0.000000000000000000, -1.000000000000000000 ) ) ;
#4558 = CARTESIAN_POINT ( 'NONE',  ( 19.24803298512320637, 2.858903324680514224, 28.48139661619951113 ) ) ;
#4559 = DIRECTION ( 'NONE',  ( -1.000000000000000000, -1.577021341797096821E-15, 0.000000000000000000 ) ) ;
#4560 = EDGE_CURVE ( 'NONE', #8585, #1257, #3599, .T. ) ;
#4561 = CARTESIAN_POINT ( 'NONE',  ( -12.30287114340098320, 14.87574061470087550, 29.04435609168746879 ) ) ;
#4562 = DIRECTION ( 'NONE',  ( -1.000000000000000000, 0.000000000000000000, 0.000000000000000000 ) ) ;
#4563 = LINE ( 'NONE', #7820, #4463 ) ;
#4564 = CARTESIAN_POINT ( 'NONE',  ( 6.853597802608822676, -18.20752593859976542, 28.98396346274140001 ) ) ;
#4565 = CIRCLE ( 'NONE', #9180, 5.000000000000000888 ) ;
#4566 = VERTEX_POINT ( 'NONE', #9167 ) ;
#4567 = FACE_OUTER_BOUND ( 'NONE', #5939, .T. ) ;
#4568 = LINE ( 'NONE', #10241, #3410 ) ;
#4569 = CARTESIAN_POINT ( 'NONE',  ( 12.31573947776883848, 15.06914076358267174, 28.72226529566996334 ) ) ;
#4570 = EDGE_CURVE ( 'NONE', #4020, #6723, #8191, .T. ) ;
#4571 = VERTEX_POINT ( 'NONE', #5904 ) ;
#4572 = CARTESIAN_POINT ( 'NONE',  ( 4.945668874375246382, 31.40820197496643118, 0.000000000000000000 ) ) ;
#4573 = CIRCLE ( 'NONE', #9008, 2.500000000000004441 ) ;
#4574 = ORIENTED_EDGE ( 'NONE', *, *, #3997, .F. ) ;
#4575 = CARTESIAN_POINT ( 'NONE',  ( -12.14498025741519882, 15.33075570832933643, 28.50080372683360963 ) ) ;
#4576 = ORIENTED_EDGE ( 'NONE', *, *, #8779, .F. ) ;
#4577 = ORIENTED_EDGE ( 'NONE', *, *, #8460, .F. ) ;
#4578 = VERTEX_POINT ( 'NONE', #10021 ) ;
#4579 = EDGE_CURVE ( 'NONE', #7894, #970, #6258, .T. ) ;
#4580 = FACE_OUTER_BOUND ( 'NONE', #9290, .T. ) ;
#4581 = AXIS2_PLACEMENT_3D ( 'NONE', #8948, #7288, #6491 ) ;
#4582 = DIRECTION ( 'NONE',  ( 0.8660254037844380415, 0.5000000000000008882, -0.000000000000000000 ) ) ;
#4583 = CARTESIAN_POINT ( 'NONE',  ( 19.22628733338522267, 3.170695396269987754, 28.79837717760284832 ) ) ;
#4584 = EDGE_CURVE ( 'NONE', #2748, #4101, #769, .T. ) ;
#4585 = LINE ( 'NONE', #1467, #9733 ) ;
#4586 = CARTESIAN_POINT ( 'NONE',  ( -19.41356797664481348, 2.719546362032308373, 28.30000000000000071 ) ) ;
#4587 = ORIENTED_EDGE ( 'NONE', *, *, #7701, .T. ) ;
#4588 = CARTESIAN_POINT ( 'NONE',  ( -12.34775365432426142, 14.95142997291593900, 28.81239920729284876 ) ) ;
#4589 = CARTESIAN_POINT ( 'NONE',  ( -6.819607521933180649, -18.28955363592369210, 28.79827079812231005 ) ) ;
#4590 = ORIENTED_EDGE ( 'NONE', *, *, #2094, .T. ) ;
#4591 = EDGE_LOOP ( 'NONE', ( #1370, #8266, #770, #3461 ) ) ;
#4592 = EDGE_CURVE ( 'NONE', #9238, #765, #6595, .T. ) ;
#4593 = CARTESIAN_POINT ( 'NONE',  ( -18.90091866386015695, 3.215816294928000474, 28.34963024200234827 ) ) ;
#4594 = CARTESIAN_POINT ( 'NONE',  ( -19.25657954917254244, 3.160539191900057165, 28.99724210830166626 ) ) ;
#4595 = CARTESIAN_POINT ( 'NONE',  ( -11.97406470607835161, 14.70426426802693243, 29.23849492710525766 ) ) ;
#4596 = CARTESIAN_POINT ( 'NONE',  ( 18.93075446705807607, 3.149958037807197631, 29.07001546762134581 ) ) ;
#4597 = CARTESIAN_POINT ( 'NONE',  ( -7.270624290268025369, -18.20664278596104424, 28.49712918849862220 ) ) ;
#4598 = CARTESIAN_POINT ( 'NONE',  ( -6.829623484632581842, -18.23198512775693914, 29.24069346738602349 ) ) ;
#4599 = CARTESIAN_POINT ( 'NONE',  ( -12.11140424420101347, 14.98695179227740049, 29.37076959215056604 ) ) ;
#4600 = ORIENTED_EDGE ( 'NONE', *, *, #8591, .T. ) ;
#4601 = DIRECTION ( 'NONE',  ( 0.8660254037844380415, 0.5000000000000008882, -0.000000000000000000 ) ) ;
#4602 = CARTESIAN_POINT ( 'NONE',  ( 6.928177270163731194, -18.31087132486663194, 28.77741140308345891 ) ) ;
#4603 = ORIENTED_EDGE ( 'NONE', *, *, #1478, .F. ) ;
#4604 = CARTESIAN_POINT ( 'NONE',  ( -19.27946445850681911, 2.719503860024838016, 28.46390367266364763 ) ) ;
#4605 = CARTESIAN_POINT ( 'NONE',  ( 57.71187063274125961, -41.51132611354685054, 29.39427216176077451 ) ) ;
#4606 = VECTOR ( 'NONE', #8843, 1000.000000000000000 ) ;
#4607 = CARTESIAN_POINT ( 'NONE',  ( 19.46146389354880313, 2.840644526484934040, 28.50091275856834372 ) ) ;
#4608 = FACE_OUTER_BOUND ( 'NONE', #2503, .T. ) ;
#4609 = AXIS2_PLACEMENT_3D ( 'NONE', #4721, #2148, #10240 ) ;
#4610 = AXIS2_PLACEMENT_3D ( 'NONE', #9432, #9232, #8377 ) ;
#4611 = CARTESIAN_POINT ( 'NONE',  ( -12.34406247855430472, 14.94075389010738064, 29.12011918992718407 ) ) ;
#4612 = CARTESIAN_POINT ( 'NONE',  ( -13.57241370345687770, 16.43672233804203486, 1.500000000000001332 ) ) ;
#4613 = DIRECTION ( 'NONE',  ( 0.8660254037844389297, -0.4999999999999996114, 0.000000000000000000 ) ) ;
#4614 = CARTESIAN_POINT ( 'NONE',  ( 6.830166059377305032, -18.08411857719628202, 29.10559956124172132 ) ) ;
#4615 = EDGE_CURVE ( 'NONE', #9060, #2474, #267, .T. ) ;
#4616 = AXIS2_PLACEMENT_3D ( 'NONE', #5508, #3894, #10429 ) ;
#4617 = VECTOR ( 'NONE', #8648, 1000.000000000000000 ) ;
#4618 = EDGE_LOOP ( 'NONE', ( #9458, #4262, #7143, #10509 ) ) ;
#4619 = FACE_OUTER_BOUND ( 'NONE', #1020, .T. ) ;
#4620 = DIRECTION ( 'NONE',  ( 0.000000000000000000, 0.000000000000000000, 1.000000000000000000 ) ) ;
#4621 = CARTESIAN_POINT ( 'NONE',  ( 12.17609242063741881, 15.20080497385581886, 28.53031226184118907 ) ) ;
#4622 = EDGE_LOOP ( 'NONE', ( #9613, #6607, #1879, #5541 ) ) ;
#4623 = DIRECTION ( 'NONE',  ( 0.000000000000000000, -1.000000000000000000, 0.000000000000000000 ) ) ;
#4624 = ORIENTED_EDGE ( 'NONE', *, *, #8264, .F. ) ;
#4625 = CARTESIAN_POINT ( 'NONE',  ( -12.16369252253694988, 15.27221656152889651, 28.51233286333611616 ) ) ;
#4626 = ORIENTED_EDGE ( 'NONE', *, *, #7150, .F. ) ;
#4627 = EDGE_CURVE ( 'NONE', #1202, #9471, #4457, .T. ) ;
#4628 = CARTESIAN_POINT ( 'NONE',  ( -23.77614697052908710, -20.04040790171522701, 11.12554020340933825 ) ) ;
#4629 = CIRCLE ( 'NONE', #8043, 2.500000000000000000 ) ;
#4630 = DIRECTION ( 'NONE',  ( 0.8660254037844380415, 0.5000000000000008882, -0.000000000000000000 ) ) ;
#4631 = AXIS2_PLACEMENT_3D ( 'NONE', #7707, #5298, #6801 ) ;
#4632 = CARTESIAN_POINT ( 'NONE',  ( 6.583603242624847418, -17.61886685864345026, 29.03747470992768243 ) ) ;
#4633 = CARTESIAN_POINT ( 'NONE',  ( 19.19232748090773200, 3.165108096018113493, 28.80653270698293511 ) ) ;
#4634 = ORIENTED_EDGE ( 'NONE', *, *, #5902, .F. ) ;
#4635 = CARTESIAN_POINT ( 'NONE',  ( -28.02693945635150996, -8.221013652478633915, 12.90443129922516441 ) ) ;
#4636 = CARTESIAN_POINT ( 'NONE',  ( 22.43440205453812908, 1.116827546908742974, 28.19999999999999929 ) ) ;
#4637 = ORIENTED_EDGE ( 'NONE', *, *, #2561, .T. ) ;
#4638 = CARTESIAN_POINT ( 'NONE',  ( -12.37742579187385772, 14.99307711838620882, 28.79953951812951374 ) ) ;
#4639 = CARTESIAN_POINT ( 'NONE',  ( -6.895250284739744551, -18.28864538909967052, 28.67561381411795551 ) ) ;
#4640 = ADVANCED_FACE ( 'NONE', ( #6011 ), #3650, .F. ) ;
#4641 = AXIS2_PLACEMENT_3D ( 'NONE', #9847, #5734, #5785 ) ;
#4642 = EDGE_LOOP ( 'NONE', ( #8967, #4743, #6861, #9886, #6652, #9815, #4845, #5656, #8193, #3117, #958, #1747, #6602, #7413, #10402, #7968, #1629, #10407, #3696, #1554 ) ) ;
#4643 = ORIENTED_EDGE ( 'NONE', *, *, #5575, .T. ) ;
#4644 = DIRECTION ( 'NONE',  ( -0.8660254037844389297, 0.4999999999999996114, -0.000000000000000000 ) ) ;
#4645 = CARTESIAN_POINT ( 'NONE',  ( -19.21039867089081810, 3.065049007453402474, 28.72356363107103050 ) ) ;
#4646 = CARTESIAN_POINT ( 'NONE',  ( -2.700000000000000178, 30.00000000000000000, 0.1999999999999996503 ) ) ;
#4647 = CARTESIAN_POINT ( 'NONE',  ( 19.18990283228932370, 3.136765216278728285, 29.24136218813595178 ) ) ;
#4648 = CARTESIAN_POINT ( 'NONE',  ( -7.170908969907324959, -18.25704373536737180, 28.51245277080075979 ) ) ;
#4649 = CARTESIAN_POINT ( 'NONE',  ( 20.48456966911890831, 3.856887006580452137, 29.26429094527829022 ) ) ;
#4650 = DIRECTION ( 'NONE',  ( 1.000000000000000000, 0.000000000000000000, 0.000000000000000000 ) ) ;
#4651 = ADVANCED_FACE ( 'NONE', ( #1773 ), #2146, .T. ) ;
#4652 = CARTESIAN_POINT ( 'NONE',  ( -6.791671959409964821, -18.24369425819914170, 29.12064670515706410 ) ) ;
#4653 = CYLINDRICAL_SURFACE ( 'NONE', #525, 1.099999999999998535 ) ;
#4654 = DIRECTION ( 'NONE',  ( -0.8660254037844387076, -0.4999999999999997224, 0.000000000000000000 ) ) ;
#4655 = EDGE_CURVE ( 'NONE', #9991, #173, #9842, .T. ) ;
#4656 = CARTESIAN_POINT ( 'NONE',  ( -12.11356797664488205, 15.36351725728515660, 28.30000000000000071 ) ) ;
#4657 = VERTEX_POINT ( 'NONE', #165 ) ;
#4658 = CARTESIAN_POINT ( 'NONE',  ( -19.46890618129158668, 2.689176570031102997, 28.49669996669409144 ) ) ;
#4659 = CIRCLE ( 'NONE', #34, 0.1999999999999986233 ) ;
#4660 = CARTESIAN_POINT ( 'NONE',  ( 1.214615306565984409E-14, 38.06410000294339113, 0.000000000000000000 ) ) ;
#4661 = ADVANCED_FACE ( 'NONE', ( #3433 ), #1630, .T. ) ;
#4662 = CARTESIAN_POINT ( 'NONE',  ( 19.39148712365668459, 2.795646239674163702, 28.50088191899057932 ) ) ;
#4663 = AXIS2_PLACEMENT_3D ( 'NONE', #7556, #213, #9849 ) ;
#4664 = CARTESIAN_POINT ( 'NONE',  ( 23.79318993999363840, -20.04040790171516306, 11.12554020340878580 ) ) ;
#4665 = CARTESIAN_POINT ( 'NONE',  ( -12.36052807339600257, 14.94665753007561548, 29.09613773530174541 ) ) ;
#4666 = CARTESIAN_POINT ( 'NONE',  ( -13.66597135881250225, 16.27467572552891539, 28.99988140765558597 ) ) ;
#4667 = DIRECTION ( 'NONE',  ( -0.000000000000000000, 0.000000000000000000, 1.000000000000000000 ) ) ;
#4668 = CARTESIAN_POINT ( 'NONE',  ( 6.874121052509869045, -18.00248068614419950, 29.22506247412357183 ) ) ;
#4669 = VECTOR ( 'NONE', #3584, 999.9999999999998863 ) ;
#4670 = ORIENTED_EDGE ( 'NONE', *, *, #8902, .T. ) ;
#4671 = CARTESIAN_POINT ( 'NONE',  ( 19.33655164035172902, 2.482461858527877485, 1.500000000000001332 ) ) ;
#4672 = DIRECTION ( 'NONE',  ( -0.000000000000000000, -0.000000000000000000, 1.000000000000000000 ) ) ;
#4673 = CARTESIAN_POINT ( 'NONE',  ( -22.31198659095688086, -10.04040790171521103, 0.000000000000000000 ) ) ;
#4674 = CARTESIAN_POINT ( 'NONE',  ( 12.13400596829375999, 15.17497075960732644, 28.48885412232619885 ) ) ;
#4675 = ORIENTED_EDGE ( 'NONE', *, *, #10475, .T. ) ;
#4676 = DIRECTION ( 'NONE',  ( 1.026956297778269800E-14, -1.000000000000000000, -0.000000000000000000 ) ) ;
#4677 = VECTOR ( 'NONE', #179, 1000.000000000000000 ) ;
#4678 = EDGE_LOOP ( 'NONE', ( #56, #25, #8639, #6356, #8705, #2006, #407, #1777 ) ) ;
#4679 = CARTESIAN_POINT ( 'NONE',  ( -12.10885279885459020, 15.29120381899672942, 28.49656263493209352 ) ) ;
#4680 = VERTEX_POINT ( 'NONE', #8574 ) ;
#4681 = VERTEX_POINT ( 'NONE', #7767 ) ;
#4682 = ORIENTED_EDGE ( 'NONE', *, *, #583, .T. ) ;
#4683 = CARTESIAN_POINT ( 'NONE',  ( -8.902223503503059021, -20.04040790171520570, 28.19999999999999929 ) ) ;
#4684 = DIRECTION ( 'NONE',  ( -0.5000000000000015543, 0.8660254037844377084, 0.000000000000000000 ) ) ;
#4685 = CARTESIAN_POINT ( 'NONE',  ( 19.17147951449907239, 3.124861832130419792, 28.70617304156213478 ) ) ;
#4686 = ORIENTED_EDGE ( 'NONE', *, *, #10266, .T. ) ;
#4687 = CARTESIAN_POINT ( 'NONE',  ( -31.53065054764246611, -9.604959241666877645, 8.831003358798191982 ) ) ;
#4688 = EDGE_CURVE ( 'NONE', #5402, #8427, #10231, .T. ) ;
#4689 = CARTESIAN_POINT ( 'NONE',  ( 19.30944186539139551, 2.768196044616764162, 28.48370737021051013 ) ) ;
#4690 = ORIENTED_EDGE ( 'NONE', *, *, #2573, .F. ) ;
#4691 = CARTESIAN_POINT ( 'NONE',  ( -12.34372163364822406, 14.97154430986416962, 28.77093538942819251 ) ) ;
#4692 = CARTESIAN_POINT ( 'NONE',  ( -6.866499868635361992, -18.25227194266765807, 28.69369719434011756 ) ) ;
#4693 = ORIENTED_EDGE ( 'NONE', *, *, #9877, .F. ) ;
#4694 = ORIENTED_EDGE ( 'NONE', *, *, #852, .F. ) ;
#4695 = AXIS2_PLACEMENT_3D ( 'NONE', #886, #6415, #9679 ) ;
#4696 = CARTESIAN_POINT ( 'NONE',  ( -35.86949083591573384, -7.015170464835084552, 7.071962365227528302 ) ) ;
#4697 = CARTESIAN_POINT ( 'NONE',  ( -18.88674171395969736, 2.903681543813525057, 29.27205736806222447 ) ) ;
#4698 = CARTESIAN_POINT ( 'NONE',  ( -12.30206208577526361, 14.64621826217201495, 28.35104708541314977 ) ) ;
#4699 = CARTESIAN_POINT ( 'NONE',  ( 19.17312662388074074, 3.172095003251715450, 29.12064670515705345 ) ) ;
#4700 = EDGE_CURVE ( 'NONE', #7831, #5790, #2999, .T. ) ;
#4701 = CARTESIAN_POINT ( 'NONE',  ( -6.995736982745910382, -18.15433512088563361, 28.49763560990099975 ) ) ;
#4702 = CARTESIAN_POINT ( 'NONE',  ( -7.271720502131238995, -18.21997084479419016, 28.49897003589899924 ) ) ;
#4703 = FACE_OUTER_BOUND ( 'NONE', #3506, .T. ) ;
#4704 = CARTESIAN_POINT ( 'NONE',  ( -6.768468815499657509, -18.17036005890414074, 29.09240906841037599 ) ) ;
#4705 = DIRECTION ( 'NONE',  ( 1.000000000000000000, 0.000000000000000000, 0.000000000000000000 ) ) ;
#4706 = FACE_OUTER_BOUND ( 'NONE', #5594, .T. ) ;
#4707 = DIRECTION ( 'NONE',  ( 0.4999999999999985567, 0.8660254037844394848, 0.000000000000000000 ) ) ;
#4708 = VERTEX_POINT ( 'NONE', #4507 ) ;
#4709 = CARTESIAN_POINT ( 'NONE',  ( -19.32267690139441285, 2.738445251998478547, 28.48901515226650716 ) ) ;
#4710 = DIRECTION ( 'NONE',  ( 0.4999999999999966693, 0.8660254037844405950, 0.000000000000000000 ) ) ;
#4711 = AXIS2_PLACEMENT_3D ( 'NONE', #4880, #7238, #5690 ) ;
#4713 = EDGE_CURVE ( 'NONE', #3618, #4092, #2372, .T. ) ;
#4712 = CARTESIAN_POINT ( 'NONE',  ( 19.30663784529882676, 2.858983179416200837, 28.51044625231000751 ) ) ;
#4714 = DIRECTION ( 'NONE',  ( -0.8660254037844381525, -0.5000000000000009992, 0.000000000000000000 ) ) ;
#4715 = CARTESIAN_POINT ( 'NONE',  ( -12.29716072848835395, 14.88567781567499893, 29.09134955568803349 ) ) ;
#4716 = EDGE_CURVE ( 'NONE', #7418, #5648, #523, .T. ) ;
#4717 = LINE ( 'NONE', #5733, #3238 ) ;
#4718 = CARTESIAN_POINT ( 'NONE',  ( -4.763871667686138345, 33.55727799404408529, 8.702439565222878315 ) ) ;
#4719 = CARTESIAN_POINT ( 'NONE',  ( 6.822854647778724413, -18.16728011183006330, 28.84741495713977955 ) ) ;
#4720 = ORIENTED_EDGE ( 'NONE', *, *, #3721, .F. ) ;
#4721 = CARTESIAN_POINT ( 'NONE',  ( 13.49539736716370264, 16.19963783453756179, 28.30000000000000071 ) ) ;
#4722 = CARTESIAN_POINT ( 'NONE',  ( 9.487004469273943030, -19.69045762221243834, 31.90173821473733184 ) ) ;
#4723 = CARTESIAN_POINT ( 'NONE',  ( -19.25938287600989440, 3.125966618925582807, 28.84768442116010334 ) ) ;
#4724 = CARTESIAN_POINT ( 'NONE',  ( 12.22539693034208952, 15.32460372445755681, 28.52698217541171033 ) ) ;
#4725 = DIRECTION ( 'NONE',  ( -0.000000000000000000, -0.000000000000000000, -1.000000000000000000 ) ) ;
#4726 = ORIENTED_EDGE ( 'NONE', *, *, #8449, .F. ) ;
#4727 = CARTESIAN_POINT ( 'NONE',  ( -12.13585266504787086, 15.13658098741480273, 28.47981323205447524 ) ) ;
#4728 = VERTEX_POINT ( 'NONE', #867 ) ;
#4729 = ORIENTED_EDGE ( 'NONE', *, *, #8721, .T. ) ;
#4730 = FACE_OUTER_BOUND ( 'NONE', #8618, .T. ) ;
#4731 = CYLINDRICAL_SURFACE ( 'NONE', #5975, 2.500000000000007994 ) ;
#4732 = CARTESIAN_POINT ( 'NONE',  ( 6.417799734954039437, -18.60157792731002147, 28.91203519401117461 ) ) ;
#4733 = CARTESIAN_POINT ( 'NONE',  ( 19.15801184956614733, 3.111535821182156436, 28.65917711185209882 ) ) ;
#4734 = CIRCLE ( 'NONE', #6613, 0.2000000000000001221 ) ;
#4735 = ORIENTED_EDGE ( 'NONE', *, *, #2933, .F. ) ;
#4736 = CARTESIAN_POINT ( 'NONE',  ( -8.128089905512517532, 15.86656776893783771, 32.00000000000000000 ) ) ;
#4737 = CARTESIAN_POINT ( 'NONE',  ( -33.70525047255586770, -9.091017491296440767, 7.658737216373642909 ) ) ;
#4738 = DIRECTION ( 'NONE',  ( -1.000000000000000000, -1.101697372407250679E-15, 0.000000000000000000 ) ) ;
#4739 = ORIENTED_EDGE ( 'NONE', *, *, #4467, .F. ) ;
#4740 = CARTESIAN_POINT ( 'NONE',  ( -12.32608423398364117, 14.92405998071085804, 28.78364706566537734 ) ) ;
#4741 = CARTESIAN_POINT ( 'NONE',  ( -6.894934983437168263, -18.28815502300689388, 28.67584197086450715 ) ) ;
#4742 = EDGE_CURVE ( 'NONE', #5378, #9002, #3519, .T. ) ;
#4743 = ORIENTED_EDGE ( 'NONE', *, *, #9921, .T. ) ;
#4744 = VERTEX_POINT ( 'NONE', #8151 ) ;
#4745 = TOROIDAL_SURFACE ( 'NONE', #2009, 2.700000000002149125, 0.2000000000000000111 ) ;
#4746 = CARTESIAN_POINT ( 'NONE',  ( -23.77614697052908710, -20.04040790171522701, 11.12554020340933825 ) ) ;
#4747 = CARTESIAN_POINT ( 'NONE',  ( -18.90705484120294955, 2.852428172157969399, 29.30954985359637277 ) ) ;
#4748 = CARTESIAN_POINT ( 'NONE',  ( 20.99539736716371863, 3.209256777770989721, 28.30000000000000071 ) ) ;
#4749 = CARTESIAN_POINT ( 'NONE',  ( 19.18225686421204301, 3.192592407432290891, 29.02114176756240127 ) ) ;
#4750 = B_SPLINE_CURVE_WITH_KNOTS ( 'NONE', 3,
 ( #2837, #310, #8565, #5085 ),
 .UNSPECIFIED., .F., .F.,
 ( 4, 4 ),
 ( 0.000000000000000000, 1.000000000000000000 ),
 .UNSPECIFIED. ) ;
#4751 = CARTESIAN_POINT ( 'NONE',  ( -7.218527179853132303, -18.21165539316043436, 28.49764529064228924 ) ) ;
#4752 = CARTESIAN_POINT ( 'NONE',  ( -10.20222350350324980, -15.24040790171519966, 7.499999999999999112 ) ) ;
#4753 = DIRECTION ( 'NONE',  ( 0.000000000000000000, 1.000000000000000000, 0.000000000000000000 ) ) ;
#4754 = CARTESIAN_POINT ( 'NONE',  ( -6.779569078052723796, -18.25537403046935481, 29.04644933061799250 ) ) ;
#4755 = CARTESIAN_POINT ( 'NONE',  ( -12.16259435245591192, 15.03940131203270525, 29.38599438256589735 ) ) ;
#4756 = DIRECTION ( 'NONE',  ( -1.000000000000000000, 0.000000000000000000, 0.000000000000000000 ) ) ;
#4757 = EDGE_CURVE ( 'NONE', #2517, #7192, #5920, .T. ) ;
#4758 = DIRECTION ( 'NONE',  ( 0.8660254037844389297, -0.4999999999999996114, 0.000000000000000000 ) ) ;
#4759 = CARTESIAN_POINT ( 'NONE',  ( -19.27514405056390956, 2.776176002635335927, 28.47966609071388788 ) ) ;
#4760 = CARTESIAN_POINT ( 'NONE',  ( 28.79318993999364551, -25.04040790171518793, 7.062999827510647144 ) ) ;
#4761 = CARTESIAN_POINT ( 'NONE',  ( 19.36021220138067278, 2.786415038418422085, 28.49780253618816417 ) ) ;
#4762 = LINE ( 'NONE', #7972, #2959 ) ;
#4763 = CIRCLE ( 'NONE', #6475, 0.2000000000000005107 ) ;
#4764 = CARTESIAN_POINT ( 'NONE',  ( -12.35452154799417279, 14.94928247593817261, 29.12059104026121048 ) ) ;
#4765 = CYLINDRICAL_SURFACE ( 'NONE', #503, 2.500000000002149836 ) ;
#4766 = CARTESIAN_POINT ( 'NONE',  ( -4.840482408649593005, 34.06446945099828127, 8.384201043546370968 ) ) ;
#4767 = CARTESIAN_POINT ( 'NONE',  ( 7.030896022149705438, -18.27058066742082332, 28.62576886748789917 ) ) ;
#4768 = CIRCLE ( 'NONE', #2729, 0.1999999999999999833 ) ;
#4769 = ADVANCED_FACE ( 'NONE', ( #5748 ), #7246, .F. ) ;
#4770 = ORIENTED_EDGE ( 'NONE', *, *, #123, .F. ) ;
#4771 = LINE ( 'NONE', #8140, #828 ) ;
#4772 = CIRCLE ( 'NONE', #1185, 2.500000000000002220 ) ;
#4773 = CARTESIAN_POINT ( 'NONE',  ( 12.35899955303114339, 18.39010039627978443, 32.00000000000000000 ) ) ;
#4774 = CARTESIAN_POINT ( 'NONE',  ( 26.26434344077435057, -34.83362741562999787, 0.000000000000000000 ) ) ;
#4775 = CARTESIAN_POINT ( 'NONE',  ( 12.18207536999584484, 14.81114906203997705, 29.09509446077783679 ) ) ;
#4776 = CARTESIAN_POINT ( 'NONE',  ( 28.79318993999364551, -25.04040790171518793, 7.062999827510647144 ) ) ;
#4777 = CIRCLE ( 'NONE', #4263, 1.099999999999998757 ) ;
#4778 = ORIENTED_EDGE ( 'NONE', *, *, #2060, .T. ) ;
#4779 = CARTESIAN_POINT ( 'NONE',  ( -12.08931322065783220, 15.34735938788666765, 28.49792388183713143 ) ) ;
#4780 = EDGE_CURVE ( 'NONE', #3560, #933, #157, .T. ) ;
#4781 = CIRCLE ( 'NONE', #5302, 1.099999999999999867 ) ;
#4782 = EDGE_CURVE ( 'NONE', #6182, #3620, #1566, .T. ) ;
#4783 = ORIENTED_EDGE ( 'NONE', *, *, #4556, .T. ) ;
#4784 = ORIENTED_EDGE ( 'NONE', *, *, #5537, .T. ) ;
#4785 = CARTESIAN_POINT ( 'NONE',  ( -16.99147851343124316, 43.06410000294339824, 7.000000000000000000 ) ) ;
#4786 = DIRECTION ( 'NONE',  ( -1.101697372407250679E-15, 1.000000000000000000, 0.000000000000000000 ) ) ;
#4787 = CIRCLE ( 'NONE', #6166, 0.2000000000000000944 ) ;
#4788 = FACE_OUTER_BOUND ( 'NONE', #1358, .T. ) ;
#4789 = CARTESIAN_POINT ( 'NONE',  ( 17.96302230515171772, -1.138515547219417723, 32.00000000000000000 ) ) ;
#4790 = VERTEX_POINT ( 'NONE', #69 ) ;
#4791 = CARTESIAN_POINT ( 'NONE',  ( 18.75427503561593312, -2.509005478011036683, 28.19999999999999929 ) ) ;
#4792 = EDGE_CURVE ( 'NONE', #5808, #4940, #1726, .T. ) ;
#4793 = CARTESIAN_POINT ( 'NONE',  ( -18.73815267045865696, 3.606227043879003169, 28.79813148509208887 ) ) ;
#4794 = FACE_BOUND ( 'NONE', #3413, .T. ) ;
#4795 = ORIENTED_EDGE ( 'NONE', *, *, #6604, .T. ) ;
#4796 = CARTESIAN_POINT ( 'NONE',  ( -12.36619872163791811, 14.97972378332902998, 28.80363121401236626 ) ) ;
#4797 = CARTESIAN_POINT ( 'NONE',  ( -6.842677895884583528, -18.29424651169422589, 28.75306886236943882 ) ) ;
#4798 = EDGE_CURVE ( 'NONE', #9837, #4956, #3066, .T. ) ;
#4799 = TOROIDAL_SURFACE ( 'NONE', #6508, 1.300000000000000266, 0.2000000000000000111 ) ;
#4800 = ORIENTED_EDGE ( 'NONE', *, *, #7981, .F. ) ;
#4801 = ORIENTED_EDGE ( 'NONE', *, *, #3514, .T. ) ;
#4802 = DIRECTION ( 'NONE',  ( 0.8660254037844389297, -0.4999999999999996114, 0.000000000000000000 ) ) ;
#4803 = CARTESIAN_POINT ( 'NONE',  ( -18.83598213289894119, 2.849955489100603589, 29.28335452572304831 ) ) ;
#4804 = LINE ( 'NONE', #8763, #3235 ) ;
#4805 = CARTESIAN_POINT ( 'NONE',  ( 19.02816448963595519, 3.166055854729220798, 29.01522484076289388 ) ) ;
#4806 = CARTESIAN_POINT ( 'NONE',  ( -7.149898546714948289, -18.16940572429147593, 28.48800300543778619 ) ) ;
#4807 = CARTESIAN_POINT ( 'NONE',  ( -35.86949083591573384, -7.015170464835084552, 0.000000000000000000 ) ) ;
#4808 = CARTESIAN_POINT ( 'NONE',  ( 36.86621104238447089, -5.762728654645517423, 7.000000000000000000 ) ) ;
#4809 = CARTESIAN_POINT ( 'NONE',  ( -6.758523636869226969, -18.18457036140846839, 29.02176748229627989 ) ) ;
#4810 = CARTESIAN_POINT ( 'NONE',  ( -12.15389757539204751, 14.92501010678182283, 29.31356504545238906 ) ) ;
#4811 = CARTESIAN_POINT ( 'NONE',  ( -12.03340901608239477, 18.70235664966114086, 28.19999999999999929 ) ) ;
#4812 = CARTESIAN_POINT ( 'NONE',  ( -19.27704566157236954, 2.755416374174712413, 28.47323490914099153 ) ) ;
#4813 = CARTESIAN_POINT ( 'NONE',  ( 19.01472458305212498, 2.932916714098611877, 29.35091203847200703 ) ) ;
#4814 = CARTESIAN_POINT ( 'NONE',  ( 19.41409321983492831, 2.753919772946478162, 28.49996611647307887 ) ) ;
#4815 = DIRECTION ( 'NONE',  ( -1.101697372407250679E-15, 1.000000000000000000, 0.000000000000000000 ) ) ;
#4816 = DIRECTION ( 'NONE',  ( -1.000000000000000000, 0.000000000000000000, 0.000000000000000000 ) ) ;
#4817 = CARTESIAN_POINT ( 'NONE',  ( 13.76500476912356241, 15.98878016865822005, 29.05794925098958004 ) ) ;
#4818 = CARTESIAN_POINT ( 'NONE',  ( 1.214615306565984409E-14, 38.06410000294339113, 7.000000000000000000 ) ) ;
#4819 = EDGE_CURVE ( 'NONE', #1994, #3615, #8966, .T. ) ;
#4820 = CARTESIAN_POINT ( 'NONE',  ( 6.058393447328815462, 37.74051508234915531, 7.072989882928273353 ) ) ;
#4821 = VERTEX_POINT ( 'NONE', #4144 ) ;
#4822 = FACE_OUTER_BOUND ( 'NONE', #2387, .T. ) ;
#4823 = ADVANCED_BREP_SHAPE_REPRESENTATION ( '\X2\673a5934684667b665397248\X0\', ( #1542, #2028 ), #6637 ) ;
#4824 = CARTESIAN_POINT ( 'NONE',  ( 26.57907463133098602, -20.88545845600585693, 8.813566196670853614 ) ) ;
#4825 = FACE_OUTER_BOUND ( 'NONE', #705, .T. ) ;
#4826 = CARTESIAN_POINT ( 'NONE',  ( -19.28406296724679692, 2.944087024046246448, 29.39307649821621737 ) ) ;
#4827 = CARTESIAN_POINT ( 'NONE',  ( 12.20424960946911241, 14.97728991697706213, 29.25094659965794719 ) ) ;
#4828 = EDGE_CURVE ( 'NONE', #5856, #4020, #5908, .T. ) ;
#4829 = CARTESIAN_POINT ( 'NONE',  ( 28.48076211353466647, -14.99999999999999467, 5.000000000000000000 ) ) ;
#4830 = ORIENTED_EDGE ( 'NONE', *, *, #4922, .F. ) ;
#4831 = CARTESIAN_POINT ( 'NONE',  ( 56.99033417765470233, 48.46410000294404341, 3.500000000000000444 ) ) ;
#4832 = AXIS2_PLACEMENT_3D ( 'NONE', #9169, #3435, #5098 ) ;
#4833 = VERTEX_POINT ( 'NONE', #6598 ) ;
#4834 = ORIENTED_EDGE ( 'NONE', *, *, #1776, .T. ) ;
#4835 = CARTESIAN_POINT ( 'NONE',  ( 17.30940205453818947, 9.993587935699117963, 38.50000000000000000 ) ) ;
#4836 = CARTESIAN_POINT ( 'NONE',  ( 8.027480116372956331, 16.47034832448947128, 28.20000000000000284 ) ) ;
#4837 = AXIS2_PLACEMENT_3D ( 'NONE', #10444, #8986, #4920 ) ;
#4838 = EDGE_CURVE ( 'NONE', #10177, #8047, #3230, .T. ) ;
#4839 = FACE_OUTER_BOUND ( 'NONE', #8271, .T. ) ;
#4840 = ORIENTED_EDGE ( 'NONE', *, *, #4399, .F. ) ;
#4841 = CARTESIAN_POINT ( 'NONE',  ( 34.63192417236321319, -8.514225120427632021, 7.349481895661688746 ) ) ;
#4842 = EDGE_CURVE ( 'NONE', #7192, #2517, #6324, .T. ) ;
#4843 = CARTESIAN_POINT ( 'NONE',  ( 17.00852148289529708, 55.26410000294389846, 7.000000000000000000 ) ) ;
#4844 = DIRECTION ( 'NONE',  ( 0.5000000000000006661, -0.8660254037844381525, 0.000000000000000000 ) ) ;
#4845 = ORIENTED_EDGE ( 'NONE', *, *, #4137, .T. ) ;
#4846 = EDGE_CURVE ( 'NONE', #6023, #2209, #9400, .T. ) ;
#4847 = CARTESIAN_POINT ( 'NONE',  ( -12.32590474831773086, 15.01946726233767393, 28.69369719434014954 ) ) ;
#4848 = VECTOR ( 'NONE', #3654, 1000.000000000000000 ) ;
#4849 = CARTESIAN_POINT ( 'NONE',  ( -6.831753530811419672, -18.21865123407107845, 28.70617304156217386 ) ) ;
#4850 = CIRCLE ( 'NONE', #4513, 1.299999999999999156 ) ;
#4851 = ORIENTED_EDGE ( 'NONE', *, *, #4291, .F. ) ;
#4852 = VERTEX_POINT ( 'NONE', #4197 ) ;
#4853 = AXIS2_PLACEMENT_3D ( 'NONE', #9963, #1821, #4452 ) ;
#4854 = CARTESIAN_POINT ( 'NONE',  ( -18.91195264186268687, 3.028120702146471555, 29.16485592912049185 ) ) ;
#4855 = CARTESIAN_POINT ( 'NONE',  ( -19.05519912153394557, 2.919935695228812911, 29.32166465760535701 ) ) ;
#4856 = CARTESIAN_POINT ( 'NONE',  ( -12.68340901608232407, 17.57652362474149754, 7.499999999999999112 ) ) ;
#4857 = CARTESIAN_POINT ( 'NONE',  ( 19.14734481673338351, 3.178062316997344094, 29.04662282448834532 ) ) ;
#4858 = CARTESIAN_POINT ( 'NONE',  ( -7.226667776279995792, -18.24880039929303166, 28.50077200402963840 ) ) ;
#4859 = CARTESIAN_POINT ( 'NONE',  ( 8.182883192314079679, 15.97901849125258167, 32.00000000000000000 ) ) ;
#4860 = CARTESIAN_POINT ( 'NONE',  ( -11.50222350350325051, -15.24040790171520143, 7.499999999999999112 ) ) ;
#4861 = CARTESIAN_POINT ( 'NONE',  ( -6.780592928370190009, -18.21578613236129840, 29.09529719817775728 ) ) ;
#4862 = CARTESIAN_POINT ( 'NONE',  ( -12.16366744907231379, 14.79301083477380452, 29.19071410177017967 ) ) ;
#4863 = ORIENTED_EDGE ( 'NONE', *, *, #6945, .F. ) ;
#4864 = CIRCLE ( 'NONE', #6754, 0.2000000000000005107 ) ;
#4865 = CARTESIAN_POINT ( 'NONE',  ( -21.64211360987907540, -7.540407901715211914, 32.00000000000000000 ) ) ;
#4866 = DIRECTION ( 'NONE',  ( 0.4999999999999976130, -0.8660254037844400399, 0.000000000000000000 ) ) ;
#4867 = CARTESIAN_POINT ( 'NONE',  ( -19.41822626960350107, 2.746333050560874511, 28.50277806718720086 ) ) ;
#4868 = CARTESIAN_POINT ( 'NONE',  ( 18.98388303353581463, 2.931642603349251086, 29.34001737708811319 ) ) ;
#4869 = DIRECTION ( 'NONE',  ( -1.000000000000000000, 5.204170427930430118E-14, 0.000000000000000000 ) ) ;
#4870 = DIRECTION ( 'NONE',  ( -1.000000000000000000, 0.000000000000000000, 0.000000000000000000 ) ) ;
#4871 = CARTESIAN_POINT ( 'NONE',  ( 13.78590611793189424, 16.09646191816373317, 28.87528924125925300 ) ) ;
#4872 = DIRECTION ( 'NONE',  ( 0.000000000000000000, 0.000000000000000000, 1.000000000000000000 ) ) ;
#4873 = CARTESIAN_POINT ( 'NONE',  ( 6.906677144995104101, -17.87582411456099507, 29.27231237346811810 ) ) ;
#4874 = EDGE_CURVE ( 'NONE', #5338, #6182, #8879, .T. ) ;
#4875 = EDGE_LOOP ( 'NONE', ( #1329, #4900, #804, #4147 ) ) ;
#4876 = CIRCLE ( 'NONE', #1458, 0.2000000000000005107 ) ;
#4877 = CARTESIAN_POINT ( 'NONE',  ( -9.699017848312211143, -15.04040790171520747, 32.00000000000000000 ) ) ;
#4878 = CARTESIAN_POINT ( 'NONE',  ( 28.58793355676264270, -23.57551288526595101, 7.285201464836519314 ) ) ;
#4879 = CARTESIAN_POINT ( 'NONE',  ( 7.204275035615989253, 17.49618134940936187, 7.500000000000001776 ) ) ;
#4880 = CARTESIAN_POINT ( 'NONE',  ( 0.04777649649679776428, -20.04040790171519149, 38.50000000000000000 ) ) ;
#4881 = CARTESIAN_POINT ( 'NONE',  ( 12.31948591682271932, 14.98802930860542126, 28.84932547940521275 ) ) ;
#4882 =( BOUNDED_SURFACE ( )  B_SPLINE_SURFACE ( 3, 2, ( 
 ( #3313, #6428, #6476 ),
 ( #4124, #2354, #2408 ),
 ( #1760, #9098, #4068 ),
 ( #8080, #8239, #6579 ),
 ( #9742, #3260, #9042 ),
 ( #1711, #1654, #4977 ),
 ( #9795, #9845, #2461 ),
 ( #8888, #7331, #955 ) ),
 .UNSPECIFIED., .F., .F., .T. ) 
 B_SPLINE_SURFACE_WITH_KNOTS ( ( 4, 2, 2, 4 ),
 ( 3, 3 ),
 ( 0.003954194195918617552, 0.004469247728347630448, 0.004726774494562137330, 0.004984301260776643344 ),
 ( 0.000000000000000000, 1.000000000000000000 ),
 .UNSPECIFIED. ) 
 GEOMETRIC_REPRESENTATION_ITEM ( )  RATIONAL_B_SPLINE_SURFACE ( (
 ( 1.000000000000000000, 0.7071067811865463515, 1.000000000000000000),
 ( 1.000000000000000000, 0.6677166954306850144, 1.000000000000000000),
 ( 1.000000000000000000, 0.6255915727584253627, 1.000000000000000000),
 ( 1.000000000000000000, 0.5556748121980040755, 1.000000000000000000),
 ( 1.000000000000000000, 0.5309942116908799026, 1.000000000000000000),
 ( 1.000000000000000000, 0.4799022540172993012, 1.000000000000000000),
 ( 1.000000000000000000, 0.4535480836118755965, 1.000000000000000000),
 ( 1.000000000000000000, 0.4272829444670503407, 1.000000000000000000) ) ) 
 REPRESENTATION_ITEM ( '' )  SURFACE ( )  );
#4883 = EDGE_LOOP ( 'NONE', ( #7018, #2940, #2057, #6025 ) ) ;
#4884 = CARTESIAN_POINT ( 'NONE',  ( 19.50975672110861225, 2.582461858527874909, 1.700000000000001510 ) ) ;
#4885 = AXIS2_PLACEMENT_3D ( 'NONE', #2689, #9216, #8470 ) ;
#4886 = VERTEX_POINT ( 'NONE', #3982 ) ;
#4887 = ORIENTED_EDGE ( 'NONE', *, *, #5152, .T. ) ;
#4888 = CARTESIAN_POINT ( 'NONE',  ( -4.807364208524528060, 32.17380235030218216, 9.720088432553174229 ) ) ;
#4889 = EDGE_CURVE ( 'NONE', #8979, #3107, #9571, .T. ) ;
#4890 = DIRECTION ( 'NONE',  ( -1.000000000000000000, 0.000000000000000000, 0.000000000000000000 ) ) ;
#4891 = PLANE ( 'NONE',  #8596 ) ;
#4892 = ORIENTED_EDGE ( 'NONE', *, *, #9101, .F. ) ;
#4893 = CARTESIAN_POINT ( 'NONE',  ( 35.88653380537866155, -7.015170464834575625, 7.071962365227624225 ) ) ;
#4894 = CARTESIAN_POINT ( 'NONE',  ( -19.19361655992886284, 2.824640338404977857, 28.44610173068902981 ) ) ;
#4895 = CARTESIAN_POINT ( 'NONE',  ( 6.927409620440186266, -20.04040790171518083, 28.76562486002083929 ) ) ;
#4896 = ORIENTED_EDGE ( 'NONE', *, *, #2035, .F. ) ;
#4897 = CARTESIAN_POINT ( 'NONE',  ( -12.27316684132987135, 15.12281710973566717, 28.58811065428012910 ) ) ;
#4898 = CARTESIAN_POINT ( 'NONE',  ( -6.972942937820474363, -18.25035007948602228, 28.59087178075879265 ) ) ;
#4899 = ORIENTED_EDGE ( 'NONE', *, *, #5259, .T. ) ;
#4900 = ORIENTED_EDGE ( 'NONE', *, *, #7231, .T. ) ;
#4901 = CARTESIAN_POINT ( 'NONE',  ( -19.26422716958898818, 2.578212227496333053, 28.99837095140253851 ) ) ;
#4902 = EDGE_CURVE ( 'NONE', #9423, #1808, #3939, .T. ) ;
#4903 = CARTESIAN_POINT ( 'NONE',  ( -19.03760394906929676, 3.003226006628047173, 29.23763269665435516 ) ) ;
#4904 = DIRECTION ( 'NONE',  ( -0.000000000000000000, -0.000000000000000000, -1.000000000000000000 ) ) ;
#4905 = CARTESIAN_POINT ( 'NONE',  ( 19.13714882261146144, 3.177922509360719960, 29.02206524164940049 ) ) ;
#4906 = CARTESIAN_POINT ( 'NONE',  ( -7.274305630064776373, -18.23952769826237486, 28.49996611647303979 ) ) ;
#4907 = CARTESIAN_POINT ( 'NONE',  ( -9.699017848312932344, 55.26510000294449299, 31.50000000000000000 ) ) ;
#4908 = CARTESIAN_POINT ( 'NONE',  ( -12.29643782884577341, 14.82555813240274567, 28.94811733839762979 ) ) ;
#4909 = CARTESIAN_POINT ( 'NONE',  ( -6.778803203838637437, -18.26843802406563100, 28.94535135870509990 ) ) ;
#4910 = CARTESIAN_POINT ( 'NONE',  ( -12.30120755491187978, 14.95713915004562367, 29.23759443213972276 ) ) ;
#4911 = VECTOR ( 'NONE', #825, 1000.000000000000000 ) ;
#4912 = EDGE_CURVE ( 'NONE', #562, #9496, #1355, .T. ) ;
#4913 = EDGE_LOOP ( 'NONE', ( #9230, #2954, #6510, #10099, #2964 ) ) ;
#4914 = CARTESIAN_POINT ( 'NONE',  ( -12.26084307534190643, 15.11008447348555883, 29.39530974698588395 ) ) ;
#4915 = CARTESIAN_POINT ( 'NONE',  ( 12.10975672110860302, 15.39963783453756285, 0.000000000000000000 ) ) ;
#4916 = CARTESIAN_POINT ( 'NONE',  ( -19.48676629507740898, 2.705374392387403848, 28.49722743539490466 ) ) ;
#4917 = CARTESIAN_POINT ( 'NONE',  ( 25.98928359826505030, -5.040407901715162176, 17.00000000000000000 ) ) ;
#4918 = CARTESIAN_POINT ( 'NONE',  ( -6.977955932779752679, -18.27957515235760155, 29.39565576978506911 ) ) ;
#4919 = CIRCLE ( 'NONE', #4581, 11.99999999999999822 ) ;
#4920 = DIRECTION ( 'NONE',  ( 0.000000000000000000, -0.5819559853448693643, 0.8132202844993984270 ) ) ;
#4921 = DIRECTION ( 'NONE',  ( 1.000000000000000000, 0.000000000000000000, 0.000000000000000000 ) ) ;
#4922 = EDGE_CURVE ( 'NONE', #8568, #3387, #4585, .T. ) ;
#4923 = DIRECTION ( 'NONE',  ( -1.000000000000000000, -1.011922027653137577E-14, 0.000000000000000000 ) ) ;
#4924 = CARTESIAN_POINT ( 'NONE',  ( -11.95370281804891022, 14.42503630980442075, 29.07110049020090159 ) ) ;
#4925 = CARTESIAN_POINT ( 'NONE',  ( 4.549167198992098093, 35.57839618072302557, 7.715071652226654919 ) ) ;
#4926 = AXIS2_PLACEMENT_3D ( 'NONE', #578, #2137, #3753 ) ;
#4927 = ORIENTED_EDGE ( 'NONE', *, *, #1643, .F. ) ;
#4928 = CARTESIAN_POINT ( 'NONE',  ( -10.20222350350324980, -15.04040790171520214, 7.499999999999999112 ) ) ;
#4929 = CARTESIAN_POINT ( 'NONE',  ( 25.78721608615209604, -20.44587104698904767, 9.471964074332937855 ) ) ;
#4930 = CARTESIAN_POINT ( 'NONE',  ( -7.226487077917066237, 17.42818967458093127, 28.19999999999999929 ) ) ;
#4931 = CARTESIAN_POINT ( 'NONE',  ( 19.21796907114892861, 3.111580975184707665, 28.69369719434010335 ) ) ;
#4932 = CARTESIAN_POINT ( 'NONE',  ( 12.07777996323900638, 14.80641996455111098, 29.20317287724273925 ) ) ;
#4933 = CIRCLE ( 'NONE', #1682, 1.099999999999998757 ) ;
#4934 = ORIENTED_EDGE ( 'NONE', *, *, #211, .F. ) ;
#4935 = CARTESIAN_POINT ( 'NONE',  ( 20.89539736716372076, 3.382461858527878729, 28.50000000000000000 ) ) ;
#4936 = AXIS2_PLACEMENT_3D ( 'NONE', #500, #3013, #9397 ) ;
#4937 = CIRCLE ( 'NONE', #5634, 2.500000000001501022 ) ;
#4938 = EDGE_LOOP ( 'NONE', ( #8164, #10414, #3801, #3967 ) ) ;
#4939 = AXIS2_PLACEMENT_3D ( 'NONE', #6289, #5489, #7992 ) ;
#4940 = VERTEX_POINT ( 'NONE', #5437 ) ;
#4941 = CARTESIAN_POINT ( 'NONE',  ( 8.997776496496610932, -15.24040790171518722, 28.20000000000000284 ) ) ;
#4942 = DIRECTION ( 'NONE',  ( -0.8660254037844381525, -0.5000000000000009992, 0.000000000000000000 ) ) ;
#4943 = DIRECTION ( 'NONE',  ( 1.101697372407250679E-15, -1.000000000000000000, -0.000000000000000000 ) ) ;
#4944 = AXIS2_PLACEMENT_3D ( 'NONE', #1272, #6102, #9311 ) ;
#4945 = ORIENTED_EDGE ( 'NONE', *, *, #8668, .F. ) ;
#4946 = CARTESIAN_POINT ( 'NONE',  ( 35.59176845552796209, -7.499349878259658375, 7.120672113044726359 ) ) ;
#4947 = AXIS2_PLACEMENT_3D ( 'NONE', #9775, #5717, #8970 ) ;
#4948 = DIRECTION ( 'NONE',  ( -0.000000000000000000, -0.000000000000000000, -1.000000000000000000 ) ) ;
#4949 = AXIS2_PLACEMENT_3D ( 'NONE', #4835, #1670, #9923 ) ;
#4950 = FACE_BOUND ( 'NONE', #3986, .T. ) ;
#4951 = EDGE_LOOP ( 'NONE', ( #1905, #5164, #6184, #4934 ) ) ;
#4952 = CARTESIAN_POINT ( 'NONE',  ( -12.33603043370521490, 15.04770818489825324, 28.68220484227254019 ) ) ;
#4953 = CARTESIAN_POINT ( 'NONE',  ( -7.042617078017886278, -18.25077008162125125, 28.55555175221971709 ) ) ;
#4954 = EDGE_CURVE ( 'NONE', #2367, #3828, #8197, .T. ) ;
#4955 = CIRCLE ( 'NONE', #1018, 11.49999999999999822 ) ;
#4956 = VERTEX_POINT ( 'NONE', #3782 ) ;
#4957 = ORIENTED_EDGE ( 'NONE', *, *, #3336, .F. ) ;
#4958 = AXIS2_PLACEMENT_3D ( 'NONE', #244, #3677, #5385 ) ;
#4959 = DIRECTION ( 'NONE',  ( -1.000000000000000000, 0.000000000000000000, 0.000000000000000000 ) ) ;
#4960 = DIRECTION ( 'NONE',  ( 0.000000000000000000, 0.000000000000000000, 1.000000000000000000 ) ) ;
#4961 = CARTESIAN_POINT ( 'NONE',  ( -17.31198659095687375, -10.04040790171521103, 6.999999999999999112 ) ) ;
#4962 = CARTESIAN_POINT ( 'NONE',  ( 19.24618435982084819, 3.213519616731482120, 29.09653242434187348 ) ) ;
#4963 = CARTESIAN_POINT ( 'NONE',  ( 37.32902956042066478, -10.04040790171517195, 17.00000000000000000 ) ) ;
#4964 = DIRECTION ( 'NONE',  ( -0.000000000000000000, -0.000000000000000000, -1.000000000000000000 ) ) ;
#4965 = ADVANCED_FACE ( 'NONE', ( #8056 ), #2969, .F. ) ;
#4966 = CARTESIAN_POINT ( 'NONE',  ( -12.38154829445626781, 14.95317092281976556, 29.04630179860813755 ) ) ;
#4967 = CARTESIAN_POINT ( 'NONE',  ( -6.765678095524124025, -18.21996942985370893, 28.94929195694549406 ) ) ;
#4968 = CARTESIAN_POINT ( 'NONE',  ( -12.31755758081659557, 14.97028277982604827, 29.23969341549866385 ) ) ;
#4969 = EDGE_LOOP ( 'NONE', ( #5900, #6757, #1794, #9824, #3545, #2262, #6019, #10097, #2976, #8695, #10243, #4206, #9116, #4435, #1099, #4485, #9284, #866, #40, #5059 ) ) ;
#4970 = CARTESIAN_POINT ( 'NONE',  ( -22.28340901608224200, 0.9488358720803822255, 28.20000000000000284 ) ) ;
#4971 = DIRECTION ( 'NONE',  ( 1.000000000000000000, 0.000000000000000000, 0.000000000000000000 ) ) ;
#4972 = CARTESIAN_POINT ( 'NONE',  ( -19.24593470035010156, 2.935271933252305843, 28.56262818644223245 ) ) ;
#4973 = CARTESIAN_POINT ( 'NONE',  ( 19.13671001011871553, 2.955064836665242112, 29.38291696148482401 ) ) ;
#4974 = CARTESIAN_POINT ( 'NONE',  ( -6.978036590880987156, -18.30671626598151391, 29.39571801506353310 ) ) ;
#4975 = EDGE_CURVE ( 'NONE', #5713, #1459, #4117, .T. ) ;
#4976 = DIRECTION ( 'NONE',  ( 1.000000000000000000, 1.040834085586084848E-15, 0.000000000000000000 ) ) ;
#4977 = CARTESIAN_POINT ( 'NONE',  ( 11.93255359848870611, 14.65616004373172743, 29.17195843181758619 ) ) ;
#4978 = CARTESIAN_POINT ( 'NONE',  ( -6.893904766848671706, -18.13106150147218187, 29.33101325149514693 ) ) ;
#4979 = CYLINDRICAL_SURFACE ( 'NONE', #8227, 0.2000000000000005107 ) ;
#4980 = EDGE_CURVE ( 'NONE', #9496, #5775, #10426, .T. ) ;
#4981 = CARTESIAN_POINT ( 'NONE',  ( 7.032831015023228716, -18.22037825007885559, 29.36649765734916073 ) ) ;
#4982 = CARTESIAN_POINT ( 'NONE',  ( -17.31198659095685954, -20.04040790171521280, 32.00000000000000000 ) ) ;
#4983 = EDGE_LOOP ( 'NONE', ( #9105, #10591, #5287, #7189 ) ) ;
#4984 = ADVANCED_FACE ( 'NONE', ( #3078 ), #9608, .T. ) ;
#4985 = FACE_OUTER_BOUND ( 'NONE', #4591, .T. ) ;
#4986 = LINE ( 'NONE', #1718, #806 ) ;
#4987 = LINE ( 'NONE', #8996, #8978 ) ;
#4988 = CARTESIAN_POINT ( 'NONE',  ( 19.24524318485331165, 3.082408796040523757, 28.65413909972487261 ) ) ;
#4989 = CARTESIAN_POINT ( 'NONE',  ( 12.34142212104629266, 14.99474144671217601, 28.98725942773848629 ) ) ;
#4990 = ORIENTED_EDGE ( 'NONE', *, *, #9785, .F. ) ;
#4991 = CARTESIAN_POINT ( 'NONE',  ( 12.38141728346768744, 15.06854161642181111, 28.82829412026010019 ) ) ;
#4992 = ORIENTED_EDGE ( 'NONE', *, *, #660, .T. ) ;
#4993 = EDGE_LOOP ( 'NONE', ( #8700, #1146, #114, #3067, #2370 ) ) ;
#4994 = DIRECTION ( 'NONE',  ( -1.101697372407250679E-15, 1.000000000000000000, 0.000000000000000000 ) ) ;
#4995 = DIRECTION ( 'NONE',  ( 0.000000000000000000, 0.000000000000000000, 1.000000000000000000 ) ) ;
#4996 = DIRECTION ( 'NONE',  ( 0.000000000000000000, 0.000000000000000000, 1.000000000000000000 ) ) ;
#4997 = EDGE_LOOP ( 'NONE', ( #1934, #7152, #5820, #5517 ) ) ;
#4998 = CARTESIAN_POINT ( 'NONE',  ( 30.45394043093397940, -9.492202639350718840, 9.722095732789293621 ) ) ;
#4999 = CIRCLE ( 'NONE', #547, 0.5000000000000007772 ) ;
#5000 = CARTESIAN_POINT ( 'NONE',  ( -11.50222350350305689, -20.04040790171520570, 28.19999999999999929 ) ) ;
#5001 = ORIENTED_EDGE ( 'NONE', *, *, #8769, .F. ) ;
#5002 = CARTESIAN_POINT ( 'NONE',  ( -12.32877837244445551, 15.09828098271322894, 28.63700367107706057 ) ) ;
#5003 = CARTESIAN_POINT ( 'NONE',  ( -6.928039834201683789, -18.21609828029892597, 28.59799519787826227 ) ) ;
#5004 = VERTEX_POINT ( 'NONE', #5000 ) ;
#5005 = ORIENTED_EDGE ( 'NONE', *, *, #7915, .F. ) ;
#5006 = VECTOR ( 'NONE', #3690, 1000.000000000000000 ) ;
#5007 = ADVANCED_FACE ( 'NONE', ( #9869 ), #5057, .F. ) ;
#5008 = DIRECTION ( 'NONE',  ( -0.8660254037844413721, 0.4999999999999951705, -0.000000000000000000 ) ) ;
#5009 = DIRECTION ( 'NONE',  ( 0.000000000000000000, -0.000000000000000000, -1.000000000000000000 ) ) ;
#5010 = CYLINDRICAL_SURFACE ( 'NONE', #1708, 0.2000000000000001221 ) ;
#5011 = CARTESIAN_POINT ( 'NONE',  ( 19.22897101824922572, 3.212847695852777186, 28.94292798232859809 ) ) ;
#5012 = EDGE_CURVE ( 'NONE', #68, #4156, #9081, .T. ) ;
#5013 = VECTOR ( 'NONE', #3248, 1000.000000000000114 ) ;
#5014 = CARTESIAN_POINT ( 'NONE',  ( -7.274024352209829125, -18.23044294853960068, 28.49986057051335564 ) ) ;
#5015 = DIRECTION ( 'NONE',  ( -0.000000000000000000, -0.000000000000000000, -1.000000000000000000 ) ) ;
#5016 = ORIENTED_EDGE ( 'NONE', *, *, #9210, .T. ) ;
#5017 = CARTESIAN_POINT ( 'NONE',  ( -12.37205663045009985, 14.94573403322314320, 29.04644933061798540 ) ) ;
#5018 = VECTOR ( 'NONE', #3061, 1000.000000000000000 ) ;
#5019 = CARTESIAN_POINT ( 'NONE',  ( -6.736275072289703125, -18.16471880662593819, 28.90779605067617197 ) ) ;
#5020 = CARTESIAN_POINT ( 'NONE',  ( -12.22227709884442248, 14.99552764425675733, 29.33378156876430509 ) ) ;
#5021 = AXIS2_PLACEMENT_3D ( 'NONE', #4398, #4290, #263 ) ;
#5022 = ORIENTED_EDGE ( 'NONE', *, *, #4700, .T. ) ;
#5023 = CARTESIAN_POINT ( 'NONE',  ( -12.20415385230890060, 15.07353655313958107, 29.39275911490831206 ) ) ;
#5025 = ADVANCED_FACE ( 'NONE', ( #1573, #180 ), #815, .F. ) ;
#5024 = CARTESIAN_POINT ( 'NONE',  ( -22.37517434729721089, 1.189893656042682935, 32.00000000000000000 ) ) ;
#5026 = CARTESIAN_POINT ( 'NONE',  ( -19.34510570353154435, 2.861187559879490916, 28.53419611388884647 ) ) ;
#5027 = CARTESIAN_POINT ( 'NONE',  ( 19.29045031665868848, 3.024634033826586688, 29.39571968233660471 ) ) ;
#5028 = EDGE_CURVE ( 'NONE', #6987, #1005, #495, .T. ) ;
#5029 = CARTESIAN_POINT ( 'NONE',  ( 19.30805332577329736, 2.767811800260103094, 28.48335828976519224 ) ) ;
#5030 = DIRECTION ( 'NONE',  ( -1.000000000000000000, 0.000000000000000000, -0.000000000000000000 ) ) ;
#5031 = DIRECTION ( 'NONE',  ( 0.8660254037844389297, -0.4999999999999996114, 0.000000000000000000 ) ) ;
#5032 = B_SPLINE_CURVE_WITH_KNOTS ( 'NONE', 3,
 ( #1124, #10013, #5244, #1173, #4448, #312, #5142, #8462, #3531, #1070 ),
 .UNSPECIFIED., .F., .F.,
 ( 4, 2, 2, 2, 4 ),
 ( 0.000000000000000000, 0.2500000000000000000, 0.5000000000000000000, 0.7500000000000000000, 1.000000000000000000 ),
 .UNSPECIFIED. ) ;
#5033 = CARTESIAN_POINT ( 'NONE',  ( -6.902062188155522193, -18.18917139472755906, 29.33714389456462612 ) ) ;
#5034 = CARTESIAN_POINT ( 'NONE',  ( 12.01119697378132045, 18.77034832448961410, 7.500000000000001776 ) ) ;
#5035 = ORIENTED_EDGE ( 'NONE', *, *, #1243, .F. ) ;
#5036 = CARTESIAN_POINT ( 'NONE',  ( -40.24750315841305337, -9.430332592739066655, 0.000000000000000000 ) ) ;
#5037 = LINE ( 'NONE', #8244, #10136 ) ;
#5038 = ORIENTED_EDGE ( 'NONE', *, *, #10266, .F. ) ;
#5039 = DIRECTION ( 'NONE',  ( -1.000000000000000000, -1.101697372407250679E-15, 0.000000000000000000 ) ) ;
#5040 = VECTOR ( 'NONE', #10049, 1000.000000000000000 ) ;
#5041 = CARTESIAN_POINT ( 'NONE',  ( 17.32902956042066478, -10.04040790171517195, 17.00000000000000000 ) ) ;
#5042 = EDGE_CURVE ( 'NONE', #7046, #5759, #125, .T. ) ;
#5043 = CARTESIAN_POINT ( 'NONE',  ( 17.30940205453819658, 9.993587935699109082, 0.000000000000000000 ) ) ;
#5044 = CARTESIAN_POINT ( 'NONE',  ( 19.26313739423903471, 3.078120312208932674, 28.64698724890418191 ) ) ;
#5045 = CARTESIAN_POINT ( 'NONE',  ( 17.00852148289529708, 55.26410000294389846, 0.000000000000000000 ) ) ;
#5046 = DIRECTION ( 'NONE',  ( -1.000000000000000000, 0.000000000000000000, 0.000000000000000000 ) ) ;
#5047 = ORIENTED_EDGE ( 'NONE', *, *, #2660, .T. ) ;
#5048 = DIRECTION ( 'NONE',  ( 0.000000000000000000, 0.000000000000000000, -1.000000000000000000 ) ) ;
#5049 = EDGE_LOOP ( 'NONE', ( #1667, #7403 ) ) ;
#5050 = ORIENTED_EDGE ( 'NONE', *, *, #1219, .F. ) ;
#5051 = DIRECTION ( 'NONE',  ( 0.000000000000000000, 0.000000000000000000, -1.000000000000000000 ) ) ;
#5052 = LINE ( 'NONE', #119, #6992 ) ;
#5053 = CARTESIAN_POINT ( 'NONE',  ( 12.05156432695912372, 15.30208537214489972, 28.47384410903826080 ) ) ;
#5054 = ORIENTED_EDGE ( 'NONE', *, *, #5012, .F. ) ;
#5055 = DIRECTION ( 'NONE',  ( -1.000000000000000000, -1.334402673828314029E-15, 0.000000000000000000 ) ) ;
#5056 = CIRCLE ( 'NONE', #7276, 5.000000000000000888 ) ;
#5057 = CYLINDRICAL_SURFACE ( 'NONE', #8028, 0.2000000000000001221 ) ;
#5058 = FILL_AREA_STYLE ('',( #5365 ) ) ;
#5059 = ORIENTED_EDGE ( 'NONE', *, *, #6939, .F. ) ;
#5060 = CARTESIAN_POINT ( 'NONE',  ( -12.30208866219691188, 14.99892228114281423, 28.66903314364323663 ) ) ;
#5061 = CARTESIAN_POINT ( 'NONE',  ( -6.909920896572863569, -18.20353334578346960, 28.59634749337605086 ) ) ;
#5062 = B_SPLINE_CURVE_WITH_KNOTS ( 'NONE', 3,
 ( #6238, #5429, #7087, #3011 ),
 .UNSPECIFIED., .F., .F.,
 ( 4, 4 ),
 ( 0.000000000000000000, 1.000000000000000000 ),
 .UNSPECIFIED. ) ;
#5063 = ORIENTED_EDGE ( 'NONE', *, *, #712, .F. ) ;
#5064 = EDGE_LOOP ( 'NONE', ( #6834, #8689, #2254, #7887 ) ) ;
#5065 = DIRECTION ( 'NONE',  ( 0.000000000000000000, -0.000000000000000000, 1.000000000000000000 ) ) ;
#5066 = DIRECTION ( 'NONE',  ( -0.8660254037844413721, 0.4999999999999952260, -0.000000000000000000 ) ) ;
#5067 = CARTESIAN_POINT ( 'NONE',  ( 50.49514364927149046, -9.563468133791603876, 3.500000000000000000 ) ) ;
#5068 = CARTESIAN_POINT ( 'NONE',  ( 19.19776765812589403, 3.199193359844904716, 28.94467561622387919 ) ) ;
#5069 = CARTESIAN_POINT ( 'NONE',  ( -7.264767727561583399, -18.20319777442891862, 28.49651180758133862 ) ) ;
#5070 = CARTESIAN_POINT ( 'NONE',  ( 15.14433854507708865, 8.743587935699112634, 38.50000000000000000 ) ) ;
#5071 = ORIENTED_EDGE ( 'NONE', *, *, #3817, .T. ) ;
#5072 = CARTESIAN_POINT ( 'NONE',  ( -12.37605760447535452, 14.94891653226728856, 29.04639232172488761 ) ) ;
#5073 = CARTESIAN_POINT ( 'NONE',  ( -6.777820856647632120, -18.25762712721555303, 29.02124597392844763 ) ) ;
#5074 = CARTESIAN_POINT ( 'NONE',  ( -12.32571631983780236, 14.97658478220813549, 29.24058553974004582 ) ) ;
#5075 = EDGE_CURVE ( 'NONE', #5327, #3346, #9986, .T. ) ;
#5076 = CIRCLE ( 'NONE', #8154, 4.999999999999997335 ) ;
#5077 = ORIENTED_EDGE ( 'NONE', *, *, #2000, .F. ) ;
#5078 = CARTESIAN_POINT ( 'NONE',  ( -11.99950532535201830, 14.79801214101074969, 29.28921805547105706 ) ) ;
#5079 = DIRECTION ( 'NONE',  ( -0.000000000000000000, -0.000000000000000000, -1.000000000000000000 ) ) ;
#5080 = CARTESIAN_POINT ( 'NONE',  ( -19.22569424230699298, 2.898697631928890406, 28.51566130629341700 ) ) ;
#5081 = CARTESIAN_POINT ( 'NONE',  ( -19.24036289588792670, 2.619546362032309172, 1.700000000000001510 ) ) ;
#5082 = CARTESIAN_POINT ( 'NONE',  ( 18.94073340240897707, 3.084307566377676224, 29.19071410177194892 ) ) ;
#5083 = CARTESIAN_POINT ( 'NONE',  ( -22.31198659095688086, -10.04040790171521103, 32.00000000000000000 ) ) ;
#5084 = AXIS2_PLACEMENT_3D ( 'NONE', #4901, #5008, #8063 ) ;
#5085 = CARTESIAN_POINT ( 'NONE',  ( 12.29896130911210861, 15.21135488743601272, 29.39427216176076030 ) ) ;
#5086 = CARTESIAN_POINT ( 'NONE',  ( -6.902177703752924387, -18.19155096779775960, 29.33722819558775896 ) ) ;
#5087 = DIRECTION ( 'NONE',  ( 0.4999999999999981126, -0.8660254037844398178, 0.000000000000000000 ) ) ;
#5088 = ORIENTED_EDGE ( 'NONE', *, *, #10215, .F. ) ;
#5089 = CARTESIAN_POINT ( 'NONE',  ( 27.00051689216706308, -29.48515466406566077, 0.000000000000000000 ) ) ;
#5090 = ADVANCED_FACE ( 'NONE', ( #5811 ), #9929, .T. ) ;
#5091 = DIRECTION ( 'NONE',  ( -1.224646799147353207E-16, -1.349190160747589117E-31, 1.000000000000000000 ) ) ;
#5092 = VERTEX_POINT ( 'NONE', #5865 ) ;
#5093 = AXIS2_PLACEMENT_3D ( 'NONE', #1075, #269, #6809 ) ;
#5094 = DIRECTION ( 'NONE',  ( 1.000000000000000000, 0.000000000000000000, 0.000000000000000000 ) ) ;
#5095 = DIRECTION ( 'NONE',  ( 1.000000000000000000, 0.000000000000000000, 0.000000000000000000 ) ) ;
#5096 = DIRECTION ( 'NONE',  ( 0.8660254037844382635, 0.5000000000000008882, -0.000000000000000000 ) ) ;
#5097 = CARTESIAN_POINT ( 'NONE',  ( 19.37638382636004408, 2.962919650261628846, 28.54298074442858635 ) ) ;
#5098 = DIRECTION ( 'NONE',  ( 1.000000000000000000, 0.000000000000000000, 0.000000000000000000 ) ) ;
#5099 = DIRECTION ( 'NONE',  ( 0.8660254037844413721, -0.4999999999999951705, -0.000000000000000000 ) ) ;
#5100 = ORIENTED_EDGE ( 'NONE', *, *, #379, .F. ) ;
#5101 = CARTESIAN_POINT ( 'NONE',  ( 7.084274506714596242, -18.22570811969540472, 28.56671798678267749 ) ) ;
#5102 = ORIENTED_EDGE ( 'NONE', *, *, #8210, .F. ) ;
#5103 = CARTESIAN_POINT ( 'NONE',  ( 11.95901206230196934, 14.80182516367531598, 29.25474978903321599 ) ) ;
#5104 = DIRECTION ( 'NONE',  ( 0.8660254037844389297, -0.4999999999999996114, 0.000000000000000000 ) ) ;
#5105 = CARTESIAN_POINT ( 'NONE',  ( 12.07054849061768564, 15.21626748906048299, 28.45497097534894237 ) ) ;
#5106 = ORIENTED_EDGE ( 'NONE', *, *, #7612, .F. ) ;
#5107 = CARTESIAN_POINT ( 'NONE',  ( 19.48717414497095746, 2.796113064746391430, 28.49996611647302913 ) ) ;
#5108 = EDGE_CURVE ( 'NONE', #7588, #5481, #7416, .T. ) ;
#5109 = AXIS2_PLACEMENT_3D ( 'NONE', #7568, #227, #2643 ) ;
#5110 = CARTESIAN_POINT ( 'NONE',  ( 39.99033417765404863, -42.75833186246229900, 0.000000000000000000 ) ) ;
#5111 = ORIENTED_EDGE ( 'NONE', *, *, #440, .F. ) ;
#5112 = CARTESIAN_POINT ( 'NONE',  ( -12.27515432490774039, 15.13211861235679656, 28.58568098441708472 ) ) ;
#5113 = CARTESIAN_POINT ( 'NONE',  ( -7.013005018846566685, -18.29018188585733995, 28.57560033753872020 ) ) ;
#5114 = ADVANCED_FACE ( 'NONE', ( #1733 ), #1789, .F. ) ;
#5115 = ORIENTED_EDGE ( 'NONE', *, *, #9248, .T. ) ;
#5116 = EDGE_LOOP ( 'NONE', ( #5416, #9811, #10317, #1846, #6936 ) ) ;
#5117 = CIRCLE ( 'NONE', #3062, 2.499999999999999556 ) ;
#5118 = DIRECTION ( 'NONE',  ( 0.8660254037844414832, -0.4999999999999951705, 0.000000000000000000 ) ) ;
#5119 = EDGE_CURVE ( 'NONE', #3822, #6096, #4781, .T. ) ;
#5120 = CARTESIAN_POINT ( 'NONE',  ( 0.04777649649678211707, -18.24040790171488169, 1.700000000000001510 ) ) ;
#5121 = FACE_OUTER_BOUND ( 'NONE', #8219, .T. ) ;
#5122 = VECTOR ( 'NONE', #8734, 1000.000000000000000 ) ;
#5123 = CARTESIAN_POINT ( 'NONE',  ( 19.03530537886335949, 3.183016439318213209, 28.94811733839777190 ) ) ;
#5124 = AXIS2_PLACEMENT_3D ( 'NONE', #1040, #10336, #1338 ) ;
#5125 = CARTESIAN_POINT ( 'NONE',  ( -15.59956328927036040, 8.925596260870793941, 38.50000000000000000 ) ) ;
#5126 = CARTESIAN_POINT ( 'NONE',  ( 11.98097257309048302, 14.88484880416676504, 29.29981610614138177 ) ) ;
#5127 = EDGE_LOOP ( 'NONE', ( #3776, #9266 ) ) ;
#5128 = CARTESIAN_POINT ( 'NONE',  ( -12.38494375577139905, 14.95331537053584370, 29.02092369858110743 ) ) ;
#5129 = EDGE_CURVE ( 'NONE', #116, #6998, #5706, .T. ) ;
#5130 = CARTESIAN_POINT ( 'NONE',  ( -6.774758265388161504, -18.24982123232905806, 28.94678776237392626 ) ) ;
#5131 = VECTOR ( 'NONE', #5330, 1000.000000000000114 ) ;
#5132 = VERTEX_POINT ( 'NONE', #1898 ) ;
#5133 = VECTOR ( 'NONE', #2409, 1000.000000000000000 ) ;
#5134 = CARTESIAN_POINT ( 'NONE',  ( 9.622866258350107671, -15.24880966143938643, 31.97592877889152163 ) ) ;
#5135 = DIRECTION ( 'NONE',  ( -1.000000000000000000, 0.000000000000000000, 0.000000000000000000 ) ) ;
#5136 = CARTESIAN_POINT ( 'NONE',  ( -19.33227686450621619, 2.862861598295224130, 28.53468508966237138 ) ) ;
#5137 = CARTESIAN_POINT ( 'NONE',  ( 10.13489699741276162, -15.04040790171518260, 32.00000000000000000 ) ) ;
#5138 = CARTESIAN_POINT ( 'NONE',  ( 19.18553619000673294, 3.051563722480809648, 29.33728614555107583 ) ) ;
#5139 = DIRECTION ( 'NONE',  ( -0.4999999999999985567, -0.8660254037844395958, 0.000000000000000000 ) ) ;
#5140 = CARTESIAN_POINT ( 'NONE',  ( 22.26119697378124584, 1.016827546908745328, 28.19999999999999929 ) ) ;
#5141 = CARTESIAN_POINT ( 'NONE',  ( -6.881536205968445508, -18.08453315597445510, 29.32170027649380017 ) ) ;
#5142 = CARTESIAN_POINT ( 'NONE',  ( -12.31421906284665013, 14.94382628109068101, 28.69479352100505665 ) ) ;
#5143 = ORIENTED_EDGE ( 'NONE', *, *, #7793, .T. ) ;
#5144 = CARTESIAN_POINT ( 'NONE',  ( -6.219022177433725318, -18.17685092823410287, 28.85721545602092064 ) ) ;
#5145 = CARTESIAN_POINT ( 'NONE',  ( -13.67241370345687557, 16.26351725728514808, 1.500000000000001332 ) ) ;
#5146 = ORIENTED_EDGE ( 'NONE', *, *, #9074, .F. ) ;
#5147 = FACE_OUTER_BOUND ( 'NONE', #9772, .T. ) ;
#5148 = FACE_OUTER_BOUND ( 'NONE', #7098, .T. ) ;
#5149 = CARTESIAN_POINT ( 'NONE',  ( -6.010224411393549460, -17.54040790171494280, 28.72500000000000497 ) ) ;
#5150 = CARTESIAN_POINT ( 'NONE',  ( 19.30995130505590041, 3.006017079405280512, 28.57992732422280469 ) ) ;
#5151 = CARTESIAN_POINT ( 'NONE',  ( -21.74816225111694479, 1.576009904581689991, 31.90173821473733184 ) ) ;
#5152 = EDGE_CURVE ( 'NONE', #5935, #4566, #8548, .T. ) ;
#5153 = DIRECTION ( 'NONE',  ( 0.5000000000000162093, 0.8660254037844292707, -0.000000000000000000 ) ) ;
#5154 = ORIENTED_EDGE ( 'NONE', *, *, #9882, .F. ) ;
#5155 = CARTESIAN_POINT ( 'NONE',  ( 12.16331289055197828, 15.44630484034854589, 28.49953455754358345 ) ) ;
#5156 = EDGE_LOOP ( 'NONE', ( #6407, #1739, #10067, #1984 ) ) ;
#5157 = CARTESIAN_POINT ( 'NONE',  ( 25.98076211353316722, -14.99999999999999467, 5.000000000000000000 ) ) ;
#5158 = CYLINDRICAL_SURFACE ( 'NONE', #6827, 0.5000000000000018874 ) ;
#5159 = ADVANCED_FACE ( 'NONE', ( #2142 ), #8729, .F. ) ;
#5160 = CARTESIAN_POINT ( 'NONE',  ( 19.19218974700699931, 3.028299188739898895, 28.55232788439266045 ) ) ;
#5161 = EDGE_LOOP ( 'NONE', ( #6229, #6281, #8600, #9609 ) ) ;
#5162 = LINE ( 'NONE', #230, #3824 ) ;
#5163 = DIRECTION ( 'NONE',  ( 0.5000000000000004441, -0.8660254037844383745, 0.000000000000000000 ) ) ;
#5164 = ORIENTED_EDGE ( 'NONE', *, *, #3604, .T. ) ;
#5165 = CARTESIAN_POINT ( 'NONE',  ( -12.15579497191979819, 15.19130013135023738, 28.50859283430324354 ) ) ;
#5166 = CARTESIAN_POINT ( 'NONE',  ( -7.054245944734538476, -18.26396542977268567, 28.55285223188881005 ) ) ;
#5167 = ORIENTED_EDGE ( 'NONE', *, *, #914, .T. ) ;
#5168 = ORIENTED_EDGE ( 'NONE', *, *, #5801, .T. ) ;
#5169 = AXIS2_PLACEMENT_3D ( 'NONE', #5934, #4216, #350 ) ;
#5170 = CARTESIAN_POINT ( 'NONE',  ( -20.41057094691904439, 3.592686562220267721, 29.39427216176077096 ) ) ;
#5171 = EDGE_CURVE ( 'NONE', #9186, #8483, #3760, .T. ) ;
#5172 = AXIS2_PLACEMENT_3D ( 'NONE', #5595, #5091, #6584 ) ;
#5173 = CIRCLE ( 'NONE', #4318, 0.4999999999999989453 ) ;
#5174 = CYLINDRICAL_SURFACE ( 'NONE', #8123, 0.1999999999999987899 ) ;
#5175 = CARTESIAN_POINT ( 'NONE',  ( -7.270624290268027146, -18.04040790171495701, 1.700000000000001510 ) ) ;
#5176 = CARTESIAN_POINT ( 'NONE',  ( 19.13958338789029767, 3.182743935546654246, 28.94929195694551893 ) ) ;
#5177 = EDGE_CURVE ( 'NONE', #651, #2705, #6662, .T. ) ;
#5178 = LINE ( 'NONE', #1911, #5938 ) ;
#5179 = CARTESIAN_POINT ( 'NONE',  ( 12.83440205453826088, 17.74451529956971285, 28.20000000000000284 ) ) ;
#5180 = ORIENTED_EDGE ( 'NONE', *, *, #5279, .F. ) ;
#5181 = CARTESIAN_POINT ( 'NONE',  ( -12.38603095459045100, 14.95353053609016492, 28.94515120338862957 ) ) ;
#5182 = CARTESIAN_POINT ( 'NONE',  ( -6.781736565419013374, -18.25433425612623495, 28.89692455547038819 ) ) ;
#5183 = AXIS2_PLACEMENT_3D ( 'NONE', #5893, #6156, #8507 ) ;
#5184 = ORIENTED_EDGE ( 'NONE', *, *, #2561, .F. ) ;
#5185 = CARTESIAN_POINT ( 'NONE',  ( -6.925734349298156900, -18.18830549984600253, 28.55232788439266756 ) ) ;
#5186 = ORIENTED_EDGE ( 'NONE', *, *, #8055, .F. ) ;
#5187 = FACE_OUTER_BOUND ( 'NONE', #6342, .T. ) ;
#5188 = CARTESIAN_POINT ( 'NONE',  ( -19.21533550619176722, 2.950292779427533318, 28.55355876535495696 ) ) ;
#5189 = CARTESIAN_POINT ( 'NONE',  ( 13.64205775417196520, 15.89384884714312207, 29.23615720372999149 ) ) ;
#5190 = CARTESIAN_POINT ( 'NONE',  ( 19.08390748466937836, 3.100587623119933856, 29.22763206607039876 ) ) ;
#5191 = CARTESIAN_POINT ( 'NONE',  ( -6.806605983204591759, -17.82392012089257349, 29.26584763768480002 ) ) ;
#5192 = AXIS2_PLACEMENT_3D ( 'NONE', #9338, #9179, #2757 ) ;
#5193 = PLANE ( 'NONE',  #726 ) ;
#5194 = CARTESIAN_POINT ( 'NONE',  ( 20.46337240144248426, 3.755018440458125717, 29.34853706179972122 ) ) ;
#5195 = CARTESIAN_POINT ( 'NONE',  ( -6.978038751387751759, -18.32767642020609955, 29.39571968233660471 ) ) ;
#5196 = FACE_OUTER_BOUND ( 'NONE', #2813, .T. ) ;
#5197 = ORIENTED_EDGE ( 'NONE', *, *, #9606, .F. ) ;
#5198 = CYLINDRICAL_SURFACE ( 'NONE', #4853, 0.4999999999999986677 ) ;
#5199 = TOROIDAL_SURFACE ( 'NONE', #564, 0.3000000000000000444, 0.2000000000000000111 ) ;
#5200 = CARTESIAN_POINT ( 'NONE',  ( -27.29707772656747622, -21.46843554642352458, 8.229588111554663854 ) ) ;
#5201 = VERTEX_POINT ( 'NONE', #2704 ) ;
#5202 = CARTESIAN_POINT ( 'NONE',  ( 39.99033417765404863, -42.75833186246229900, 7.000000000000000000 ) ) ;
#5203 = DIRECTION ( 'NONE',  ( 0.8660254037844383745, 0.5000000000000004441, 0.000000000000000000 ) ) ;
#5204 = CARTESIAN_POINT ( 'NONE',  ( 19.31512453467905388, 2.955843935469699701, 28.55369193092572289 ) ) ;
#5205 = CARTESIAN_POINT ( 'NONE',  ( 25.98076211353316722, -14.99999999999999467, 0.1999999999999996503 ) ) ;
#5206 = DIRECTION ( 'NONE',  ( 0.000000000000000000, 0.000000000000000000, 1.000000000000000000 ) ) ;
#5207 = CARTESIAN_POINT ( 'NONE',  ( 7.155278177306679588, -18.13449694511730570, 28.46967796173179721 ) ) ;
#5208 = EDGE_CURVE ( 'NONE', #9391, #9182, #3414, .T. ) ;
#5209 = ORIENTED_EDGE ( 'NONE', *, *, #5716, .T. ) ;
#5210 = LINE ( 'NONE', #6875, #4268 ) ;
#5211 = CARTESIAN_POINT ( 'NONE',  ( 12.04889406611485647, 15.27964857344048788, 28.46540231492944528 ) ) ;
#5212 = ORIENTED_EDGE ( 'NONE', *, *, #1967, .T. ) ;
#5213 = DIRECTION ( 'NONE',  ( 0.4999999999999996114, 0.8660254037844389297, 0.000000000000000000 ) ) ;
#5214 = ORIENTED_EDGE ( 'NONE', *, *, #3378, .T. ) ;
#5215 = CARTESIAN_POINT ( 'NONE',  ( -12.23383178621270062, 15.15409547927186473, 28.55796694935987290 ) ) ;
#5216 = ORIENTED_EDGE ( 'NONE', *, *, #8016, .T. ) ;
#5217 = ORIENTED_EDGE ( 'NONE', *, *, #1703, .F. ) ;
#5218 = EDGE_CURVE ( 'NONE', #1300, #1964, #3502, .T. ) ;
#5219 = ORIENTED_EDGE ( 'NONE', *, *, #6734, .T. ) ;
#5220 = CARTESIAN_POINT ( 'NONE',  ( 19.40975672110861439, 2.755666939284762584, 28.30000000000000071 ) ) ;
#5221 = AXIS2_PLACEMENT_3D ( 'NONE', #5874, #3295, #3510 ) ;
#5222 = CARTESIAN_POINT ( 'NONE',  ( -19.29922191837957257, 3.057028592189730443, 29.32341689353164327 ) ) ;
#5223 = DIRECTION ( 'NONE',  ( -0.000000000000000000, 0.000000000000000000, -1.000000000000000000 ) ) ;
#5224 = CARTESIAN_POINT ( 'NONE',  ( 19.25271550242313268, 3.179639921801380886, 28.79409828997233944 ) ) ;
#5225 = B_SPLINE_CURVE_WITH_KNOTS ( 'NONE', 3,
 ( #9755, #6438, #8898, #4776 ),
 .UNSPECIFIED., .F., .F.,
 ( 4, 4 ),
 ( 0.000000000000000000, 0.001581083957159176842 ),
 .UNSPECIFIED. ) ;
#5226 = LINE ( 'NONE', #6946, #7978 ) ;
#5227 = DIRECTION ( 'NONE',  ( 0.8660254037844413721, -0.4999999999999951705, -0.000000000000000000 ) ) ;
#5228 = ORIENTED_EDGE ( 'NONE', *, *, #4399, .T. ) ;
#5229 = CARTESIAN_POINT ( 'NONE',  ( -12.41910527452443347, 14.97836186768388522, 28.94292798232860875 ) ) ;
#5230 = CARTESIAN_POINT ( 'NONE',  ( -6.812271913271527701, -18.26812208950165939, 28.80341115091635729 ) ) ;
#5231 = AXIS2_PLACEMENT_3D ( 'NONE', #8360, #1024, #7503 ) ;
#5232 = VERTEX_POINT ( 'NONE', #5364 ) ;
#5233 = EDGE_CURVE ( 'NONE', #9018, #2002, #6094, .T. ) ;
#5234 = CARTESIAN_POINT ( 'NONE',  ( 19.40975672110861439, 2.755666939284762584, 28.30000000000000071 ) ) ;
#5235 = ORIENTED_EDGE ( 'NONE', *, *, #1636, .T. ) ;
#5236 = FACE_OUTER_BOUND ( 'NONE', #9660, .T. ) ;
#5237 = CARTESIAN_POINT ( 'NONE',  ( -19.26038488984939789, 3.066448862803014208, 28.71674699973612022 ) ) ;
#5238 = CARTESIAN_POINT ( 'NONE',  ( 13.78872282647344072, 16.09158323585965888, 28.88286292777607400 ) ) ;
#5239 = CARTESIAN_POINT ( 'NONE',  ( 19.21306153653092252, 2.983386181520229385, 29.39342640732203549 ) ) ;
#5240 = DIRECTION ( 'NONE',  ( 1.000000000000000000, 0.000000000000000000, 0.000000000000000000 ) ) ;
#5241 = CARTESIAN_POINT ( 'NONE',  ( 18.24210615738558161, 3.378097041139498380, 28.81023611412747343 ) ) ;
#5242 = EDGE_CURVE ( 'NONE', #8283, #233, #2903, .T. ) ;
#5243 = CARTESIAN_POINT ( 'NONE',  ( -6.814668338803600456, -18.15167247707035969, 29.23117318121962427 ) ) ;
#5244 = CARTESIAN_POINT ( 'NONE',  ( -12.14106124337824966, 14.71920202654124310, 29.15343510911812785 ) ) ;
#5245 = EDGE_LOOP ( 'NONE', ( #5235, #7945, #7191, #1059 ) ) ;
#5246 = CARTESIAN_POINT ( 'NONE',  ( -12.03340901608239477, 18.70235664966114086, 28.19999999999999929 ) ) ;
#5247 = EDGE_CURVE ( 'NONE', #612, #5232, #8893, .T. ) ;
#5248 = ORIENTED_EDGE ( 'NONE', *, *, #4615, .F. ) ;
#5249 = CARTESIAN_POINT ( 'NONE',  ( 12.10975672110860302, 15.39963783453756285, 28.30000000000000071 ) ) ;
#5250 = DIRECTION ( 'NONE',  ( 0.8660254037844380415, 0.5000000000000008882, -0.000000000000000000 ) ) ;
#5251 = VECTOR ( 'NONE', #6627, 999.9999999999998863 ) ;
#5252 = CARTESIAN_POINT ( 'NONE',  ( 20.99539736716371863, 3.209256777770991054, 1.700000000000001510 ) ) ;
#5253 = EDGE_CURVE ( 'NONE', #3664, #6110, #6162, .T. ) ;
#5254 = CARTESIAN_POINT ( 'NONE',  ( 19.28110371097861986, 3.014233684291856896, 28.58811065428020015 ) ) ;
#5255 = CARTESIAN_POINT ( 'NONE',  ( -12.11356797664488205, 15.36351725728515838, 0.000000000000000000 ) ) ;
#5256 = DIRECTION ( 'NONE',  ( 1.000000000000000000, 0.000000000000000000, 0.000000000000000000 ) ) ;
#5257 = CARTESIAN_POINT ( 'NONE',  ( -12.03340901608232549, 18.70235664966126876, 7.499999999999999112 ) ) ;
#5258 = CARTESIAN_POINT ( 'NONE',  ( 7.210952838426821110, -18.11350197776326709, 28.45441038932401057 ) ) ;
#5259 = EDGE_CURVE ( 'NONE', #3784, #6265, #4270, .T. ) ;
#5260 = AXIS2_PLACEMENT_3D ( 'NONE', #7234, #6540, #5792 ) ;
#5261 = ORIENTED_EDGE ( 'NONE', *, *, #8465, .T. ) ;
#5262 = CARTESIAN_POINT ( 'NONE',  ( -8.902223503503199353, -20.04040790171520570, 7.499999999999999112 ) ) ;
#5263 = DIRECTION ( 'NONE',  ( 0.5000000000000009992, -0.8660254037844380415, 0.000000000000000000 ) ) ;
#5264 = CARTESIAN_POINT ( 'NONE',  ( 12.12286142527009680, 15.41264990009259961, 28.49893296494812134 ) ) ;
#5265 = EDGE_LOOP ( 'NONE', ( #10563, #9, #6233 ) ) ;
#5266 = FACE_BOUND ( 'NONE', #5919, .T. ) ;
#5267 = CIRCLE ( 'NONE', #2526, 0.1999999999999992617 ) ;
#5268 = ORIENTED_EDGE ( 'NONE', *, *, #9809, .T. ) ;
#5269 = CARTESIAN_POINT ( 'NONE',  ( -12.24455014044509582, 15.19300294865364798, 28.55212361038167757 ) ) ;
#5270 = VERTEX_POINT ( 'NONE', #5110 ) ;
#5271 = ORIENTED_EDGE ( 'NONE', *, *, #7247, .F. ) ;
#5272 = EDGE_LOOP ( 'NONE', ( #7207, #10564, #9810, #5747 ) ) ;
#5273 = AXIS2_PLACEMENT_3D ( 'NONE', #4443, #6104, #6798 ) ;
#5274 = CARTESIAN_POINT ( 'NONE',  ( -16.99147851343124671, 50.96410000294400078, 3.500000000000000888 ) ) ;
#5275 = CARTESIAN_POINT ( 'NONE',  ( -12.03340901608232549, 18.70235664966126876, 7.499999999999999112 ) ) ;
#5276 = DIRECTION ( 'NONE',  ( -1.000000000000000000, 0.000000000000000000, 0.000000000000000000 ) ) ;
#5277 = CARTESIAN_POINT ( 'NONE',  ( 19.19700277497470964, 3.150143886088986545, 28.76722666724757360 ) ) ;
#5278 = DIRECTION ( 'NONE',  ( -1.000000000000000000, 0.000000000000000000, 0.000000000000000000 ) ) ;
#5279 = EDGE_CURVE ( 'NONE', #3717, #7293, #5637, .T. ) ;
#5280 = CARTESIAN_POINT ( 'NONE',  ( -6.978038751387751759, -18.32767642020609955, 29.39571968233660471 ) ) ;
#5281 = ORIENTED_EDGE ( 'NONE', *, *, #8803, .T. ) ;
#5282 = CARTESIAN_POINT ( 'NONE',  ( -12.31997219948564393, 14.87317802880987294, 28.81791463472499615 ) ) ;
#5283 = CARTESIAN_POINT ( 'NONE',  ( -6.816088931703773390, -18.24374034174353909, 28.77093538942816053 ) ) ;
#5284 = AXIS2_PLACEMENT_3D ( 'NONE', #2699, #7516, #6021 ) ;
#5285 = VERTEX_POINT ( 'NONE', #430 ) ;
#5286 = CARTESIAN_POINT ( 'NONE',  ( 19.20814852413043283, 2.981030626655754023, 29.39310519443569447 ) ) ;
#5287 = ORIENTED_EDGE ( 'NONE', *, *, #7199, .T. ) ;
#5288 = AXIS2_PLACEMENT_3D ( 'NONE', #436, #5417, #8679 ) ;
#5289 = TOROIDAL_SURFACE ( 'NONE', #7166, 1.299999999999999378, 0.2000000000000000111 ) ;
#5290 = DIRECTION ( 'NONE',  ( 0.5000000000000008882, -0.8660254037844380415, 0.000000000000000000 ) ) ;
#5291 = CARTESIAN_POINT ( 'NONE',  ( -19.16157726083769930, 3.081322328251241416, 28.72146214367933936 ) ) ;
#5292 = CARTESIAN_POINT ( 'NONE',  ( 13.42642519679403534, 15.83219098958803883, 29.37416076586937663 ) ) ;
#5293 = CARTESIAN_POINT ( 'NONE',  ( 19.18619597739691329, 3.177427264055896927, 29.12103161720358813 ) ) ;
#5294 = EDGE_CURVE ( 'NONE', #5542, #8866, #2380, .T. ) ;
#5295 =( BOUNDED_SURFACE ( )  B_SPLINE_SURFACE ( 3, 2, ( 
 ( #1166, #6795, #4333 ),
 ( #10059, #2880, #5292 ),
 ( #5997, #9255, #6854 ),
 ( #2073, #5944, #10116 ),
 ( #7753, #1922, #5189 ),
 ( #413, #3687, #6052 ),
 ( #6956, #8560, #7004 ),
 ( #1116, #465, #6153 ),
 ( #8456, #7647, #5238 ),
 ( #9413, #5344, #3741 ) ),
 .UNSPECIFIED., .F., .F., .F. ) 
 B_SPLINE_SURFACE_WITH_KNOTS ( ( 4, 2, 2, 2, 4 ),
 ( 3, 3 ),
 ( -3.464115686246741909E-06, 0.0001377244545657152670, 0.0002789130248176772552, 0.0004201015950696392704, 0.0005612901653216012315 ),
 ( 0.000000000000000000, 1.000000000000000000 ),
 .UNSPECIFIED. ) 
 GEOMETRIC_REPRESENTATION_ITEM ( )  RATIONAL_B_SPLINE_SURFACE ( (
 ( 1.000000000000000000, 1.000000000000000000, 1.000000000000000000),
 ( 1.000000000000000000, 0.9999662409884404468, 1.000000000000000000),
 ( 1.000000000000000000, 0.9903718308689417604, 1.000000000000000000),
 ( 1.000000000000000000, 0.9527690618410613599, 1.000000000000000000),
 ( 1.000000000000000000, 0.9241031752417531164, 1.000000000000000000),
 ( 1.000000000000000000, 0.8537481365671152345, 1.000000000000000000),
 ( 1.000000000000000000, 0.8107320022958905970, 1.000000000000000000),
 ( 1.000000000000000000, 0.7355113770708123777, 1.000000000000000000),
 ( 1.000000000000000000, 0.7057496236605074191, 1.000000000000000000),
 ( 1.000000000000000000, 0.7071067811865496822, 1.000000000000000000) ) ) 
 REPRESENTATION_ITEM ( '' )  SURFACE ( )  );
#5296 = LINE ( 'NONE', #4736, #1935 ) ;
#5297 = AXIS2_PLACEMENT_3D ( 'NONE', #799, #4076, #4024 ) ;
#5298 = DIRECTION ( 'NONE',  ( -0.000000000000000000, -0.000000000000000000, -1.000000000000000000 ) ) ;
#5299 = CARTESIAN_POINT ( 'NONE',  ( -6.820818796770411474, -18.17869222732816681, 29.23501589483357677 ) ) ;
#5300 = CARTESIAN_POINT ( 'NONE',  ( 6.369168748208425157, -18.04040790171481845, 28.30000000000000071 ) ) ;
#5301 = CIRCLE ( 'NONE', #3065, 10.00000000000000178 ) ;
#5302 = AXIS2_PLACEMENT_3D ( 'NONE', #10571, #9767, #2434 ) ;
#5303 = ORIENTED_EDGE ( 'NONE', *, *, #3270, .F. ) ;
#5304 = CARTESIAN_POINT ( 'NONE',  ( -6.010224411393549460, -17.54040790171494280, 28.72500000000000142 ) ) ;
#5305 = CIRCLE ( 'NONE', #669, 0.1999999999999987899 ) ;
#5306 = ORIENTED_EDGE ( 'NONE', *, *, #7967, .T. ) ;
#5308 = EDGE_CURVE ( 'NONE', #7193, #9656, #10592, .T. ) ;
#5307 = DIRECTION ( 'NONE',  ( 0.000000000000000000, 0.000000000000000000, -1.000000000000000000 ) ) ;
#5309 = LINE ( 'NONE', #4605, #8175 ) ;
#5310 = DIRECTION ( 'NONE',  ( -1.000000000000000000, -1.101697372407250679E-15, 0.000000000000000000 ) ) ;
#5311 = CARTESIAN_POINT ( 'NONE',  ( 19.34282098298745112, 2.955280181469134071, 28.54915198650582653 ) ) ;
#5312 = DIRECTION ( 'NONE',  ( -0.8660254037844405950, -0.4999999999999967804, 7.511572993685859646E-15 ) ) ;
#5313 = EDGE_CURVE ( 'NONE', #493, #5980, #4096, .T. ) ;
#5314 = DIRECTION ( 'NONE',  ( 0.8660254037844413721, -0.4999999999999952260, 0.000000000000000000 ) ) ;
#5315 = CARTESIAN_POINT ( 'NONE',  ( 7.228647276971988056, -18.31765145510085802, 28.51892203347645349 ) ) ;
#5316 = CIRCLE ( 'NONE', #3619, 1.300000000000001155 ) ;
#5317 = ADVANCED_FACE ( 'NONE', ( #8889 ), #6326, .F. ) ;
#5318 = VERTEX_POINT ( 'NONE', #3964 ) ;
#5319 = LINE ( 'NONE', #1295, #5122 ) ;
#5320 = CARTESIAN_POINT ( 'NONE',  ( -12.38121159533216797, 18.32210872145142133, 32.00000000000000000 ) ) ;
#5321 = CARTESIAN_POINT ( 'NONE',  ( 12.21272934325341986, 15.14638517656047334, 28.56265959514788477 ) ) ;
#5322 = EDGE_LOOP ( 'NONE', ( #7834, #5022, #10193, #9404, #3454, #8953 ) ) ;
#5323 = CARTESIAN_POINT ( 'NONE',  ( 10.29777649649675553, -15.04040790171518083, 7.500000000000001776 ) ) ;
#5324 = ORIENTED_EDGE ( 'NONE', *, *, #9272, .T. ) ;
#5325 = CARTESIAN_POINT ( 'NONE',  ( -12.25489879938113091, 15.20825171566668033, 28.54853486456348932 ) ) ;
#5326 = ORIENTED_EDGE ( 'NONE', *, *, #2901, .F. ) ;
#5327 = VERTEX_POINT ( 'NONE', #7227 ) ;
#5328 = VERTEX_POINT ( 'NONE', #7332 ) ;
#5329 = DIRECTION ( 'NONE',  ( -0.8660254037844457020, -0.4999999999999878431, 0.000000000000000000 ) ) ;
#5330 = DIRECTION ( 'NONE',  ( 0.8660254037844381525, 0.5000000000000008882, -0.000000000000000000 ) ) ;
#5331 = CARTESIAN_POINT ( 'NONE',  ( 19.23689520901296035, 3.152259165712822497, 28.75460093880063539 ) ) ;
#5332 = DIRECTION ( 'NONE',  ( 0.5000000000000012212, -0.8660254037844379305, 0.000000000000000000 ) ) ;
#5333 = CARTESIAN_POINT ( 'NONE',  ( -19.41356797664481348, 2.719546362032308373, 1.700000000000001510 ) ) ;
#5334 = ORIENTED_EDGE ( 'NONE', *, *, #4828, .T. ) ;
#5335 = CARTESIAN_POINT ( 'NONE',  ( -12.34497288093602840, 14.91598227689464551, 28.90220800621603559 ) ) ;
#5336 = CARTESIAN_POINT ( 'NONE',  ( -6.819432053711519615, -18.24850753232987088, 28.76911983225472014 ) ) ;
#5337 = EDGE_CURVE ( 'NONE', #2420, #5542, #839, .T. ) ;
#5338 = VERTEX_POINT ( 'NONE', #10446 ) ;
#5339 = AXIS2_PLACEMENT_3D ( 'NONE', #3014, #9663, #8748 ) ;
#5340 = DIRECTION ( 'NONE',  ( -0.8660254037844381525, -0.5000000000000009992, 0.000000000000000000 ) ) ;
#5341 = EDGE_CURVE ( 'NONE', #5285, #10113, #9162, .T. ) ;
#5342 = LINE ( 'NONE', #7002, #6962 ) ;
#5343 = CARTESIAN_POINT ( 'NONE',  ( -19.14996357639969204, 3.108298851577715904, 28.84918899196061659 ) ) ;
#5344 = CARTESIAN_POINT ( 'NONE',  ( 13.84458199300781089, 15.99483232135368027, 28.69795491925963304 ) ) ;
#5345 = CARTESIAN_POINT ( 'NONE',  ( 19.17222565590595806, 3.177970520397218390, 29.09613773530161751 ) ) ;
#5346 = B_SPLINE_CURVE_WITH_KNOTS ( 'NONE', 3,
 ( #10023, #3490, #5151, #9914, #112, #10131 ),
 .UNSPECIFIED., .F., .F.,
 ( 4, 2, 4 ),
 ( -4.472146664851299243E-06, 0.0003123412476762534181, 0.0006291546420173581549 ),
 .UNSPECIFIED. ) ;
#5347 = CARTESIAN_POINT ( 'NONE',  ( -6.804083974691110370, -20.02060463004553270, 28.84060579834129356 ) ) ;
#5348 = CARTESIAN_POINT ( 'NONE',  ( 20.43182580741375531, 3.850206669121194025, 29.22562446759631172 ) ) ;
#5349 = AXIS2_PLACEMENT_3D ( 'NONE', #5140, #2029, #7652 ) ;
#5350 = AXIS2_PLACEMENT_3D ( 'NONE', #8265, #924, #8052 ) ;
#5351 = CARTESIAN_POINT ( 'NONE',  ( -6.829456765706361843, -18.23066751875261104, 29.24058553974045793 ) ) ;
#5352 = CARTESIAN_POINT ( 'NONE',  ( -12.20105833246601890, 15.07120972559022576, 29.39239881551686295 ) ) ;
#5353 = ORIENTED_EDGE ( 'NONE', *, *, #3477, .T. ) ;
#5354 = LINE ( 'NONE', #8616, #3482 ) ;
#5355 = EDGE_CURVE ( 'NONE', #2859, #612, #4554, .T. ) ;
#5356 = ORIENTED_EDGE ( 'NONE', *, *, #7097, .T. ) ;
#5357 = CIRCLE ( 'NONE', #6212, 0.2000000000000001221 ) ;
#5358 = LINE ( 'NONE', #9587, #6660 ) ;
#5359 = FACE_BOUND ( 'NONE', #7250, .T. ) ;
#5360 = CARTESIAN_POINT ( 'NONE',  ( 19.31501578824871146, 2.802026142832276800, 28.49252122238652518 ) ) ;
#5361 = CARTESIAN_POINT ( 'NONE',  ( 18.88280462379665181, 3.277557123811997375, 28.35104708541294016 ) ) ;
#5362 = CARTESIAN_POINT ( 'NONE',  ( -12.36060795838825577, 14.95409143033843513, 29.12082472423944068 ) ) ;
#5363 = AXIS2_PLACEMENT_3D ( 'NONE', #675, #7218, #4756 ) ;
#5364 = CARTESIAN_POINT ( 'NONE',  ( -19.28406296724679692, 2.944087024046246448, 29.39307649821621737 ) ) ;
#5365 = FILL_AREA_STYLE_COLOUR ( '', #8899 ) ;
#5366 = CARTESIAN_POINT ( 'NONE',  ( 6.975498223588728841, -18.21010293675645286, 28.62720876244531709 ) ) ;
#5367 = AXIS2_PLACEMENT_3D ( 'NONE', #3924, #4676, #9440 ) ;
#5368 = EDGE_CURVE ( 'NONE', #2105, #7884, #5578, .T. ) ;
#5369 = EDGE_CURVE ( 'NONE', #9656, #5420, #6429, .T. ) ;
#5370 = EDGE_LOOP ( 'NONE', ( #8218, #2649, #6719, #3125, #3554 ) ) ;
#5371 = DIRECTION ( 'NONE',  ( 0.4999999999999996114, 0.8660254037844389297, 0.000000000000000000 ) ) ;
#5372 = CARTESIAN_POINT ( 'NONE',  ( -8.049692158673890319, 16.40235664966128581, 7.499999999999999112 ) ) ;
#5373 = CARTESIAN_POINT ( 'NONE',  ( 12.29898473153815530, 15.02121210684133423, 28.72329246621987764 ) ) ;
#5374 = ORIENTED_EDGE ( 'NONE', *, *, #10280, .F. ) ;
#5375 = CARTESIAN_POINT ( 'NONE',  ( 17.62748011637290091, -0.1573394281716199439, 7.499999999999999112 ) ) ;
#5376 = VERTEX_POINT ( 'NONE', #8836 ) ;
#5377 = CARTESIAN_POINT ( 'NONE',  ( -12.09782944844991626, 15.35704745760131829, 28.49943600940355282 ) ) ;
#5378 = VERTEX_POINT ( 'NONE', #6531 ) ;
#5379 = EDGE_CURVE ( 'NONE', #9875, #1017, #7351, .T. ) ;
#5380 = VECTOR ( 'NONE', #2511, 1000.000000000000000 ) ;
#5381 = ORIENTED_EDGE ( 'NONE', *, *, #9623, .T. ) ;
#5382 = ORIENTED_EDGE ( 'NONE', *, *, #3317, .T. ) ;
#5383 = CARTESIAN_POINT ( 'NONE',  ( 6.867769623070793195, -18.06282474429504958, 28.39316016287143185 ) ) ;
#5384 = CARTESIAN_POINT ( 'NONE',  ( 19.23902031458300499, 3.152598691682895193, 28.75399925754522812 ) ) ;
#5385 = DIRECTION ( 'NONE',  ( -1.000000000000000000, -1.101697372407250679E-15, 0.000000000000000000 ) ) ;
#5386 = DIRECTION ( 'NONE',  ( 0.8660254037844389297, -0.4999999999999996114, 0.000000000000000000 ) ) ;
#5387 = ORIENTED_EDGE ( 'NONE', *, *, #10210, .F. ) ;
#5388 = CARTESIAN_POINT ( 'NONE',  ( -12.37971810797525585, 14.94814997431979187, 28.94571405697855937 ) ) ;
#5389 = CARTESIAN_POINT ( 'NONE',  ( -6.818148553903694342, -18.28453962874123562, 28.79934697647854591 ) ) ;
#5390 = ORIENTED_EDGE ( 'NONE', *, *, #7722, .F. ) ;
#5391 = CIRCLE ( 'NONE', #5572, 0.2000000000000005107 ) ;
#5392 = ORIENTED_EDGE ( 'NONE', *, *, #7399, .T. ) ;
#5393 = CARTESIAN_POINT ( 'NONE',  ( 19.19591314848465657, 2.868660660026759235, 28.45309165528607309 ) ) ;
#5394 = CARTESIAN_POINT ( 'NONE',  ( -19.10145600867262061, 3.120170057785337736, 28.84780121429043831 ) ) ;
#5395 = CARTESIAN_POINT ( 'NONE',  ( -12.01655114149894388, 14.16369364164851596, 28.89622043767620596 ) ) ;
#5396 = CARTESIAN_POINT ( 'NONE',  ( 19.06871972104957536, 3.150049638845132893, 29.08936125235824832 ) ) ;
#5397 = EDGE_CURVE ( 'NONE', #7512, #4852, #979, .T. ) ;
#5398 = DIRECTION ( 'NONE',  ( -0.000000000000000000, -0.000000000000000000, 1.000000000000000000 ) ) ;
#5399 = AXIS2_PLACEMENT_3D ( 'NONE', #2798, #1988, #10180 ) ;
#5400 = CARTESIAN_POINT ( 'NONE',  ( -6.830656556643035060, -18.24055798737343892, 29.24136218813589139 ) ) ;
#5401 = DIRECTION ( 'NONE',  ( 1.026956297778269800E-14, -1.000000000000000000, -0.000000000000000000 ) ) ;
#5402 = VERTEX_POINT ( 'NONE', #3912 ) ;
#5403 = CARTESIAN_POINT ( 'NONE',  ( -6.331259730000730279, -18.57608812993361269, 28.91998613984730326 ) ) ;
#5404 = LINE ( 'NONE', #8021, #981 ) ;
#5405 = ORIENTED_EDGE ( 'NONE', *, *, #988, .T. ) ;
#5406 = CARTESIAN_POINT ( 'NONE',  ( -19.34606101898210540, 2.689227892395705144, 28.48609111982539943 ) ) ;
#5407 = CARTESIAN_POINT ( 'NONE',  ( 13.80763292299727851, -42.33589999702859785, 0.000000000000000000 ) ) ;
#5408 = CARTESIAN_POINT ( 'NONE',  ( 19.39216073989633315, 2.796066319028930991, 28.50086553066539707 ) ) ;
#5409 = CARTESIAN_POINT ( 'NONE',  ( 18.69997236897104997, 2.986378008025828645, 29.19910306785791931 ) ) ;
#5410 = CARTESIAN_POINT ( 'NONE',  ( -12.22917176701679054, 14.75872909803048039, 29.05250173569049821 ) ) ;
#5411 = DIRECTION ( 'NONE',  ( -0.4999999999999952816, -0.8660254037844413721, 0.000000000000000000 ) ) ;
#5412 = CARTESIAN_POINT ( 'NONE',  ( -16.99147851343125026, 55.26410000294399794, 0.000000000000000000 ) ) ;
#5413 = ADVANCED_FACE ( 'NONE', ( #1549 ), #4765, .F. ) ;
#5414 = CARTESIAN_POINT ( 'NONE',  ( 7.052301000086902860, -18.31381917554934802, 28.61162135485894709 ) ) ;
#5415 = TOROIDAL_SURFACE ( 'NONE', #1143, 11.99999999999999822, 0.5000000000000000000 ) ;
#5416 = ORIENTED_EDGE ( 'NONE', *, *, #2949, .T. ) ;
#5417 = DIRECTION ( 'NONE',  ( 0.000000000000000000, 0.000000000000000000, 1.000000000000000000 ) ) ;
#5418 = CARTESIAN_POINT ( 'NONE',  ( 17.32902956042066478, -10.04040790171517195, 32.00000000000000000 ) ) ;
#5419 = CARTESIAN_POINT ( 'NONE',  ( 12.17929211758779573, 15.34400946912596098, 28.51474885193449893 ) ) ;
#5420 = VERTEX_POINT ( 'NONE', #8030 ) ;
#5421 = EDGE_CURVE ( 'NONE', #4235, #4680, #10600, .T. ) ;
#5422 = DIRECTION ( 'NONE',  ( -0.000000000000000000, -0.000000000000000000, -1.000000000000000000 ) ) ;
#5423 = CIRCLE ( 'NONE', #4408, 1.100000000000000311 ) ;
#5424 = ORIENTED_EDGE ( 'NONE', *, *, #9330, .T. ) ;
#5425 = CARTESIAN_POINT ( 'NONE',  ( -12.18198320504877152, 15.28819266164756030, 28.51213580743217690 ) ) ;
#5426 = EDGE_LOOP ( 'NONE', ( #511, #1090, #2199, #7528, #13, #2156, #2693, #1161 ) ) ;
#5427 = B_SPLINE_CURVE_WITH_KNOTS ( 'NONE', 3,
 ( #6009, #10127, #2577, #5848 ),
 .UNSPECIFIED., .F., .F.,
 ( 4, 4 ),
 ( 0.000000000000000000, 1.000000000000000000 ),
 .UNSPECIFIED. ) ;
#5428 = ORIENTED_EDGE ( 'NONE', *, *, #8939, .T. ) ;
#5429 = CARTESIAN_POINT ( 'NONE',  ( 7.071715600440876770, -18.26364607043910127, 29.39427216176076385 ) ) ;
#5430 = DIRECTION ( 'NONE',  ( 0.8660254037844380415, 0.5000000000000008882, -0.000000000000000000 ) ) ;
#5431 = CIRCLE ( 'NONE', #3027, 1.099999999999998535 ) ;
#5432 = EDGE_CURVE ( 'NONE', #2989, #7619, #4717, .T. ) ;
#5433 = CARTESIAN_POINT ( 'NONE',  ( 7.329375709731974275, -18.24040790171481063, 1.700000000000001510 ) ) ;
#5434 = CARTESIAN_POINT ( 'NONE',  ( 19.22876534129971660, 3.171352531371136152, 28.79787787304262281 ) ) ;
#5435 = ORIENTED_EDGE ( 'NONE', *, *, #4912, .T. ) ;
#5436 = ADVANCED_FACE ( 'NONE', ( #9691 ), #1655, .F. ) ;
#5437 = CARTESIAN_POINT ( 'NONE',  ( -25.97224062880127349, -5.040407901715212802, 32.00000000000000000 ) ) ;
#5438 = CARTESIAN_POINT ( 'NONE',  ( -19.51356797664481135, 2.546341281275420254, 28.30000000000000071 ) ) ;
#5439 = ORIENTED_EDGE ( 'NONE', *, *, #4008, .F. ) ;
#5440 = CARTESIAN_POINT ( 'NONE',  ( -12.38010007177719807, 14.99592903888357576, 28.79870817635568869 ) ) ;
#5441 = CARTESIAN_POINT ( 'NONE',  ( -6.848791802339212254, -18.32767642020609955, 28.74794295034653757 ) ) ;
#5442 = AXIS2_PLACEMENT_3D ( 'NONE', #8830, #9841, #1545 ) ;
#5443 = VERTEX_POINT ( 'NONE', #6478 ) ;
#5444 = ORIENTED_EDGE ( 'NONE', *, *, #8562, .F. ) ;
#5445 = ADVANCED_FACE ( 'NONE', ( #7974 ), #1615, .F. ) ;
#5446 = DIRECTION ( 'NONE',  ( 0.000000000000000000, 0.000000000000000000, -1.000000000000000000 ) ) ;
#5447 = CARTESIAN_POINT ( 'NONE',  ( -19.17114787691134836, 3.076569019466188770, 28.72255027998492594 ) ) ;
#5448 = FACE_OUTER_BOUND ( 'NONE', #4642, .T. ) ;
#5449 = CARTESIAN_POINT ( 'NONE',  ( 19.18164882874815191, 3.175532866850464320, 29.12090895373632193 ) ) ;
#5450 = EDGE_CURVE ( 'NONE', #2751, #10158, #191, .T. ) ;
#5451 = AXIS2_PLACEMENT_3D ( 'NONE', #9667, #4040, #5602 ) ;
#5452 = CARTESIAN_POINT ( 'NONE',  ( -7.191662234164622802, -18.18558535978704072, 28.49370538449587187 ) ) ;
#5453 = CARTESIAN_POINT ( 'NONE',  ( 6.271524832286126561, 29.11175209234686889, 12.42280451957034693 ) ) ;
#5454 = LINE ( 'NONE', #7961, #5013 ) ;
#5455 = CARTESIAN_POINT ( 'NONE',  ( -6.689060485259510358, -18.03812964132347929, 29.05250173569050176 ) ) ;
#5456 = CARTESIAN_POINT ( 'NONE',  ( 28.79318993999364551, -25.04040790171517017, 0.000000000000000000 ) ) ;
#5457 = TOROIDAL_SURFACE ( 'NONE', #8694, 2.700000000000000178, 0.2000000000000000111 ) ;
#5458 = CARTESIAN_POINT ( 'NONE',  ( 17.00852148289529708, 55.26410000294389846, 7.000000000000000000 ) ) ;
#5459 = AXIS2_PLACEMENT_3D ( 'NONE', #8842, #1555, #9851 ) ;
#5460 = FACE_OUTER_BOUND ( 'NONE', #4883, .T. ) ;
#5461 = ORIENTED_EDGE ( 'NONE', *, *, #3049, .T. ) ;
#5462 = CARTESIAN_POINT ( 'NONE',  ( -19.47178792199714081, 2.681734460576204349, 28.49655401679301292 ) ) ;
#5463 = CARTESIAN_POINT ( 'NONE',  ( -38.99147851341827931, -2.931663733946129557, 0.000000000000000000 ) ) ;
#5464 = CIRCLE ( 'NONE', #5297, 4.999999999999997335 ) ;
#5465 = CARTESIAN_POINT ( 'NONE',  ( 19.36303168580029066, 2.845856700072492806, 28.51282278473955500 ) ) ;
#5466 = CYLINDRICAL_SURFACE ( 'NONE', #215, 1.099999999999998979 ) ;
#5467 = AXIS2_PLACEMENT_3D ( 'NONE', #5202, #5901, #1986 ) ;
#5468 = AXIS2_PLACEMENT_3D ( 'NONE', #9592, #2307, #9743 ) ;
#5469 = CARTESIAN_POINT ( 'NONE',  ( -12.33411588119701996, 14.92395228625304249, 29.09511942149020669 ) ) ;
#5470 = CARTESIAN_POINT ( 'NONE',  ( -12.09859092271586967, 15.14250154955416861, 28.45747881217381803 ) ) ;
#5471 = CARTESIAN_POINT ( 'NONE',  ( 65.79884018471317120, -27.50428397026880845, 28.19999999999999929 ) ) ;
#5472 = CARTESIAN_POINT ( 'NONE',  ( 6.940348003022052126, -18.25352218755734768, 28.72232919591590061 ) ) ;
#5473 = AXIS2_PLACEMENT_3D ( 'NONE', #936, #8222, #7369 ) ;
#5474 = VECTOR ( 'NONE', #997, 1000.000000000000000 ) ;
#5475 = ORIENTED_EDGE ( 'NONE', *, *, #393, .T. ) ;
#5476 = LINE ( 'NONE', #8630, #8697 ) ;
#5477 = EDGE_CURVE ( 'NONE', #5201, #1413, #8973, .T. ) ;
#5478 = LINE ( 'NONE', #8735, #6481 ) ;
#5479 = CARTESIAN_POINT ( 'NONE',  ( -22.28340901608232016, 0.9488358720802572144, 7.500000000000001776 ) ) ;
#5480 = CARTESIAN_POINT ( 'NONE',  ( 12.17346033397398664, 15.18435150465918326, 28.52670413781961045 ) ) ;
#5481 = VERTEX_POINT ( 'NONE', #9832 ) ;
#5482 = DIRECTION ( 'NONE',  ( -1.101697372407250679E-15, 1.000000000000000000, 0.000000000000000000 ) ) ;
#5483 = B_SPLINE_CURVE_WITH_KNOTS ( 'NONE', 3,
 ( #10465, #1466, #5347, #8054, #4545, #1225, #8858, #3126 ),
 .UNSPECIFIED., .F., .F.,
 ( 4, 2, 2, 4 ),
 ( 0.000000000000000000, 0.0002358005330732129169, 0.0004716010661464258339, 0.0009432021322928516678 ),
 .UNSPECIFIED. ) ;
#5484 = ORIENTED_EDGE ( 'NONE', *, *, #3121, .T. ) ;
#5485 = CARTESIAN_POINT ( 'NONE',  ( -12.17783269138130464, 15.28547917353246888, 28.51245277080073492 ) ) ;
#5486 = ORIENTED_EDGE ( 'NONE', *, *, #4194, .F. ) ;
#5487 = EDGE_CURVE ( 'NONE', #2583, #1106, #6618, .T. ) ;
#5488 = ORIENTED_EDGE ( 'NONE', *, *, #2205, .T. ) ;
#5489 = DIRECTION ( 'NONE',  ( -0.000000000000000000, 0.000000000000000000, 1.000000000000000000 ) ) ;
#5490 = CIRCLE ( 'NONE', #862, 1.299999999999999156 ) ;
#5491 = CARTESIAN_POINT ( 'NONE',  ( -12.03340901608239477, 18.70235664966114797, 28.19999999999999929 ) ) ;
#5492 = B_SPLINE_CURVE_WITH_KNOTS ( 'NONE', 3,
 ( #7379, #4171, #9949, #3469, #2504, #2400 ),
 .UNSPECIFIED., .F., .F.,
 ( 4, 2, 4 ),
 ( 0.000000000000000000, 0.0003125181372540166563, 0.0006250362745080333127 ),
 .UNSPECIFIED. ) ;
#5493 = CARTESIAN_POINT ( 'NONE',  ( -27.31198659095687731, -10.04040790171521103, 32.00000000000000000 ) ) ;
#5494 = CARTESIAN_POINT ( 'NONE',  ( 19.24049245051038071, 3.107150244380403770, 28.68503550434547478 ) ) ;
#5495 = ORIENTED_EDGE ( 'NONE', *, *, #8835, .T. ) ;
#5496 = CARTESIAN_POINT ( 'NONE',  ( -27.68443749514572261, -7.845792722635209770, 13.57678206104451135 ) ) ;
#5497 = CARTESIAN_POINT ( 'NONE',  ( 17.32902956042066478, -10.04040790171517195, 17.00000000000000000 ) ) ;
#5498 = EDGE_LOOP ( 'NONE', ( #3682, #4990, #10471, #8570, #9860 ) ) ;
#5499 = CARTESIAN_POINT ( 'NONE',  ( -12.36674535581153833, 14.98042954881430688, 28.80341115091635729 ) ) ;
#5500 = CARTESIAN_POINT ( 'NONE',  ( -6.884182392655146643, -18.27289750530668755, 28.68334702385682178 ) ) ;
#5501 = EDGE_CURVE ( 'NONE', #7408, #2871, #2743, .T. ) ;
#5502 = VERTEX_POINT ( 'NONE', #3404 ) ;
#5503 = VERTEX_POINT ( 'NONE', #5825 ) ;
#5504 = EDGE_CURVE ( 'NONE', #4790, #9307, #8719, .T. ) ;
#5505 = DIRECTION ( 'NONE',  ( 0.5000000000000002220, 0.8660254037844387076, 0.000000000000000000 ) ) ;
#5506 = EDGE_CURVE ( 'NONE', #3720, #7698, #3764, .T. ) ;
#5507 = CARTESIAN_POINT ( 'NONE',  ( -18.97923324503877751, 2.857009959467314175, 29.33415011555783281 ) ) ;
#5508 = CARTESIAN_POINT ( 'NONE',  ( -10.20222350350320006, -19.84040790171520641, 7.499999999999999112 ) ) ;
#5509 = CARTESIAN_POINT ( 'NONE',  ( 18.96690296372699436, 3.150336278436235649, 29.06596556568783996 ) ) ;
#5510 = CARTESIAN_POINT ( 'NONE',  ( -7.169155148610425243, -18.24503771453901280, 28.51282278473957632 ) ) ;
#5511 = CARTESIAN_POINT ( 'NONE',  ( 20.57581096038515867, 3.985043171468274359, 29.11706926974343901 ) ) ;
#5512 = CYLINDRICAL_SURFACE ( 'NONE', #394, 2.500000000000000000 ) ;
#5513 = CARTESIAN_POINT ( 'NONE',  ( -6.782342550262788983, -18.22421436105556580, 29.09561133619427409 ) ) ;
#5514 = CARTESIAN_POINT ( 'NONE',  ( -12.13071079210970105, 15.00828802669675888, 29.37753707949443438 ) ) ;
#5515 = CARTESIAN_POINT ( 'NONE',  ( 7.377480116372871599, 17.59618134940935974, 7.500000000000001776 ) ) ;
#5516 = CARTESIAN_POINT ( 'NONE',  ( 6.979579186542404834, -18.31267945410676745, 28.69122505955133207 ) ) ;
#5517 = ORIENTED_EDGE ( 'NONE', *, *, #9031, .T. ) ;
#5518 = CARTESIAN_POINT ( 'NONE',  ( -19.23466799335099608, 2.742870672888554129, 28.44400575806877995 ) ) ;
#5519 = CIRCLE ( 'NONE', #10135, 10.00000000000000533 ) ;
#5520 = DIRECTION ( 'NONE',  ( -1.000000000000000000, -1.101697372407250679E-15, 0.000000000000000000 ) ) ;
#5521 = CARTESIAN_POINT ( 'NONE',  ( 19.42607191744719941, 2.818397329761608727, 28.50088384319746737 ) ) ;
#5522 = AXIS2_PLACEMENT_3D ( 'NONE', #10004, #2723, #2777 ) ;
#5523 = AXIS2_PLACEMENT_3D ( 'NONE', #2532, #6656, #6552 ) ;
#5524 = DIRECTION ( 'NONE',  ( -1.101697372407250679E-15, 1.000000000000000000, 0.000000000000000000 ) ) ;
#5525 = CARTESIAN_POINT ( 'NONE',  ( -12.36870147063109293, 14.95307927196362030, 29.09629871123637557 ) ) ;
#5526 = CARTESIAN_POINT ( 'NONE',  ( 22.01366273280676822, 1.561470381667456886, 32.00000000000000000 ) ) ;
#5527 = DIRECTION ( 'NONE',  ( -1.000000000000000000, 0.000000000000000000, 0.000000000000000000 ) ) ;
#5528 = CARTESIAN_POINT ( 'NONE',  ( 7.044295659792741304, -18.29496015871380266, 28.61989766921250578 ) ) ;
#5529 = CIRCLE ( 'NONE', #5872, 11.49999999999999645 ) ;
#5530 = ORIENTED_EDGE ( 'NONE', *, *, #9703, .F. ) ;
#5531 = CARTESIAN_POINT ( 'NONE',  ( 11.36119697378137516, 19.89618134940925032, 28.20000000000000284 ) ) ;
#5532 = CARTESIAN_POINT ( 'NONE',  ( 9.622866258350148527, -19.83200614199098410, 31.97592877889152163 ) ) ;
#5533 = DIRECTION ( 'NONE',  ( -0.8660254037844389297, 0.4999999999999996114, -0.000000000000000000 ) ) ;
#5534 = CARTESIAN_POINT ( 'NONE',  ( 12.12219399719846180, 15.31262440317148688, 28.50517197947058179 ) ) ;
#5535 = DIRECTION ( 'NONE',  ( 6.123233995736761105E-17, 1.060575238724907285E-16, 1.000000000000000000 ) ) ;
#5536 = CIRCLE ( 'NONE', #10315, 0.1999999999999987899 ) ;
#5537 = EDGE_CURVE ( 'NONE', #3387, #4728, #830, .T. ) ;
#5538 = VERTEX_POINT ( 'NONE', #9082 ) ;
#5539 = CARTESIAN_POINT ( 'NONE',  ( -12.18774407974852103, 15.29185909419692813, 28.51183922054422482 ) ) ;
#5540 = AXIS2_PLACEMENT_3D ( 'NONE', #6636, #9905, #5845 ) ;
#5541 = ORIENTED_EDGE ( 'NONE', *, *, #6318, .F. ) ;
#5542 = VERTEX_POINT ( 'NONE', #5768 ) ;
#5543 = CYLINDRICAL_SURFACE ( 'NONE', #1187, 1.099999999999996092 ) ;
#5544 = CARTESIAN_POINT ( 'NONE',  ( 7.529375709731972677, -18.04040790171480779, 28.30000000000000071 ) ) ;
#5545 = CARTESIAN_POINT ( 'NONE',  ( 6.369168748208426045, -18.04040790171481845, 28.30000000000000071 ) ) ;
#5546 = CARTESIAN_POINT ( 'NONE',  ( 19.28492115323244249, 3.074862879766825596, 28.63806960585985451 ) ) ;
#5547 = ORIENTED_EDGE ( 'NONE', *, *, #9799, .F. ) ;
#5548 = CARTESIAN_POINT ( 'NONE',  ( 19.48717414497095746, 2.796113064746391430, 28.49996611647302913 ) ) ;
#5549 = B_SPLINE_CURVE_WITH_KNOTS ( 'NONE', 3,
 ( #6641, #3596, #1130, #9321, #216, #4237 ),
 .UNSPECIFIED., .F., .F.,
 ( 4, 2, 4 ),
 ( -4.472146664850696155E-06, 0.0003123412476762618749, 0.0006291546420173745264 ),
 .UNSPECIFIED. ) ;
#5550 = DIRECTION ( 'NONE',  ( -1.000000000000000000, 0.000000000000000000, 0.000000000000000000 ) ) ;
#5551 = LINE ( 'NONE', #7360, #4080 ) ;
#5552 = ORIENTED_EDGE ( 'NONE', *, *, #9877, .T. ) ;
#5553 = CARTESIAN_POINT ( 'NONE',  ( -12.32022286315040205, 14.89624684882362260, 28.77696464990359360 ) ) ;
#5554 = CARTESIAN_POINT ( 'NONE',  ( -6.901481665355886363, -18.25748896814501876, 28.65610955924382353 ) ) ;
#5555 = EDGE_CURVE ( 'NONE', #185, #9439, #2220, .T. ) ;
#5556 = EDGE_LOOP ( 'NONE', ( #7623, #6177, #1073, #7762, #10164, #4414, #2316, #6071, #6288, #4474, #4899, #695, #9595, #7901, #1508, #5712, #8275, #6294, #2488, #7086 ) ) ;
#5557 = ORIENTED_EDGE ( 'NONE', *, *, #2412, .T. ) ;
#5558 = AXIS2_PLACEMENT_3D ( 'NONE', #5721, #8974, #8013 ) ;
#5559 = DIRECTION ( 'NONE',  ( 1.000000000000000000, 0.000000000000000000, 0.000000000000000000 ) ) ;
#5560 = CARTESIAN_POINT ( 'NONE',  ( -19.21707914681064722, 3.043373083435835902, 29.28039907046958845 ) ) ;
#5561 = DIRECTION ( 'NONE',  ( -1.101697372407250679E-15, 1.000000000000000000, 0.000000000000000000 ) ) ;
#5562 = CARTESIAN_POINT ( 'NONE',  ( 19.17896288463595766, 3.191321491931530918, 29.02122770440100297 ) ) ;
#5563 = CARTESIAN_POINT ( 'NONE',  ( -7.157678848849728936, -18.22349190832317944, 28.51142093226500762 ) ) ;
#5564 = CARTESIAN_POINT ( 'NONE',  ( -7.274305630064772821, -18.24040790171495630, 28.49996611647302203 ) ) ;
#5565 = CARTESIAN_POINT ( 'NONE',  ( 20.96860244792060257, 3.655666939284766048, 1.300000000000001155 ) ) ;
#5566 = CARTESIAN_POINT ( 'NONE',  ( -6.785101012181679714, -18.32767642020609955, 29.04568301858808965 ) ) ;
#5567 = CARTESIAN_POINT ( 'NONE',  ( -12.15163035620846799, 15.02917899537325930, 29.38340163665884219 ) ) ;
#5568 = DIRECTION ( 'NONE',  ( -0.8660254037844413721, 0.4999999999999951705, -0.000000000000000000 ) ) ;
#5569 = LINE ( 'NONE', #10328, #2518 ) ;
#5570 = CARTESIAN_POINT ( 'NONE',  ( -19.46312250496073304, 2.703910061474062765, 28.49723355437020444 ) ) ;
#5571 = DIRECTION ( 'NONE',  ( 0.5000000000000016653, -0.8660254037844375974, 0.000000000000000000 ) ) ;
#5572 = AXIS2_PLACEMENT_3D ( 'NONE', #3003, #2313, #5586 ) ;
#5573 = CARTESIAN_POINT ( 'NONE',  ( 19.24467969055596583, 2.907666059677735504, 28.50524347393881186 ) ) ;
#5574 = AXIS2_PLACEMENT_3D ( 'NONE', #7758, #4338, #9153 ) ;
#5575 = EDGE_CURVE ( 'NONE', #5790, #6211, #8204, .T. ) ;
#5576 = DIRECTION ( 'NONE',  ( 0.4999999999999952816, 0.8660254037844412611, 1.810146235801886110E-15 ) ) ;
#5577 = CARTESIAN_POINT ( 'NONE',  ( -12.33726057984721081, 14.92682676455381596, 29.09529719817791715 ) ) ;
#5578 = LINE ( 'NONE', #5681, #5133 ) ;
#5579 = CARTESIAN_POINT ( 'NONE',  ( -6.443651301900954920, 36.82122461593445450, 7.190258411231703839 ) ) ;
#5580 = ADVANCED_FACE ( 'NONE', ( #10260 ), #1527, .T. ) ;
#5581 = CARTESIAN_POINT ( 'NONE',  ( 6.963469874932926018, -18.20287572093765860, 28.62396237044848846 ) ) ;
#5582 = ORIENTED_EDGE ( 'NONE', *, *, #10085, .T. ) ;
#5583 = EDGE_CURVE ( 'NONE', #2474, #9060, #7523, .T. ) ;
#5584 = CARTESIAN_POINT ( 'NONE',  ( -66.37105222701389096, -26.48366435127810092, 28.20000000000000284 ) ) ;
#5585 = CARTESIAN_POINT ( 'NONE',  ( 22.35296230499620052, 1.257885330871051366, 32.00000000000000000 ) ) ;
#5586 = DIRECTION ( 'NONE',  ( -1.000000000000000000, 1.734723475976802677E-14, 0.000000000000000000 ) ) ;
#5587 = CARTESIAN_POINT ( 'NONE',  ( 12.11486935350701977, 14.86264592273327168, 29.21810092289697991 ) ) ;
#5588 = CARTESIAN_POINT ( 'NONE',  ( 7.333924815134161612, -18.19612823800481038, 28.49628953726925573 ) ) ;
#5589 = EDGE_CURVE ( 'NONE', #9656, #3344, #8378, .T. ) ;
#5590 = ORIENTED_EDGE ( 'NONE', *, *, #9221, .F. ) ;
#5591 = CARTESIAN_POINT ( 'NONE',  ( -12.08581354918733730, 15.34229402417266819, 28.49697292815863747 ) ) ;
#5592 = AXIS2_PLACEMENT_3D ( 'NONE', #2022, #6793, #5135 ) ;
#5593 = ORIENTED_EDGE ( 'NONE', *, *, #8075, .T. ) ;
#5594 = EDGE_LOOP ( 'NONE', ( #1701, #9212, #7900, #5827 ) ) ;
#5595 = CARTESIAN_POINT ( 'NONE',  ( 11.59777649649680420, -19.84040790171517799, 7.500000000000001776 ) ) ;
#5596 = DIRECTION ( 'NONE',  ( 0.5000000000000002220, 0.8660254037844387076, 0.000000000000000000 ) ) ;
#5597 = FACE_OUTER_BOUND ( 'NONE', #2467, .T. ) ;
#5598 = CIRCLE ( 'NONE', #1309, 0.1999999999999987899 ) ;
#5599 = VERTEX_POINT ( 'NONE', #1263 ) ;
#5600 = CARTESIAN_POINT ( 'NONE',  ( 17.00852148289529708, 43.06387632116691577, 0.000000000000000000 ) ) ;
#5601 = DIRECTION ( 'NONE',  ( 0.000000000000000000, -0.000000000000000000, -1.000000000000000000 ) ) ;
#5602 = DIRECTION ( 'NONE',  ( 1.000000000000000000, 0.000000000000000000, 0.000000000000000000 ) ) ;
#5603 = ORIENTED_EDGE ( 'NONE', *, *, #10339, .T. ) ;
#5604 = CARTESIAN_POINT ( 'NONE',  ( -12.40006097457325218, 15.04183386584278281, 28.74794295034654112 ) ) ;
#5605 = CARTESIAN_POINT ( 'NONE',  ( -6.839270853511146164, -18.28544657829444731, 28.75573580607852264 ) ) ;
#5606 = ORIENTED_EDGE ( 'NONE', *, *, #8373, .T. ) ;
#5607 = ORIENTED_EDGE ( 'NONE', *, *, #10069, .T. ) ;
#5608 = CIRCLE ( 'NONE', #5956, 0.1999999999999987899 ) ;
#5609 = CARTESIAN_POINT ( 'NONE',  ( 17.00852148289529708, 50.96410000294401499, 3.500000000000000888 ) ) ;
#5610 = CARTESIAN_POINT ( 'NONE',  ( -19.24062538454888482, 3.125256356798753021, 29.14662639353556273 ) ) ;
#5611 = CARTESIAN_POINT ( 'NONE',  ( -12.06910170774853164, 14.04053508535445793, 28.80984104381392896 ) ) ;
#5612 = CARTESIAN_POINT ( 'NONE',  ( 19.18837653001746446, 3.192917869456396662, 29.04630179860814465 ) ) ;
#5613 = EDGE_CURVE ( 'NONE', #9496, #562, #9233, .T. ) ;
#5614 = CARTESIAN_POINT ( 'NONE',  ( -7.074451730184575737, -18.31513248255329174, 28.54298074442859345 ) ) ;
#5615 = CARTESIAN_POINT ( 'NONE',  ( -26.75952987388607696, -6.404032874454655300, 15.42542045655120120 ) ) ;
#5616 = CARTESIAN_POINT ( 'NONE',  ( -12.11356797664488205, 15.36351725728515660, 28.30000000000000071 ) ) ;
#5617 = CARTESIAN_POINT ( 'NONE',  ( -6.724420948325215086, -18.11513379309500138, 29.01522484076285480 ) ) ;
#5618 = CARTESIAN_POINT ( 'NONE',  ( -12.28502338156282825, 14.94311643595934669, 29.23501589483270990 ) ) ;
#5619 = ADVANCED_FACE ( 'NONE', ( #1104 ), #4278, .T. ) ;
#5620 = CARTESIAN_POINT ( 'NONE',  ( -19.30992222562655058, 2.721583321944481160, 28.47924255499487245 ) ) ;
#5621 = CARTESIAN_POINT ( 'NONE',  ( 19.19876651030180525, 2.976921786912331669, 29.39223191351925379 ) ) ;
#5622 = DIRECTION ( 'NONE',  ( 0.000000000000000000, 0.000000000000000000, 1.000000000000000000 ) ) ;
#5623 = CYLINDRICAL_SURFACE ( 'NONE', #2442, 0.1999999999999987899 ) ;
#5624 = CIRCLE ( 'NONE', #9215, 1.100000000000000311 ) ;
#5625 = CARTESIAN_POINT ( 'NONE',  ( 13.66860244792059120, 16.29963783453756321, 1.300000000000001155 ) ) ;
#5626 = CARTESIAN_POINT ( 'NONE',  ( -23.77614697052907999, -25.04040790171522346, 0.000000000000000000 ) ) ;
#5627 = LINE ( 'NONE', #4818, #1379 ) ;
#5628 = CARTESIAN_POINT ( 'NONE',  ( 12.05897443079163978, 15.27720816155560968, 28.47153962324849985 ) ) ;
#5629 = EDGE_CURVE ( 'NONE', #1850, #6061, #3567, .T. ) ;
#5630 = AXIS2_PLACEMENT_3D ( 'NONE', #2363, #690, #1500 ) ;
#5631 = ORIENTED_EDGE ( 'NONE', *, *, #4227, .T. ) ;
#5632 = ADVANCED_FACE ( 'NONE', ( #7636 ), #8549, .F. ) ;
#5633 = CARTESIAN_POINT ( 'NONE',  ( 11.93655164035171445, 15.29963783453756321, 1.700000000000001510 ) ) ;
#5634 = AXIS2_PLACEMENT_3D ( 'NONE', #5157, #5051, #8528 ) ;
#5635 = ADVANCED_FACE ( 'NONE', ( #349 ), #9244, .F. ) ;
#5636 = DIRECTION ( 'NONE',  ( -1.224646799147353207E-16, -1.349190160747589117E-31, 1.000000000000000000 ) ) ;
#5637 = CIRCLE ( 'NONE', #4610, 1.300000000000001155 ) ;
#5638 = CYLINDRICAL_SURFACE ( 'NONE', #10084, 0.1999999999999996503 ) ;
#5639 = ADVANCED_FACE ( 'NONE', ( #1311 ), #7586, .F. ) ;
#5640 = CARTESIAN_POINT ( 'NONE',  ( 12.66119697378130837, 17.64451529956983578, 7.500000000000001776 ) ) ;
#5641 = CARTESIAN_POINT ( 'NONE',  ( 12.28593539856063899, 14.92146692493424887, 28.97871583177522936 ) ) ;
#5642 = CARTESIAN_POINT ( 'NONE',  ( -7.270624290268025369, -18.24040790171495630, 28.30000000000000071 ) ) ;
#5643 = CIRCLE ( 'NONE', #5473, 4.999999999999997335 ) ;
#5644 = ORIENTED_EDGE ( 'NONE', *, *, #6082, .T. ) ;
#5645 = FACE_OUTER_BOUND ( 'NONE', #8847, .T. ) ;
#5646 = AXIS2_PLACEMENT_3D ( 'NONE', #4271, #5720, #6731 ) ;
#5647 = ORIENTED_EDGE ( 'NONE', *, *, #2005, .F. ) ;
#5648 = VERTEX_POINT ( 'NONE', #2825 ) ;
#5649 = CARTESIAN_POINT ( 'NONE',  ( 12.10975672110860302, 15.39963783453756285, 28.30000000000000071 ) ) ;
#5650 = CIRCLE ( 'NONE', #3769, 2.500000000000000000 ) ;
#5651 = DIRECTION ( 'NONE',  ( -0.8660254037844407060, 0.4999999999999967804, -7.511572993685810736E-15 ) ) ;
#5652 = ORIENTED_EDGE ( 'NONE', *, *, #4846, .F. ) ;
#5653 = DIRECTION ( 'NONE',  ( -0.000000000000000000, -0.000000000000000000, 1.000000000000000000 ) ) ;
#5654 = CARTESIAN_POINT ( 'NONE',  ( -35.22822243427287248, -7.933858800920125631, 7.192130444429973402 ) ) ;
#5655 = LINE ( 'NONE', #7201, #6305 ) ;
#5656 = ORIENTED_EDGE ( 'NONE', *, *, #988, .F. ) ;
#5657 = CARTESIAN_POINT ( 'NONE',  ( -12.37802504154460870, 14.99372763851058821, 28.79934697647854236 ) ) ;
#5658 = CARTESIAN_POINT ( 'NONE',  ( -6.846395540542091318, -18.20989598113559538, 28.66825318885492280 ) ) ;
#5659 = VECTOR ( 'NONE', #2592, 1000.000000000000000 ) ;
#5660 = EDGE_LOOP ( 'NONE', ( #7040, #6550, #8058, #3646 ) ) ;
#5661 = ORIENTED_EDGE ( 'NONE', *, *, #8465, .F. ) ;
#5662 = DIRECTION ( 'NONE',  ( 0.8660254037844292707, -0.5000000000000160982, 0.000000000000000000 ) ) ;
#5663 = CARTESIAN_POINT ( 'NONE',  ( -18.92251073189199317, 2.990547335393051842, 29.21161698055985667 ) ) ;
#5664 = DIRECTION ( 'NONE',  ( -0.8660254037844381525, -0.5000000000000009992, 0.000000000000000000 ) ) ;
#5665 = CARTESIAN_POINT ( 'NONE',  ( 19.18001272094537413, 3.189519084102113933, 29.04641671811584658 ) ) ;
#5666 = CARTESIAN_POINT ( 'NONE',  ( -7.226866401779314053, -18.24457561639932379, 28.50088191899057222 ) ) ;
#5667 = CARTESIAN_POINT ( 'NONE',  ( 8.668775522576252612, 24.95959209828481207, 17.00000000000000000 ) ) ;
#5668 = CIRCLE ( 'NONE', #1553, 1.099999999999999423 ) ;
#5669 = DIRECTION ( 'NONE',  ( 1.026956297778269800E-14, -1.000000000000000000, -0.000000000000000000 ) ) ;
#5670 = CARTESIAN_POINT ( 'NONE',  ( -6.787607821308247580, -18.25614099620244346, 29.09629871123628675 ) ) ;
#5671 = CARTESIAN_POINT ( 'NONE',  ( -12.28684711107631600, 15.12571133292704850, 29.39571968233660471 ) ) ;
#5672 = EDGE_CURVE ( 'NONE', #2209, #2773, #5178, .T. ) ;
#5673 = ADVANCED_FACE ( 'NONE', ( #402 ), #5415, .T. ) ;
#5674 = CARTESIAN_POINT ( 'NONE',  ( -12.20462579470026654, 15.07386301678708485, 29.39279517359650384 ) ) ;
#5675 = DIRECTION ( 'NONE',  ( -0.8660254037844380415, -0.5000000000000008882, 0.000000000000000000 ) ) ;
#5676 = CARTESIAN_POINT ( 'NONE',  ( -19.39665956005960012, 2.747009365178348261, 28.50365854766364748 ) ) ;
#5677 = DIRECTION ( 'NONE',  ( -1.000000000000000000, 2.857191607799910219E-15, 0.000000000000000000 ) ) ;
#5678 = CARTESIAN_POINT ( 'NONE',  ( 10.29777649649660987, -15.24040790171518545, 28.20000000000000284 ) ) ;
#5679 = DIRECTION ( 'NONE',  ( -0.8660254037844413721, 0.4999999999999952260, 0.000000000000000000 ) ) ;
#5680 = DIRECTION ( 'NONE',  ( -1.000000000000000000, 0.000000000000000000, 0.000000000000000000 ) ) ;
#5681 = CARTESIAN_POINT ( 'NONE',  ( 17.32902956042067544, -15.04040790171517905, 32.00000000000000000 ) ) ;
#5682 = DIRECTION ( 'NONE',  ( -0.5000000000000003331, 0.8660254037844384856, 0.000000000000000000 ) ) ;
#5683 = CARTESIAN_POINT ( 'NONE',  ( 21.61119697378124727, 2.142660571828514549, 28.19999999999999929 ) ) ;
#5684 = ADVANCED_FACE ( 'NONE', ( #10105 ), #9354, .T. ) ;
#5685 = ORIENTED_EDGE ( 'NONE', *, *, #1053, .T. ) ;
#5686 = CIRCLE ( 'NONE', #6538, 1.100000000000000311 ) ;
#5687 = FACE_OUTER_BOUND ( 'NONE', #8905, .T. ) ;
#5688 = CARTESIAN_POINT ( 'NONE',  ( 26.05581523131478150, -20.57129529459981754, 9.244863946338460536 ) ) ;
#5689 = PLANE ( 'NONE',  #10422 ) ;
#5690 = DIRECTION ( 'NONE',  ( -1.000000000000000000, -1.156482317317871528E-15, 0.000000000000000000 ) ) ;
#5691 = FACE_OUTER_BOUND ( 'NONE', #4875, .T. ) ;
#5692 = DIRECTION ( 'NONE',  ( 1.000000000000000000, 0.000000000000000000, 0.000000000000000000 ) ) ;
#5693 = ORIENTED_EDGE ( 'NONE', *, *, #6361, .T. ) ;
#5694 = DIRECTION ( 'NONE',  ( 1.026956297778269800E-14, -1.000000000000000000, -0.000000000000000000 ) ) ;
#5695 = CIRCLE ( 'NONE', #5183, 5.000000000000006217 ) ;
#5696 = EDGE_CURVE ( 'NONE', #8393, #5847, #5226, .T. ) ;
#5697 = ORIENTED_EDGE ( 'NONE', *, *, #6357, .F. ) ;
#5698 = ORIENTED_EDGE ( 'NONE', *, *, #9569, .F. ) ;
#5699 = CARTESIAN_POINT ( 'NONE',  ( -4.746095424604683366, 32.61277310118043005, 9.368235423368208359 ) ) ;
#5700 = DIRECTION ( 'NONE',  ( 0.4999999999999995559, 0.8660254037844389297, 0.000000000000000000 ) ) ;
#5701 = AXIS2_PLACEMENT_3D ( 'NONE', #338, #4471, #7730 ) ;
#5702 = DIRECTION ( 'NONE',  ( -0.4999999999999966693, -0.8660254037844405950, 0.000000000000000000 ) ) ;
#5703 = ORIENTED_EDGE ( 'NONE', *, *, #9431, .T. ) ;
#5704 = CARTESIAN_POINT ( 'NONE',  ( 27.17839446395945657, -7.100008336930077490, 14.65471539906044995 ) ) ;
#5705 = EDGE_CURVE ( 'NONE', #5502, #4277, #10376, .T. ) ;
#5706 = LINE ( 'NONE', #4612, #164 ) ;
#5707 = FACE_OUTER_BOUND ( 'NONE', #7935, .T. ) ;
#5708 = ORIENTED_EDGE ( 'NONE', *, *, #3085, .F. ) ;
#5709 = CARTESIAN_POINT ( 'NONE',  ( -12.32758198594910581, 15.09580851396747470, 28.63806960585987582 ) ) ;
#5710 = VECTOR ( 'NONE', #4354, 1000.000000000000000 ) ;
#5711 = CARTESIAN_POINT ( 'NONE',  ( -7.003912001056300518, -18.27914894603829410, 28.57992732422280824 ) ) ;
#5712 = ORIENTED_EDGE ( 'NONE', *, *, #7199, .F. ) ;
#5713 = VERTEX_POINT ( 'NONE', #4483 ) ;
#5714 = AXIS2_PLACEMENT_3D ( 'NONE', #4831, #1613, #2475 ) ;
#5715 = DIRECTION ( 'NONE',  ( 0.5000000000000008882, -0.8660254037844380415, 0.000000000000000000 ) ) ;
#5716 = EDGE_CURVE ( 'NONE', #274, #2100, #8147, .T. ) ;
#5717 = DIRECTION ( 'NONE',  ( -0.4999999999999913403, -0.8660254037844437036, -1.055151062830533985E-14 ) ) ;
#5718 = CARTESIAN_POINT ( 'NONE',  ( -16.99147851343124316, 43.06410000294339824, 7.000000000000000000 ) ) ;
#5719 = CARTESIAN_POINT ( 'NONE',  ( 19.17907151391903753, 3.180688597072889312, 29.09625827074987825 ) ) ;
#5720 = DIRECTION ( 'NONE',  ( -0.8660254037844389297, 0.4999999999999996114, -0.000000000000000000 ) ) ;
#5721 = CARTESIAN_POINT ( 'NONE',  ( 18.27748011637281422, -1.283172453091272036, 28.19999999999999929 ) ) ;
#5722 = CARTESIAN_POINT ( 'NONE',  ( -12.36650061544461465, 14.93838620314421739, 29.02151808774220143 ) ) ;
#5723 = CARTESIAN_POINT ( 'NONE',  ( -6.786133128314211227, -18.24585175561771777, 29.09613773530164238 ) ) ;
#5724 = CARTESIAN_POINT ( 'NONE',  ( -12.17312052917186449, 14.94861971910544085, 29.32170027649749500 ) ) ;
#5725 = ORIENTED_EDGE ( 'NONE', *, *, #8832, .T. ) ;
#5726 = CARTESIAN_POINT ( 'NONE',  ( -28.65127310608539801, -26.17292137619378067, 7.002777005431592983 ) ) ;
#5727 = DIRECTION ( 'NONE',  ( 1.000000000000000000, 1.301042606982613209E-14, 0.000000000000000000 ) ) ;
#5728 = CARTESIAN_POINT ( 'NONE',  ( -19.28943527450525863, 2.770145328948606878, 28.48479535060505796 ) ) ;
#5729 = FACE_OUTER_BOUND ( 'NONE', #10573, .T. ) ;
#5730 = CARTESIAN_POINT ( 'NONE',  ( 19.34208153884232928, 2.747834334564007719, 28.49073423466812827 ) ) ;
#5731 = CARTESIAN_POINT ( 'NONE',  ( -21.64211360987907540, -7.540407901715211914, 0.000000000000000000 ) ) ;
#5732 = CARTESIAN_POINT ( 'NONE',  ( -39.97329120819144777, -42.75833186246224926, 7.000000000000000000 ) ) ;
#5733 = CARTESIAN_POINT ( 'NONE',  ( -13.57241370345687770, 16.43672233804203486, 28.50000000000000000 ) ) ;
#5734 = DIRECTION ( 'NONE',  ( 0.8660254037844382635, 0.5000000000000008882, -0.000000000000000000 ) ) ;
#5735 = CARTESIAN_POINT ( 'NONE',  ( 4.946817509234909593, 36.41722364723856487, 7.403175430149974368 ) ) ;
#5736 = ORIENTED_EDGE ( 'NONE', *, *, #3733, .F. ) ;
#5737 = CARTESIAN_POINT ( 'NONE',  ( -15.77276837002725074, 9.025596260870788257, 28.30000000000000071 ) ) ;
#5738 = CARTESIAN_POINT ( 'NONE',  ( 26.96132369472266177, -21.16881905524452634, 8.506687725121370391 ) ) ;
#5739 = LINE ( 'NONE', #4774, #2992 ) ;
#5740 = CARTESIAN_POINT ( 'NONE',  ( 19.30279061167662746, 3.074226385549154728, 28.63134993243647131 ) ) ;
#5741 = CARTESIAN_POINT ( 'NONE',  ( 12.31907957716210689, 14.97113376044838873, 28.98385033817545775 ) ) ;
#5742 = ADVANCED_FACE ( 'NONE', ( #6140 ), #452, .T. ) ;
#5743 = VERTEX_POINT ( 'NONE', #5777 ) ;
#5744 = DIRECTION ( 'NONE',  ( 0.3004160321429062419, -0.5203358310797631114, 0.7993752751530689427 ) ) ;
#5745 = B_SPLINE_CURVE_WITH_KNOTS ( 'NONE', 3,
 ( #10308, #8646, #1411, #2114 ),
 .UNSPECIFIED., .F., .F.,
 ( 4, 4 ),
 ( 9.813077866773594792E-18, 0.0003527882210653415806 ),
 .UNSPECIFIED. ) ;
#5746 = ORIENTED_EDGE ( 'NONE', *, *, #1290, .T. ) ;
#5747 = ORIENTED_EDGE ( 'NONE', *, *, #5337, .F. ) ;
#5748 = FACE_OUTER_BOUND ( 'NONE', #6764, .T. ) ;
#5749 = DIRECTION ( 'NONE',  ( 0.8660254037844381525, 0.5000000000000008882, -0.000000000000000000 ) ) ;
#5750 = EDGE_CURVE ( 'NONE', #8786, #3084, #9536, .T. ) ;
#5751 = CARTESIAN_POINT ( 'NONE',  ( 17.00852148289529708, 40.09113717595204918, 7.000000000000000000 ) ) ;
#5752 = EDGE_LOOP ( 'NONE', ( #5016, #10029 ) ) ;
#5753 = DIRECTION ( 'NONE',  ( -1.224646799147353207E-16, -1.349190160747589117E-31, 1.000000000000000000 ) ) ;
#5754 = CARTESIAN_POINT ( 'NONE',  ( -19.03944340872622121, 3.563484505214969289, 28.91885614559805617 ) ) ;
#5755 = DIRECTION ( 'NONE',  ( -1.000000000000000000, -1.101697372407250679E-15, 0.000000000000000000 ) ) ;
#5756 = ORIENTED_EDGE ( 'NONE', *, *, #7335, .T. ) ;
#5757 = CARTESIAN_POINT ( 'NONE',  ( -12.32549499969713480, 15.09116873498903111, 28.64008160065019837 ) ) ;
#5758 = CARTESIAN_POINT ( 'NONE',  ( -6.918557530371193032, -18.27521825193267802, 28.64668381365774508 ) ) ;
#5759 = VERTEX_POINT ( 'NONE', #4118 ) ;
#5760 = ORIENTED_EDGE ( 'NONE', *, *, #3817, .F. ) ;
#5761 = EDGE_CURVE ( 'NONE', #5935, #4657, #96, .T. ) ;
#5762 = AXIS2_PLACEMENT_3D ( 'NONE', #7380, #2402, #7436 ) ;
#5763 = CARTESIAN_POINT ( 'NONE',  ( 33.49514364927096466, -39.00833186246217110, 3.500000000000000000 ) ) ;
#5764 = CARTESIAN_POINT ( 'NONE',  ( 7.529375709731993105, -20.04040790171481135, 28.50000000000000000 ) ) ;
#5765 = DIRECTION ( 'NONE',  ( -0.8660254037844413721, 0.4999999999999951705, -0.000000000000000000 ) ) ;
#5766 = ADVANCED_FACE ( 'NONE', ( #8981 ), #9092, .F. ) ;
#5767 = CARTESIAN_POINT ( 'NONE',  ( 19.15116327213012681, 3.181866592476559230, 29.02188948244888067 ) ) ;
#5768 = CARTESIAN_POINT ( 'NONE',  ( -6.273615755214860812, -18.04040790171494635, 28.30000000000000071 ) ) ;
#5769 = CARTESIAN_POINT ( 'NONE',  ( -12.20661409683920873, 18.80235664966127018, 7.499999999999999112 ) ) ;
#5770 = CARTESIAN_POINT ( 'NONE',  ( -12.33712201627557725, 14.91444291224030927, 29.04648262016877069 ) ) ;
#5771 = CARTESIAN_POINT ( 'NONE',  ( -6.728278568953854233, -18.14697418561879516, 28.95152937505131518 ) ) ;
#5772 = CARTESIAN_POINT ( 'NONE',  ( -12.21386842197222755, 14.98844419687503837, 29.33232867956968448 ) ) ;
#5773 = ADVANCED_FACE ( 'NONE', ( #730 ), #6685, .F. ) ;
#5774 = CIRCLE ( 'NONE', #10223, 10.00000000000000178 ) ;
#5775 = VERTEX_POINT ( 'NONE', #3360 ) ;
#5776 = CARTESIAN_POINT ( 'NONE',  ( -28.74206799765555331, -24.41786336816112879, 7.132523598724383795 ) ) ;
#5777 = CARTESIAN_POINT ( 'NONE',  ( 12.05581596176045878, 38.06410000294339113, 7.000000000000000000 ) ) ;
#5778 = CARTESIAN_POINT ( 'NONE',  ( -19.45477075021206304, 2.774464551542149771, 28.50352873266847098 ) ) ;
#5779 = LINE ( 'NONE', #9038, #6817 ) ;
#5780 = CARTESIAN_POINT ( 'NONE',  ( -17.95188957942405494, -0.9709161997098797459, 32.00000000000000000 ) ) ;
#5781 = VECTOR ( 'NONE', #7868, 1000.000000000000000 ) ;
#5782 = CARTESIAN_POINT ( 'NONE',  ( 13.66492974720092946, 15.77117555124429593, 29.02174294967298707 ) ) ;
#5783 = FACE_OUTER_BOUND ( 'NONE', #6986, .T. ) ;
#5784 = CARTESIAN_POINT ( 'NONE',  ( -6.919605413434828378, -17.98692492225382722, 29.35091203847118635 ) ) ;
#5785 = DIRECTION ( 'NONE',  ( 0.5000000000000007772, -0.8660254037844382635, 0.000000000000000000 ) ) ;
#5786 = CARTESIAN_POINT ( 'NONE',  ( 4.945668874375246382, 31.40820197496643118, 10.42231068238111114 ) ) ;
#5787 = VECTOR ( 'NONE', #5677, 1000.000000000000000 ) ;
#5788 = B_SPLINE_CURVE_WITH_KNOTS ( 'NONE', 3,
 ( #2680, #9319, #10125, #1071 ),
 .UNSPECIFIED., .F., .F.,
 ( 4, 4 ),
 ( 0.000000000000000000, 0.0003527882210653439658 ),
 .UNSPECIFIED. ) ;
#5789 = DIRECTION ( 'NONE',  ( -1.101697372407250679E-15, 1.000000000000000000, 0.000000000000000000 ) ) ;
#5790 = VERTEX_POINT ( 'NONE', #9894 ) ;
#5791 = DIRECTION ( 'NONE',  ( -0.5000000000000008882, 0.8660254037844381525, 0.000000000000000000 ) ) ;
#5792 = DIRECTION ( 'NONE',  ( -1.000000000000000000, 0.000000000000000000, -0.000000000000000000 ) ) ;
#5793 = CARTESIAN_POINT ( 'NONE',  ( 21.65915657934286287, -7.540407901715167505, 0.000000000000000000 ) ) ;
#5794 = CARTESIAN_POINT ( 'NONE',  ( 19.23701496170742331, 3.107707593083864683, 28.68643271070607170 ) ) ;
#5795 = CARTESIAN_POINT ( 'NONE',  ( 12.24361949315386333, 15.02031657615476590, 29.26455518597619587 ) ) ;
#5796 = CIRCLE ( 'NONE', #9551, 0.1999999999999996503 ) ;
#5797 = VERTEX_POINT ( 'NONE', #2562 ) ;
#5798 = CARTESIAN_POINT ( 'NONE',  ( 12.23758430727762025, 15.32018419934833098, 28.52803273687282726 ) ) ;
#5799 = VECTOR ( 'NONE', #4630, 1000.000000000000227 ) ;
#5800 = ORIENTED_EDGE ( 'NONE', *, *, #2987, .T. ) ;
#5801 = EDGE_CURVE ( 'NONE', #7698, #9018, #8132, .T. ) ;
#5802 = VECTOR ( 'NONE', #6989, 999.9999999999998863 ) ;
#5803 = ORIENTED_EDGE ( 'NONE', *, *, #4570, .T. ) ;
#5804 = DIRECTION ( 'NONE',  ( -0.000000000000000000, -0.000000000000000000, -1.000000000000000000 ) ) ;
#5805 = CARTESIAN_POINT ( 'NONE',  ( 7.529375709731974453, -18.24040790171480708, 1.500000000000001332 ) ) ;
#5806 = CARTESIAN_POINT ( 'NONE',  ( -10.20222350350397278, 55.26510000294447877, 7.499999999999999112 ) ) ;
#5807 = AXIS2_PLACEMENT_3D ( 'NONE', #9598, #2256, #2907 ) ;
#5808 = VERTEX_POINT ( 'NONE', #5024 ) ;
#5809 = DIRECTION ( 'NONE',  ( 1.101697372407250679E-15, -1.000000000000000000, -0.000000000000000000 ) ) ;
#5810 = AXIS2_PLACEMENT_3D ( 'NONE', #7659, #1074, #6865 ) ;
#5811 = FACE_OUTER_BOUND ( 'NONE', #6658, .T. ) ;
#5812 = VECTOR ( 'NONE', #4948, 1000.000000000000000 ) ;
#5813 = CARTESIAN_POINT ( 'NONE',  ( -7.470624290268025547, -18.24040790171495985, 1.500000000000001332 ) ) ;
#5814 = ORIENTED_EDGE ( 'NONE', *, *, #207, .T. ) ;
#5815 = CARTESIAN_POINT ( 'NONE',  ( -12.36146017278542786, 15.08921573634518332, 28.66478519012852288 ) ) ;
#5816 = CARTESIAN_POINT ( 'NONE',  ( -7.000445630170176514, -18.27547418092873599, 28.58138870355752559 ) ) ;
#5817 = ADVANCED_FACE ( 'NONE', ( #8291 ), #1646, .T. ) ;
#5818 = AXIS2_PLACEMENT_3D ( 'NONE', #3843, #2931, #6200 ) ;
#5819 = ORIENTED_EDGE ( 'NONE', *, *, #7530, .T. ) ;
#5820 = ORIENTED_EDGE ( 'NONE', *, *, #5368, .F. ) ;
#5821 = DIRECTION ( 'NONE',  ( 0.000000000000000000, -0.000000000000000000, -1.000000000000000000 ) ) ;
#5822 = CARTESIAN_POINT ( 'NONE',  ( 28.48076211353466647, -14.99999999999999467, 0.1999999999999996503 ) ) ;
#5823 = CARTESIAN_POINT ( 'NONE',  ( -13.57241370345687770, 16.43672233804203486, 1.700000000000000178 ) ) ;
#5824 = CARTESIAN_POINT ( 'NONE',  ( 19.15209951810671285, 3.181296121553563339, 28.90030214447741130 ) ) ;
#5825 = CARTESIAN_POINT ( 'NONE',  ( 11.59777649649680420, -20.04040790171517727, 7.500000000000001776 ) ) ;
#5826 = CYLINDRICAL_SURFACE ( 'NONE', #75, 1.099999999999998979 ) ;
#5827 = ORIENTED_EDGE ( 'NONE', *, *, #5537, .F. ) ;
#5828 = CARTESIAN_POINT ( 'NONE',  ( -12.38349529672242255, 14.95464734724216527, 29.04626811818681631 ) ) ;
#5829 = EDGE_CURVE ( 'NONE', #8531, #3133, #146, .T. ) ;
#5830 = CARTESIAN_POINT ( 'NONE',  ( -6.778687864795278628, -18.26781787539085400, 28.94539439669915026 ) ) ;
#5831 = CARTESIAN_POINT ( 'NONE',  ( -12.21877043624061976, 14.99262993604081551, 29.33321254067105244 ) ) ;
#5832 = VECTOR ( 'NONE', #8730, 1000.000000000000114 ) ;
#5833 = ADVANCED_FACE ( 'NONE', ( #3416 ), #7292, .T. ) ;
#5834 = EDGE_LOOP ( 'NONE', ( #6244, #2683, #909, #441 ) ) ;
#5835 = EDGE_CURVE ( 'NONE', #4536, #9186, #4565, .T. ) ;
#5836 = CARTESIAN_POINT ( 'NONE',  ( 19.26869308761358823, 3.012580368975251055, 29.39538027674504050 ) ) ;
#5837 = CARTESIAN_POINT ( 'NONE',  ( -12.30918646594112786, 14.63258405165488618, 28.34816684064372794 ) ) ;
#5838 = CARTESIAN_POINT ( 'NONE',  ( -19.24305993821558403, 2.846433383008429185, 28.49375084699509131 ) ) ;
#5839 = CARTESIAN_POINT ( 'NONE',  ( 19.25508486240898165, 3.098243746537319598, 29.33287930512289066 ) ) ;
#5840 = CARTESIAN_POINT ( 'NONE',  ( -6.977083657090682678, -18.22161666479105335, 29.39498270244665079 ) ) ;
#5841 = DIRECTION ( 'NONE',  ( -0.000000000000000000, 0.000000000000000000, -1.000000000000000000 ) ) ;
#5842 = DIRECTION ( 'NONE',  ( 6.123233995736775897E-17, -1.060575238724906175E-16, 1.000000000000000000 ) ) ;
#5843 = CARTESIAN_POINT ( 'NONE',  ( -6.895651269009383633, -18.13973410517531093, 29.33232867956614598 ) ) ;
#5844 = CARTESIAN_POINT ( 'NONE',  ( 9.197776496496803844, -19.84040790171517799, 7.500000000000001776 ) ) ;
#5845 = DIRECTION ( 'NONE',  ( -1.000000000000000000, 0.000000000000000000, 0.000000000000000000 ) ) ;
#5846 = FACE_OUTER_BOUND ( 'NONE', #3608, .T. ) ;
#5847 = VERTEX_POINT ( 'NONE', #841 ) ;
#5848 = CARTESIAN_POINT ( 'NONE',  ( 12.23946213389539039, 15.17521287547564945, 29.39307649821726187 ) ) ;
#5849 = CARTESIAN_POINT ( 'NONE',  ( 28.75076245674430098, -24.29344170373605039, 7.146057632128520076 ) ) ;
#5850 = DIRECTION ( 'NONE',  ( 0.4999999999999995559, 0.8660254037844389297, 0.000000000000000000 ) ) ;
#5851 = CARTESIAN_POINT ( 'NONE',  ( 19.14326574288138261, 3.134244508661137019, 28.69759588846713427 ) ) ;
#5852 = DIRECTION ( 'NONE',  ( -1.000000000000000000, 0.000000000000000000, 0.000000000000000000 ) ) ;
#5853 = ORIENTED_EDGE ( 'NONE', *, *, #3355, .T. ) ;
#5854 = CARTESIAN_POINT ( 'NONE',  ( 12.38463368783638074, 15.06289763085968758, 28.84768968597689920 ) ) ;
#5855 = CIRCLE ( 'NONE', #7219, 2.700000000001499867 ) ;
#5856 = VERTEX_POINT ( 'NONE', #3196 ) ;
#5857 = ORIENTED_EDGE ( 'NONE', *, *, #6286, .F. ) ;
#5858 = CARTESIAN_POINT ( 'NONE',  ( -18.32724671323393650, 3.201109983602375308, 28.30000000000000071 ) ) ;
#5859 = DIRECTION ( 'NONE',  ( 1.015854067532018234E-14, -1.000000000000000000, 0.000000000000000000 ) ) ;
#5860 = DIRECTION ( 'NONE',  ( -1.000000000000000000, -1.577021341797099384E-15, 0.000000000000000000 ) ) ;
#5861 = EDGE_CURVE ( 'NONE', #2905, #10158, #1827, .T. ) ;
#5862 = ORIENTED_EDGE ( 'NONE', *, *, #7247, .T. ) ;
#5863 = CARTESIAN_POINT ( 'NONE',  ( -12.11356797664488205, 15.36351725728515660, 1.500000000000001332 ) ) ;
#5864 = CIRCLE ( 'NONE', #1580, 1.299999999999999156 ) ;
#5865 = CARTESIAN_POINT ( 'NONE',  ( 7.026008460274313805, -18.01214486509053003, 29.35919704513254658 ) ) ;
#5866 = CARTESIAN_POINT ( 'NONE',  ( 7.529375709731993105, -20.04040790171481135, 1.700000000000000178 ) ) ;
#5867 = ORIENTED_EDGE ( 'NONE', *, *, #3327, .F. ) ;
#5868 = CARTESIAN_POINT ( 'NONE',  ( -12.33521022741300932, 15.04577736952477629, 28.68304957900447505 ) ) ;
#5869 = CARTESIAN_POINT ( 'NONE',  ( -6.933317740583823330, -18.29416743434994785, 28.63700367107703926 ) ) ;
#5870 = EDGE_LOOP ( 'NONE', ( #3220, #2048, #9857, #5326 ) ) ;
#5871 = ORIENTED_EDGE ( 'NONE', *, *, #2157, .F. ) ;
#5872 = AXIS2_PLACEMENT_3D ( 'NONE', #2353, #5679, #5576 ) ;
#5873 = DIRECTION ( 'NONE',  ( 0.000000000000000000, 0.000000000000000000, -1.000000000000000000 ) ) ;
#5874 = CARTESIAN_POINT ( 'NONE',  ( 12.18440205453818237, 18.87034832448960131, 7.500000000000001776 ) ) ;
#5875 = CARTESIAN_POINT ( 'NONE',  ( 6.887027079464369095, -17.81095286227234098, 29.25474978903322665 ) ) ;
#5876 = CARTESIAN_POINT ( 'NONE',  ( 19.17737343538641426, 3.186019305808073909, 28.89692455547035621 ) ) ;
#5877 = AXIS2_PLACEMENT_3D ( 'NONE', #10183, #7719, #6763 ) ;
#5878 = CARTESIAN_POINT ( 'NONE',  ( -7.274305630064776373, -18.24071739788871938, 28.49996611647303979 ) ) ;
#5879 = EDGE_CURVE ( 'NONE', #5599, #6825, #4734, .T. ) ;
#5880 = CARTESIAN_POINT ( 'NONE',  ( 27.17839446395945657, -7.100008336930077490, 0.000000000000000000 ) ) ;
#5881 = ORIENTED_EDGE ( 'NONE', *, *, #6015, .T. ) ;
#5882 = CARTESIAN_POINT ( 'NONE',  ( -12.27817908711493544, 14.82785423322044593, 29.01522484076258834 ) ) ;
#5883 = AXIS2_PLACEMENT_3D ( 'NONE', #10347, #5422, #3715 ) ;
#5884 = CARTESIAN_POINT ( 'NONE',  ( -6.759904115112579603, -18.20548429313637229, 28.95038900857225173 ) ) ;
#5885 = CARTESIAN_POINT ( 'NONE',  ( -12.35889235070429315, 15.00101612261287976, 29.24354352653959666 ) ) ;
#5886 = AXIS2_PLACEMENT_3D ( 'NONE', #8354, #3481, #7497 ) ;
#5887 = ORIENTED_EDGE ( 'NONE', *, *, #2942, .F. ) ;
#5888 = LINE ( 'NONE', #1592, #4149 ) ;
#5889 = DIRECTION ( 'NONE',  ( -0.8660254037844382635, -0.5000000000000008882, 0.000000000000000000 ) ) ;
#5890 = CARTESIAN_POINT ( 'NONE',  ( -19.30076482190865050, 2.993591837009436318, 28.62338840234027160 ) ) ;
#5891 = CARTESIAN_POINT ( 'NONE',  ( 7.854275035615994049, 16.37034832448959421, 7.500000000000001776 ) ) ;
#5892 = CARTESIAN_POINT ( 'NONE',  ( 19.02261244305492482, 3.006277394165288275, 29.30555425511172274 ) ) ;
#5893 = CARTESIAN_POINT ( 'NONE',  ( 17.32902956042066478, -10.04040790171517195, 32.00000000000000000 ) ) ;
#5894 = CARTESIAN_POINT ( 'NONE',  ( -19.37314713668261135, -20.04040790171521635, 14.93889533304149531 ) ) ;
#5895 = CARTESIAN_POINT ( 'NONE',  ( -6.973733364192016282, -18.17002300659438063, 29.39239881551677769 ) ) ;
#5896 = CARTESIAN_POINT ( 'NONE',  ( -12.11356797664488205, 15.36351725728515838, 0.000000000000000000 ) ) ;
#5897 = ORIENTED_EDGE ( 'NONE', *, *, #6133, .F. ) ;
#5898 = LINE ( 'NONE', #5089, #6738 ) ;
#5899 = CARTESIAN_POINT ( 'NONE',  ( -9.746095424604677149, 38.06410000294339113, 7.000000000000000000 ) ) ;
#5900 = ORIENTED_EDGE ( 'NONE', *, *, #1681, .F. ) ;
#5902 = EDGE_CURVE ( 'NONE', #9318, #8568, #3708, .T. ) ;
#5901 = DIRECTION ( 'NONE',  ( -0.8660254037844279384, 0.5000000000000187628, 0.000000000000000000 ) ) ;
#5903 = CARTESIAN_POINT ( 'NONE',  ( -16.99147851343124671, 48.46410000294399367, 3.500000000000000444 ) ) ;
#5904 = CARTESIAN_POINT ( 'NONE',  ( 7.071715600440895422, -19.54040790171519504, 29.39427216176076740 ) ) ;
#5905 = CARTESIAN_POINT ( 'NONE',  ( 19.31679601961488046, 2.955549474774610275, 28.55345917653060894 ) ) ;
#5906 = DIRECTION ( 'NONE',  ( 0.4999999999999996114, 0.8660254037844389297, 0.000000000000000000 ) ) ;
#5907 = EDGE_CURVE ( 'NONE', #4191, #5132, #7809, .T. ) ;
#5908 = B_SPLINE_CURVE_WITH_KNOTS ( 'NONE', 3,
 ( #6443, #7409, #809, #7460, #9004, #4087 ),
 .UNSPECIFIED., .F., .F.,
 ( 4, 2, 4 ),
 ( -4.472146664847637519E-06, 0.0003123412476762588391, 0.0006291546420173653106 ),
 .UNSPECIFIED. ) ;
#5909 = DIRECTION ( 'NONE',  ( -1.101697372407250679E-15, 1.000000000000000000, 0.000000000000000000 ) ) ;
#5910 = ORIENTED_EDGE ( 'NONE', *, *, #2767, .T. ) ;
#5911 = CARTESIAN_POINT ( 'NONE',  ( 7.281576536836145586, -18.16599104889596461, 28.48638673831118595 ) ) ;
#5912 = AXIS2_PLACEMENT_3D ( 'NONE', #6386, #6892, #7687 ) ;
#5913 = ADVANCED_FACE ( 'NONE', ( #5236 ), #7750, .F. ) ;
#5914 = ORIENTED_EDGE ( 'NONE', *, *, #8486, .T. ) ;
#5915 = DIRECTION ( 'NONE',  ( -1.000000000000000000, 0.000000000000000000, 0.000000000000000000 ) ) ;
#5916 = DIRECTION ( 'NONE',  ( 1.000000000000000000, 0.000000000000000000, 0.000000000000000000 ) ) ;
#5917 = ADVANCED_FACE ( 'NONE', ( #10057 ), #5995, .F. ) ;
#5918 = CARTESIAN_POINT ( 'NONE',  ( 12.11336430398466746, 15.47975634641257692, 28.49369749103293259 ) ) ;
#5919 = EDGE_LOOP ( 'NONE', ( #7486, #8809 ) ) ;
#5920 = CIRCLE ( 'NONE', #1292, 1.299999999999999156 ) ;
#5921 = CARTESIAN_POINT ( 'NONE',  ( -38.99147851341827931, -2.931663733946129557, 7.000000000000000000 ) ) ;
#5922 = AXIS2_PLACEMENT_3D ( 'NONE', #7859, #6307, #8822 ) ;
#5923 = CARTESIAN_POINT ( 'NONE',  ( -19.23481045802716949, 2.783760586831886208, 28.45793782530177296 ) ) ;
#5924 = ORIENTED_EDGE ( 'NONE', *, *, #884, .T. ) ;
#5925 = CARTESIAN_POINT ( 'NONE',  ( -12.34360973610348644, 15.06367374707853379, 28.67512056972004686 ) ) ;
#5926 = CARTESIAN_POINT ( 'NONE',  ( -7.001692680842515060, -18.22298909706392323, 28.56110974613783071 ) ) ;
#5927 = ORIENTED_EDGE ( 'NONE', *, *, #2030, .F. ) ;
#5928 = VERTEX_POINT ( 'NONE', #9358 ) ;
#5929 = CARTESIAN_POINT ( 'NONE',  ( -8.764160822921603256, 15.76486062276838496, 31.79166666666666430 ) ) ;
#5930 = CARTESIAN_POINT ( 'NONE',  ( -23.10661409683920908, -0.07699715283951343026, 7.500000000000001776 ) ) ;
#5931 = CARTESIAN_POINT ( 'NONE',  ( -6.937117754318119722, -18.07950618430148282, 28.42601872119863771 ) ) ;
#5932 = CARTESIAN_POINT ( 'NONE',  ( 19.20345921906300646, 3.193659299988320655, 28.89402095766431344 ) ) ;
#5933 = CARTESIAN_POINT ( 'NONE',  ( -7.274305630064772821, -18.30520469897471258, 28.49996611647303624 ) ) ;
#5934 = CARTESIAN_POINT ( 'NONE',  ( 7.854275035616066880, 16.37034832448946986, 28.20000000000000284 ) ) ;
#5935 = VERTEX_POINT ( 'NONE', #6151 ) ;
#5936 = CARTESIAN_POINT ( 'NONE',  ( -12.37974895668256714, 14.94925977475941536, 29.02109282618926756 ) ) ;
#5937 = CARTESIAN_POINT ( 'NONE',  ( -6.768636290444182357, -18.21545032138206111, 29.02206524164936852 ) ) ;
#5938 = VECTOR ( 'NONE', #3625, 1000.000000000000000 ) ;
#5939 = EDGE_LOOP ( 'NONE', ( #3430, #4384, #3291, #2811 ) ) ;
#5940 = CARTESIAN_POINT ( 'NONE',  ( 18.86298359883663167, 2.939638343763787631, 29.28921805549546775 ) ) ;
#5941 = ADVANCED_FACE ( 'NONE', ( #9411 ), #2510, .T. ) ;
#5942 = DIRECTION ( 'NONE',  ( 1.000000000000000000, 0.000000000000000000, 0.000000000000000000 ) ) ;
#5943 = CARTESIAN_POINT ( 'NONE',  ( -19.19543655062454945, 3.019389618327724456, 28.62313632180013201 ) ) ;
#5944 = CARTESIAN_POINT ( 'NONE',  ( 13.58339857330447842, 15.81006597625659893, 29.26286891512586408 ) ) ;
#5945 = CARTESIAN_POINT ( 'NONE',  ( 19.20056801108277611, 3.060276777981433050, 29.33724884745229033 ) ) ;
#5946 = CARTESIAN_POINT ( 'NONE',  ( -6.963644655443261833, -18.10852145923271550, 29.38462329228242353 ) ) ;
#5947 = CARTESIAN_POINT ( 'NONE',  ( -6.881392653515147728, -20.04040790171519859, 28.70272410868598811 ) ) ;
#5948 = AXIS2_PLACEMENT_3D ( 'NONE', #1958, #4480, #2655 ) ;
#5949 = CARTESIAN_POINT ( 'NONE',  ( 20.38929697658826612, 3.659053448735054559, 29.39571968233660115 ) ) ;
#5950 = CARTESIAN_POINT ( 'NONE',  ( -6.939339893039469409, -18.03341377508043308, 29.36598323523211818 ) ) ;
#5951 = CARTESIAN_POINT ( 'NONE',  ( 7.329375709731972499, -18.04040790171481135, 1.500000000000001332 ) ) ;
#5952 = DIRECTION ( 'NONE',  ( -0.000000000000000000, -0.000000000000000000, 1.000000000000000000 ) ) ;
#5953 = EDGE_CURVE ( 'NONE', #10148, #6331, #8499, .T. ) ;
#5954 = DIRECTION ( 'NONE',  ( 6.859794606063990095E-16, -1.000000000000000000, 0.000000000000000000 ) ) ;
#5955 = ORIENTED_EDGE ( 'NONE', *, *, #7649, .T. ) ;
#5956 = AXIS2_PLACEMENT_3D ( 'NONE', #4656, #7966, #7865 ) ;
#5957 = CARTESIAN_POINT ( 'NONE',  ( 11.59777649649665676, -19.84040790171517799, 28.20000000000000284 ) ) ;
#5958 = CARTESIAN_POINT ( 'NONE',  ( 0.04777649649679721611, -19.54040790171519859, 38.50000000000000000 ) ) ;
#5959 = DIRECTION ( 'NONE',  ( 1.026956297778269800E-14, -1.000000000000000000, -0.000000000000000000 ) ) ;
#5960 = CARTESIAN_POINT ( 'NONE',  ( 19.34595822910286245, 2.955695792921348986, 28.54853486456347156 ) ) ;
#5961 = DIRECTION ( 'NONE',  ( -0.5000000000000007772, 0.8660254037844382635, 0.000000000000000000 ) ) ;
#5962 = CARTESIAN_POINT ( 'NONE',  ( 7.272092156763797277, -84.42798937697747874, 3.500000000000000000 ) ) ;
#5963 = VERTEX_POINT ( 'NONE', #1164 ) ;
#5964 = CARTESIAN_POINT ( 'NONE',  ( 6.947947405850371183, -17.87148304274101207, 29.29981610614139598 ) ) ;
#5965 = EDGE_CURVE ( 'NONE', #4252, #5775, #1484, .T. ) ;
#5966 = EDGE_CURVE ( 'NONE', #8615, #8758, #6115, .T. ) ;
#5967 = ADVANCED_FACE ( 'NONE', ( #3522 ), #6954, .F. ) ;
#5968 = ORIENTED_EDGE ( 'NONE', *, *, #328, .F. ) ;
#5969 = LINE ( 'NONE', #9333, #7165 ) ;
#5970 = CARTESIAN_POINT ( 'NONE',  ( 13.49539736716370442, 16.54604799605133891, 28.30000000000000071 ) ) ;
#5971 = B_SPLINE_CURVE_WITH_KNOTS ( 'NONE', 3,
 ( #3671, #2766, #8543, #289, #7581, #9188 ),
 .UNSPECIFIED., .F., .F.,
 ( 4, 2, 4 ),
 ( 0.000000000000000000, 0.004367351788373143896, 0.008734703576746287793 ),
 .UNSPECIFIED. ) ;
#5972 = CARTESIAN_POINT ( 'NONE',  ( 12.03646367429797870, 15.28769123742148039, 28.46213021935994547 ) ) ;
#5973 = ORIENTED_EDGE ( 'NONE', *, *, #1647, .F. ) ;
#5974 = CARTESIAN_POINT ( 'NONE',  ( -7.470624290268006007, -20.04040790171496411, 1.500000000000001332 ) ) ;
#5975 = AXIS2_PLACEMENT_3D ( 'NONE', #10201, #4527, #2161 ) ;
#5976 = DIRECTION ( 'NONE',  ( -0.000000000000000000, -0.000000000000000000, -1.000000000000000000 ) ) ;
#5977 = ORIENTED_EDGE ( 'NONE', *, *, #9544, .F. ) ;
#5978 = CARTESIAN_POINT ( 'NONE',  ( -12.16266456098165527, 15.14455679504867014, 28.50524347393890423 ) ) ;
#5979 = CARTESIAN_POINT ( 'NONE',  ( -7.061909312286106299, -18.27689629150554396, 28.55032943729026229 ) ) ;
#5980 = VERTEX_POINT ( 'NONE', #252 ) ;
#5981 = ORIENTED_EDGE ( 'NONE', *, *, #10245, .F. ) ;
#5982 = AXIS2_PLACEMENT_3D ( 'NONE', #486, #7877, #384 ) ;
#5983 = LINE ( 'NONE', #1100, #10265 ) ;
#5984 = CARTESIAN_POINT ( 'NONE',  ( -7.274305630064755057, -20.04040790171520214, 28.49996611647302203 ) ) ;
#5985 = DIRECTION ( 'NONE',  ( 1.026956297778269800E-14, -1.000000000000000000, -0.000000000000000000 ) ) ;
#5986 = CARTESIAN_POINT ( 'NONE',  ( 19.17203786982820901, 3.190400308627824977, 28.94661436368559393 ) ) ;
#5987 = AXIS2_PLACEMENT_3D ( 'NONE', #756, #2529, #3278 ) ;
#5988 = DIRECTION ( 'NONE',  ( 0.8660254037844380415, 0.5000000000000008882, -0.000000000000000000 ) ) ;
#5989 = LINE ( 'NONE', #3515, #2305 ) ;
#5990 = EDGE_LOOP ( 'NONE', ( #782, #8793 ) ) ;
#5991 = CARTESIAN_POINT ( 'NONE',  ( -12.38731363794465778, 14.95459905207916584, 28.94504104994393501 ) ) ;
#5992 = CARTESIAN_POINT ( 'NONE',  ( -6.701246735536122934, -18.11911094870910688, 28.93961484146476337 ) ) ;
#5993 = VERTEX_POINT ( 'NONE', #10165 ) ;
#5994 = CARTESIAN_POINT ( 'NONE',  ( 18.81705856906360808, 2.949274690597385895, 29.26584763771028719 ) ) ;
#5995 = CYLINDRICAL_SURFACE ( 'NONE', #281, 1.100000000000000311 ) ;
#5996 = CARTESIAN_POINT ( 'NONE',  ( -19.22529738036693558, 2.944702197019231527, 28.55717931854297120 ) ) ;
#5997 = CARTESIAN_POINT ( 'NONE',  ( 13.46374015640274813, 15.78903018154109006, 29.31943293668479456 ) ) ;
#5998 = CARTESIAN_POINT ( 'NONE',  ( 19.08022118933877564, 3.014689731728549038, 29.32170027649314292 ) ) ;
#5999 = APPLICATION_PROTOCOL_DEFINITION ( 'draft international standard', 'automotive_design', 1998, #7897 ) ;
#6000 = CARTESIAN_POINT ( 'NONE',  ( 17.94730113465722354, -0.6944821617200668262, 31.97592877889152874 ) ) ;
#6001 = ADVANCED_FACE ( 'NONE', ( #4492 ), #10216, .T. ) ;
#6002 = CARTESIAN_POINT ( 'NONE',  ( 20.41091456237145252, 3.712122994113954189, 29.36859366142158478 ) ) ;
#6003 = CARTESIAN_POINT ( 'NONE',  ( -6.905288050951742918, -17.95957830150626933, 29.34001737708645408 ) ) ;
#6004 = DIRECTION ( 'NONE',  ( -1.000000000000000000, -1.015854067532018234E-14, 0.000000000000000000 ) ) ;
#6005 = DIRECTION ( 'NONE',  ( -0.000000000000000000, -0.000000000000000000, -1.000000000000000000 ) ) ;
#6006 =( GEOMETRIC_REPRESENTATION_CONTEXT ( 3 ) GLOBAL_UNCERTAINTY_ASSIGNED_CONTEXT ( ( #9919 ) ) GLOBAL_UNIT_ASSIGNED_CONTEXT ( ( #3448, #8577, #6068 ) ) REPRESENTATION_CONTEXT ( 'NONE', 'WORKASPACE' ) );
#6007 = CARTESIAN_POINT ( 'NONE',  ( -27.80708775547724798, -22.07507455054601664, 7.846214870980459999 ) ) ;
#6008 = EDGE_LOOP ( 'NONE', ( #6231, #2862, #7725 ) ) ;
#6009 = CARTESIAN_POINT ( 'NONE',  ( 12.06375875737717429, 15.02278257151819219, 29.35919704513157669 ) ) ;
#6010 = LINE ( 'NONE', #7661, #3899 ) ;
#6011 = FACE_OUTER_BOUND ( 'NONE', #5064, .T. ) ;
#6012 = CARTESIAN_POINT ( 'NONE',  ( 19.30354752508321781, 3.007550478808731498, 28.58182780099021869 ) ) ;
#6013 = CARTESIAN_POINT ( 'NONE',  ( 64.73674780865550815, -29.34388192793224803, 29.39571968233659760 ) ) ;
#6014 = CARTESIAN_POINT ( 'NONE',  ( -65.82105222701396485, -27.43629229544085746, 7.500000000000001776 ) ) ;
#6015 = EDGE_CURVE ( 'NONE', #607, #10380, #5598, .T. ) ;
#6016 = ORIENTED_EDGE ( 'NONE', *, *, #429, .T. ) ;
#6017 = AXIS2_PLACEMENT_3D ( 'NONE', #2410, #5682, #2463 ) ;
#6018 = CARTESIAN_POINT ( 'NONE',  ( 7.283082989019018072, -18.13088336837802572, 28.46933333836438607 ) ) ;
#6019 = ORIENTED_EDGE ( 'NONE', *, *, #9376, .F. ) ;
#6020 = DIRECTION ( 'NONE',  ( 0.5000000000000007772, -0.8660254037844381525, 0.000000000000000000 ) ) ;
#6021 = DIRECTION ( 'NONE',  ( -1.000000000000000000, -1.101697372407250679E-15, 0.000000000000000000 ) ) ;
#6022 = CARTESIAN_POINT ( 'NONE',  ( 18.86550999660589056, 3.101634422080829623, 29.15343510911814917 ) ) ;
#6023 = VERTEX_POINT ( 'NONE', #4387 ) ;
#6024 = DIRECTION ( 'NONE',  ( 0.8660254037844381525, 0.5000000000000008882, -0.000000000000000000 ) ) ;
#6025 = ORIENTED_EDGE ( 'NONE', *, *, #7757, .T. ) ;
#6026 = ADVANCED_FACE ( 'NONE', ( #6903 ), #7546, .F. ) ;
#6027 = CARTESIAN_POINT ( 'NONE',  ( -12.27902559530913074, 15.14706881368686098, 28.58138870355750782 ) ) ;
#6028 = ORIENTED_EDGE ( 'NONE', *, *, #1822, .T. ) ;
#6029 = VERTEX_POINT ( 'NONE', #10005 ) ;
#6030 = ORIENTED_EDGE ( 'NONE', *, *, #11, .T. ) ;
#6031 = VECTOR ( 'NONE', #8494, 999.9999999999998863 ) ;
#6032 = PLANE ( 'NONE',  #7527 ) ;
#6033 = CIRCLE ( 'NONE', #5172, 0.2000000000000005107 ) ;
#6034 = TOROIDAL_SURFACE ( 'NONE', #5350, 1.299999999999999378, 0.2000000000000000111 ) ;
#6035 = CARTESIAN_POINT ( 'NONE',  ( -19.28843067211935391, 3.079258384959899786, 28.72721115619316734 ) ) ;
#6036 = EDGE_CURVE ( 'NONE', #7884, #4437, #6790, .T. ) ;
#6037 = DIRECTION ( 'NONE',  ( -0.8660254037844381525, -0.5000000000000008882, -0.000000000000000000 ) ) ;
#6038 = CARTESIAN_POINT ( 'NONE',  ( 19.17454095248930201, 3.185368968542911183, 28.89728764174481057 ) ) ;
#6039 = EDGE_CURVE ( 'NONE', #7642, #1903, #1920, .T. ) ;
#6040 = DIRECTION ( 'NONE',  ( 0.000000000000000000, -0.5819559853448698084, -0.8132202844993978719 ) ) ;
#6041 = DIRECTION ( 'NONE',  ( -0.5000000000000006661, 0.8660254037844382635, 0.000000000000000000 ) ) ;
#6042 = EDGE_LOOP ( 'NONE', ( #3507, #10249 ) ) ;
#6043 = CARTESIAN_POINT ( 'NONE',  ( -12.33116529477819334, 14.89451351568434490, 28.90535030359698609 ) ) ;
#6044 = CARTESIAN_POINT ( 'NONE',  ( -6.787655620586691363, -18.27812612560258998, 28.89426630723159661 ) ) ;
#6045 = CIRCLE ( 'NONE', #4158, 0.2000000000000005107 ) ;
#6046 = ORIENTED_EDGE ( 'NONE', *, *, #9626, .F. ) ;
#6047 = CARTESIAN_POINT ( 'NONE',  ( 9.388454410272013106, -15.54040790171518083, 31.79166666666666785 ) ) ;
#6048 = ADVANCED_FACE ( 'NONE', ( #5187 ), #1653, .T. ) ;
#6049 = ORIENTED_EDGE ( 'NONE', *, *, #453, .T. ) ;
#6050 = LINE ( 'NONE', #10114, #4402 ) ;
#6051 = CARTESIAN_POINT ( 'NONE',  ( -19.34527341809659973, 2.996838673004881937, 28.60918292354352133 ) ) ;
#6052 = CARTESIAN_POINT ( 'NONE',  ( 13.72376420192034274, 15.94516084674484091, 29.13740855137925223 ) ) ;
#6053 = CARTESIAN_POINT ( 'NONE',  ( 19.05016318840890577, 3.009846971575858454, 29.31356504545382435 ) ) ;
#6054 = AXIS2_PLACEMENT_3D ( 'NONE', #6449, #9928, #7358 ) ;
#6055 = DIRECTION ( 'NONE',  ( 1.101697372407250679E-15, -1.000000000000000000, -0.000000000000000000 ) ) ;
#6056 = CARTESIAN_POINT ( 'NONE',  ( -19.42038634055939994, 2.707736609307743070, 28.49953455754358345 ) ) ;
#6057 = CARTESIAN_POINT ( 'NONE',  ( -6.826270136347581285, -18.20813297626058258, 29.23851741520215342 ) ) ;
#6058 = CARTESIAN_POINT ( 'NONE',  ( 7.052660057723072917, -18.08186968412605822, 28.43009633628225430 ) ) ;
#6059 = ORIENTED_EDGE ( 'NONE', *, *, #5119, .F. ) ;
#6060 = DIRECTION ( 'NONE',  ( -0.8660254037844382635, -0.5000000000000008882, 0.000000000000000000 ) ) ;
#6061 = VERTEX_POINT ( 'NONE', #8454 ) ;
#6062 = DIRECTION ( 'NONE',  ( -0.000000000000000000, -0.000000000000000000, 1.000000000000000000 ) ) ;
#6063 = CARTESIAN_POINT ( 'NONE',  ( 12.01119697378139151, 18.77034832448948976, 28.20000000000000284 ) ) ;
#6064 = CARTESIAN_POINT ( 'NONE',  ( -6.537808528080024217, -17.63272013945045558, 29.07110049020092291 ) ) ;
#6065 = CARTESIAN_POINT ( 'NONE',  ( 19.29389366741954603, 3.010169445083968220, 28.58463100136799184 ) ) ;
#6066 = DIRECTION ( 'NONE',  ( -0.000000000000000000, -0.000000000000000000, -1.000000000000000000 ) ) ;
#6067 = CARTESIAN_POINT ( 'NONE',  ( -13.57241370345687770, 16.43672233804203486, 28.30000000000000071 ) ) ;
#6068 =( NAMED_UNIT ( * ) SI_UNIT ( $, .STERADIAN. ) SOLID_ANGLE_UNIT ( ) );
#6069 = CARTESIAN_POINT ( 'NONE',  ( 7.090158740730435838, -18.16363239336597246, 28.50802995324746192 ) ) ;
#6070 = AXIS2_PLACEMENT_3D ( 'NONE', #5769, #6568, #777 ) ;
#6071 = ORIENTED_EDGE ( 'NONE', *, *, #1155, .T. ) ;
#6072 = CYLINDRICAL_SURFACE ( 'NONE', #8190, 0.1999999999999987899 ) ;
#6073 = EDGE_CURVE ( 'NONE', #9002, #4170, #6050, .T. ) ;
#6074 = DIRECTION ( 'NONE',  ( 0.000000000000000000, -0.000000000000000000, -1.000000000000000000 ) ) ;
#6075 = CARTESIAN_POINT ( 'NONE',  ( 12.04484407904732812, 15.33957288403518326, 28.48077954994360539 ) ) ;
#6076 = EDGE_LOOP ( 'NONE', ( #4603, #3990, #1147, #7357 ) ) ;
#6077 = CARTESIAN_POINT ( 'NONE',  ( -7.270624290268024481, -18.24040790171495630, 1.500000000000001332 ) ) ;
#6078 = ORIENTED_EDGE ( 'NONE', *, *, #7097, .F. ) ;
#6079 = CARTESIAN_POINT ( 'NONE',  ( -12.24215856715998640, 15.18790687725317845, 28.55285223188880650 ) ) ;
#6080 = VERTEX_POINT ( 'NONE', #6358 ) ;
#6081 = ORIENTED_EDGE ( 'NONE', *, *, #2737, .F. ) ;
#6082 = EDGE_CURVE ( 'NONE', #1674, #5713, #6338, .T. ) ;
#6083 = ORIENTED_EDGE ( 'NONE', *, *, #8162, .F. ) ;
#6084 = DIRECTION ( 'NONE',  ( -0.4999999999999951705, -0.8660254037844414832, 0.000000000000000000 ) ) ;
#6085 = AXIS2_PLACEMENT_3D ( 'NONE', #749, #8198, #5850 ) ;
#6086 = FACE_OUTER_BOUND ( 'NONE', #10207, .T. ) ;
#6087 = CARTESIAN_POINT ( 'NONE',  ( 8.997776496496658893, -19.84040790171517799, 28.20000000000000284 ) ) ;
#6088 = CARTESIAN_POINT ( 'NONE',  ( 19.21528775146907719, 3.150203935898290730, 28.76129741667622852 ) ) ;
#6089 = DIRECTION ( 'NONE',  ( -1.000000000000000000, -1.101697372407250679E-15, 0.000000000000000000 ) ) ;
#6090 = DIRECTION ( 'NONE',  ( 0.8660254037844389297, -0.4999999999999996114, 0.000000000000000000 ) ) ;
#6091 = ORIENTED_EDGE ( 'NONE', *, *, #3607, .T. ) ;
#6092 = CARTESIAN_POINT ( 'NONE',  ( -12.39159926728050998, 14.96746262566149532, 28.89380020278647621 ) ) ;
#6093 = CARTESIAN_POINT ( 'NONE',  ( -6.824932307547620702, -18.32767642020609955, 28.79409828997233589 ) ) ;
#6094 = B_SPLINE_CURVE_WITH_KNOTS ( 'NONE', 3,
 ( #1392, #5470, #9481, #2996, #1845, #2898, #584, #7925 ),
 .UNSPECIFIED., .F., .F.,
 ( 4, 2, 2, 4 ),
 ( 0.000000000000000000, 0.2500000000000000000, 0.5000000000000000000, 1.000000000000000000 ),
 .UNSPECIFIED. ) ;
#6095 = EDGE_CURVE ( 'NONE', #6597, #8341, #5342, .T. ) ;
#6096 = VERTEX_POINT ( 'NONE', #6251 ) ;
#6097 = CARTESIAN_POINT ( 'NONE',  ( 9.431548250714989479, -15.46494388470290282, 31.85167049528462613 ) ) ;
#6098 = ORIENTED_EDGE ( 'NONE', *, *, #9891, .F. ) ;
#6099 = EDGE_CURVE ( 'NONE', #1268, #3770, #563, .T. ) ;
#6100 = DIRECTION ( 'NONE',  ( 1.000000000000000000, 1.261617073437679508E-14, 0.000000000000000000 ) ) ;
#6101 = CARTESIAN_POINT ( 'NONE',  ( -19.25446768910416040, 3.130777190967183543, 28.84540503125510824 ) ) ;
#6102 = DIRECTION ( 'NONE',  ( -1.101697372407250679E-15, 1.000000000000000000, 0.000000000000000000 ) ) ;
#6103 = CARTESIAN_POINT ( 'NONE',  ( 19.10833110887186237, 3.157848753254166141, 29.09326340769449004 ) ) ;
#6104 = DIRECTION ( 'NONE',  ( 0.000000000000000000, 0.000000000000000000, 1.000000000000000000 ) ) ;
#6105 = DIRECTION ( 'NONE',  ( 0.000000000000000000, -1.000000000000000000, -6.505213034913066047E-15 ) ) ;
#6106 = CARTESIAN_POINT ( 'NONE',  ( 18.76907524960683915, 2.964480057692363779, 29.23849492710517950 ) ) ;
#6107 = ADVANCED_FACE ( 'NONE', ( #3892 ), #1373, .F. ) ;
#6108 = CARTESIAN_POINT ( 'NONE',  ( -6.835484600346545037, -18.29944199859081166, 29.24448553307180987 ) ) ;
#6109 = DIRECTION ( 'NONE',  ( -1.224646799147353207E-16, -1.349190160747589117E-31, 1.000000000000000000 ) ) ;
#6110 = VERTEX_POINT ( 'NONE', #7904 ) ;
#6111 = CYLINDRICAL_SURFACE ( 'NONE', #5021, 0.2000000000000001221 ) ;
#6112 = EDGE_LOOP ( 'NONE', ( #7608, #83, #2558, #3160 ) ) ;
#6113 = CARTESIAN_POINT ( 'NONE',  ( -19.26361671798925457, 2.741236759372567722, 28.46117840068399829 ) ) ;
#6114 = CYLINDRICAL_SURFACE ( 'NONE', #10384, 5.000000000000004441 ) ;
#6115 = CIRCLE ( 'NONE', #5592, 0.1999999999999996503 ) ;
#6116 = CARTESIAN_POINT ( 'NONE',  ( 15.75055632772620662, 9.093587935699105174, 1.700000000000001510 ) ) ;
#6117 = CARTESIAN_POINT ( 'NONE',  ( 19.30900869232317518, 2.957098983372844270, 28.55468250895259175 ) ) ;
#6118 = CARTESIAN_POINT ( 'NONE',  ( 19.00216120057688940, 3.630006008632285397, 28.91493863717522927 ) ) ;
#6119 = CARTESIAN_POINT ( 'NONE',  ( -12.38121159533216797, 18.32210872145142133, 32.00000000000000000 ) ) ;
#6120 = CARTESIAN_POINT ( 'NONE',  ( 7.111641971301828846, -18.17682117133173492, 28.51660523614440734 ) ) ;
#6121 = CIRCLE ( 'NONE', #1150, 0.2000000000000005107 ) ;
#6122 = VERTEX_POINT ( 'NONE', #5393 ) ;
#6123 = DIRECTION ( 'NONE',  ( -0.8660254037844292707, 0.5000000000000162093, 0.000000000000000000 ) ) ;
#6124 = DIRECTION ( 'NONE',  ( 0.000000000000000000, 0.000000000000000000, -1.000000000000000000 ) ) ;
#6125 = CARTESIAN_POINT ( 'NONE',  ( 12.13413422389310092, 15.18394162269087033, 28.49213424148917895 ) ) ;
#6126 = ORIENTED_EDGE ( 'NONE', *, *, #9473, .F. ) ;
#6127 = DIRECTION ( 'NONE',  ( -1.000000000000000000, -1.334402673828312452E-15, 0.000000000000000000 ) ) ;
#6128 = AXIS2_PLACEMENT_3D ( 'NONE', #98, #10496, #3152 ) ;
#6129 = EDGE_CURVE ( 'NONE', #8536, #5847, #5076, .T. ) ;
#6130 = ORIENTED_EDGE ( 'NONE', *, *, #2133, .F. ) ;
#6131 = CARTESIAN_POINT ( 'NONE',  ( -12.24923327791993977, 15.20058092959109963, 28.55044345638962966 ) ) ;
#6132 = ORIENTED_EDGE ( 'NONE', *, *, #7602, .T. ) ;
#6133 = EDGE_CURVE ( 'NONE', #2100, #274, #972, .T. ) ;
#6134 = ORIENTED_EDGE ( 'NONE', *, *, #3683, .T. ) ;
#6135 = ORIENTED_EDGE ( 'NONE', *, *, #6145, .F. ) ;
#6136 = CARTESIAN_POINT ( 'NONE',  ( -33.00505192882414462, -19.05547561572357651, 0.000000000000000000 ) ) ;
#6137 = CARTESIAN_POINT ( 'NONE',  ( -6.804830242777944349, -18.06465893000805423, 28.39934941922716050 ) ) ;
#6138 = CARTESIAN_POINT ( 'NONE',  ( 19.24635532095131296, 3.213223503367407918, 28.89164846083752991 ) ) ;
#6139 = AXIS2_PLACEMENT_3D ( 'NONE', #7139, #3830, #10410 ) ;
#6140 = FACE_OUTER_BOUND ( 'NONE', #2538, .T. ) ;
#6141 = CARTESIAN_POINT ( 'NONE',  ( 19.21086297661074127, 2.853204283976936040, 28.45747881217296538 ) ) ;
#6142 = ORIENTED_EDGE ( 'NONE', *, *, #8562, .T. ) ;
#6143 = CARTESIAN_POINT ( 'NONE',  ( -12.35334505958075724, 14.92756498288332523, 28.90030214447748946 ) ) ;
#6144 = CARTESIAN_POINT ( 'NONE',  ( -6.810985577413894099, -18.26502539357876742, 28.80424298901425573 ) ) ;
#6145 = EDGE_CURVE ( 'NONE', #3789, #3720, #9276, .T. ) ;
#6146 = TOROIDAL_SURFACE ( 'NONE', #5982, 1.300000000000000266, 0.2000000000000000111 ) ;
#6147 = ORIENTED_EDGE ( 'NONE', *, *, #2005, .T. ) ;
#6148 = CARTESIAN_POINT ( 'NONE',  ( 19.00700601883600527, 2.931386358415599247, 29.34896699801910458 ) ) ;
#6149 = ORIENTED_EDGE ( 'NONE', *, *, #8959, .T. ) ;
#6150 = AXIS2_PLACEMENT_3D ( 'NONE', #5531, #636, #3918 ) ;
#6151 = CARTESIAN_POINT ( 'NONE',  ( 13.39539736716370300, 16.37284291529445213, 1.700000000000000178 ) ) ;
#6152 = CARTESIAN_POINT ( 'NONE',  ( -19.02861044611470831, 3.074257097626028834, 29.10575591391845052 ) ) ;
#6153 = CARTESIAN_POINT ( 'NONE',  ( 13.78961038471438094, 16.04989331631994531, 28.95213391984417939 ) ) ;
#6154 = CARTESIAN_POINT ( 'NONE',  ( 19.18654774787608019, 3.135314891436823626, 29.24108934703830087 ) ) ;
#6155 = PRODUCT_DEFINITION ( 'æœ', '', #7320, #697 ) ;
#6156 = DIRECTION ( 'NONE',  ( 0.000000000000000000, 0.000000000000000000, 1.000000000000000000 ) ) ;
#6157 = VECTOR ( 'NONE', #7583, 1000.000000000000000 ) ;
#6158 = DIRECTION ( 'NONE',  ( -1.101697372407250679E-15, 1.000000000000000000, 0.000000000000000000 ) ) ;
#6159 = CARTESIAN_POINT ( 'NONE',  ( -6.758560353606215543, -18.14225254581362279, 29.08936125235827674 ) ) ;
#6160 = CARTESIAN_POINT ( 'NONE',  ( 15.14433854507708865, 8.743587935699105529, 38.50000000000000000 ) ) ;
#6161 = CIRCLE ( 'NONE', #2733, 0.2000000000000005107 ) ;
#6162 = CIRCLE ( 'NONE', #2897, 5.000000000000000000 ) ;
#6163 = ORIENTED_EDGE ( 'NONE', *, *, #5750, .F. ) ;
#6164 = CARTESIAN_POINT ( 'NONE',  ( 20.80183971180802871, 3.544508471040951569, 28.99988140765557887 ) ) ;
#6165 = EDGE_CURVE ( 'NONE', #3995, #3391, #9187, .T. ) ;
#6166 = AXIS2_PLACEMENT_3D ( 'NONE', #1307, #9502, #3936 ) ;
#6167 = ORIENTED_EDGE ( 'NONE', *, *, #2342, .T. ) ;
#6168 = CARTESIAN_POINT ( 'NONE',  ( -19.44101161073234252, 2.680283598191452121, 28.49785985008214340 ) ) ;
#6169 = FACE_OUTER_BOUND ( 'NONE', #2320, .T. ) ;
#6170 = CARTESIAN_POINT ( 'NONE',  ( 19.37873132195865367, 2.852578562907056359, 28.51213580743214493 ) ) ;
#6171 = ADVANCED_FACE ( 'NONE', ( #2174 ), #3086, .T. ) ;
#6172 = CARTESIAN_POINT ( 'NONE',  ( 19.25736304767203677, 3.796496330687692211, 28.88782324750998498 ) ) ;
#6173 = CARTESIAN_POINT ( 'NONE',  ( 13.49539736716370264, 16.19963783453756179, 1.700000000000000178 ) ) ;
#6174 = DIRECTION ( 'NONE',  ( -1.000000000000000000, -1.015854067532018234E-14, -0.000000000000000000 ) ) ;
#6175 = CARTESIAN_POINT ( 'NONE',  ( 6.892377495633472684, -18.30839199398644723, 29.14997484011518125 ) ) ;
#6176 = AXIS2_PLACEMENT_3D ( 'NONE', #10291, #6327, #1339 ) ;
#6177 = ORIENTED_EDGE ( 'NONE', *, *, #9828, .T. ) ;
#6178 = DIRECTION ( 'NONE',  ( 0.8660254037844389297, -0.4999999999999996114, 0.000000000000000000 ) ) ;
#6179 = CARTESIAN_POINT ( 'NONE',  ( 12.13479676367286864, 15.19746167687325489, 28.49677486862021425 ) ) ;
#6180 = ORIENTED_EDGE ( 'NONE', *, *, #8769, .T. ) ;
#6181 = CARTESIAN_POINT ( 'NONE',  ( -7.274305630064772821, -18.32767642020610310, 28.49996611647303624 ) ) ;
#6182 = VERTEX_POINT ( 'NONE', #9572 ) ;
#6183 = CARTESIAN_POINT ( 'NONE',  ( -12.28419905327567108, 15.16221390140086989, 28.57661840359698147 ) ) ;
#6184 = ORIENTED_EDGE ( 'NONE', *, *, #6145, .T. ) ;
#6185 = ORIENTED_EDGE ( 'NONE', *, *, #10032, .F. ) ;
#6186 = ORIENTED_EDGE ( 'NONE', *, *, #260, .F. ) ;
#6187 = ADVANCED_FACE ( 'NONE', ( #7853, #512, #1270, #3028, #6410 ), #3791, .F. ) ;
#6188 = LINE ( 'NONE', #8747, #5799 ) ;
#6189 = CARTESIAN_POINT ( 'NONE',  ( 6.105777404387102258, -17.54040790171482200, 28.72500000000000142 ) ) ;
#6190 = CARTESIAN_POINT ( 'NONE',  ( 19.15842288559156614, 3.164758803285282696, 28.81538093623592545 ) ) ;
#6191 = DIRECTION ( 'NONE',  ( 0.8660254037844413721, -0.4999999999999952260, -0.000000000000000000 ) ) ;
#6192 = FACE_BOUND ( 'NONE', #1791, .T. ) ;
#6193 = ORIENTED_EDGE ( 'NONE', *, *, #685, .F. ) ;
#6194 = CARTESIAN_POINT ( 'NONE',  ( -12.39298197373804022, 14.96862357849426495, 28.89364451891334085 ) ) ;
#6195 = CARTESIAN_POINT ( 'NONE',  ( -6.786681977525377718, -18.27346016683579677, 28.89472159763552028 ) ) ;
#6196 = VERTEX_POINT ( 'NONE', #9461 ) ;
#6197 = ORIENTED_EDGE ( 'NONE', *, *, #10145, .F. ) ;
#6198 = CARTESIAN_POINT ( 'NONE',  ( -18.12648707791692715, -1.451164127919591262, 28.20000000000000284 ) ) ;
#6199 = CARTESIAN_POINT ( 'NONE',  ( -19.16200615328163437, 3.107498033587523523, 28.84934643054349479 ) ) ;
#6200 = DIRECTION ( 'NONE',  ( 0.5000000000000009992, -0.8660254037844381525, 0.000000000000000000 ) ) ;
#6201 = CARTESIAN_POINT ( 'NONE',  ( 19.13127640541826935, 3.163958246213615766, 29.09473996170848409 ) ) ;
#6202 = ADVANCED_FACE ( 'NONE', ( #10318 ), #9528, .T. ) ;
#6203 = CARTESIAN_POINT ( 'NONE',  ( 20.69580131234386045, 4.058985068317461753, 28.88969374482131158 ) ) ;
#6204 = CIRCLE ( 'NONE', #7572, 11.49999999999999645 ) ;
#6205 = CARTESIAN_POINT ( 'NONE',  ( -6.792531132294854501, -18.24963788818173072, 29.12082472423934121 ) ) ;
#6206 = DIRECTION ( 'NONE',  ( -0.000000000000000000, -0.000000000000000000, 1.000000000000000000 ) ) ;
#6207 = EDGE_LOOP ( 'NONE', ( #9344, #6250, #8488, #5063, #1294, #9384, #4694, #10560 ) ) ;
#6208 = CARTESIAN_POINT ( 'NONE',  ( -6.769446089332860517, -17.78996803086422673, 29.23849492710526832 ) ) ;
#6210 = EDGE_CURVE ( 'NONE', #8427, #10456, #8670, .T. ) ;
#6209 = CARTESIAN_POINT ( 'NONE',  ( 0.04777649649679721611, -19.54040790171519859, 38.50000000000000000 ) ) ;
#6211 = VERTEX_POINT ( 'NONE', #1474 ) ;
#6212 = AXIS2_PLACEMENT_3D ( 'NONE', #10288, #8781, #10334 ) ;
#6213 = DIRECTION ( 'NONE',  ( 0.4999999999999996114, 0.8660254037844388186, 0.000000000000000000 ) ) ;
#6214 = DIRECTION ( 'NONE',  ( 1.000000000000000000, 1.101697372407250482E-15, 0.000000000000000000 ) ) ;
#6215 = CARTESIAN_POINT ( 'NONE',  ( 19.32279797904736540, 2.796638814841405640, 28.49370538449581858 ) ) ;
#6216 = DIRECTION ( 'NONE',  ( 6.123233995736761105E-17, 1.060575238724907285E-16, 1.000000000000000000 ) ) ;
#6217 = CARTESIAN_POINT ( 'NONE',  ( -12.31489912935011333, 14.91430142364428590, 29.11781973295833126 ) ) ;
#6218 = AXIS2_PLACEMENT_3D ( 'NONE', #1188, #9170, #9326 ) ;
#6219 = DIRECTION ( 'NONE',  ( 0.8660254037844414832, -0.4999999999999951705, 0.000000000000000000 ) ) ;
#6220 = CARTESIAN_POINT ( 'NONE',  ( 12.05581596176045878, 38.06410000294339113, 0.000000000000000000 ) ) ;
#6221 = CARTESIAN_POINT ( 'NONE',  ( 6.898781592874419388, -18.20871103126103563, 28.72246087099498268 ) ) ;
#6222 = AXIS2_PLACEMENT_3D ( 'NONE', #8664, #9584, #7111 ) ;
#6223 = ADVANCED_FACE ( 'NONE', ( #7101 ), #6968, .T. ) ;
#6224 = VERTEX_POINT ( 'NONE', #4746 ) ;
#6225 = CARTESIAN_POINT ( 'NONE',  ( -22.12800594014112221, 1.440165705317288714, 32.00000000000000000 ) ) ;
#6226 = ADVANCED_FACE ( 'NONE', ( #3347 ), #2337, .T. ) ;
#6227 = DIRECTION ( 'NONE',  ( 0.4999999999999991118, 0.8660254037844392627, 0.000000000000000000 ) ) ;
#6228 = CARTESIAN_POINT ( 'NONE',  ( 12.14399326697634862, 15.25637479943611119, 28.51238326481934848 ) ) ;
#6229 = ORIENTED_EDGE ( 'NONE', *, *, #10222, .T. ) ;
#6230 = CYLINDRICAL_SURFACE ( 'NONE', #5883, 2.500000000001501022 ) ;
#6231 = ORIENTED_EDGE ( 'NONE', *, *, #6420, .T. ) ;
#6232 = CARTESIAN_POINT ( 'NONE',  ( -12.18977366060056156, 15.29312187199551332, 28.51172175438909662 ) ) ;
#6233 = ORIENTED_EDGE ( 'NONE', *, *, #3959, .F. ) ;
#6234 = EDGE_CURVE ( 'NONE', #3828, #2367, #4573, .T. ) ;
#6235 = B_SPLINE_CURVE_WITH_KNOTS ( 'NONE', 3,
 ( #7439, #3258, #9739, #2406, #9095, #5780 ),
 .UNSPECIFIED., .F., .F.,
 ( 4, 2, 4 ),
 ( -4.472146664850660580E-06, 0.0003123412476762591101, 0.0006291546420173688885 ),
 .UNSPECIFIED. ) ;
#6236 = ORIENTED_EDGE ( 'NONE', *, *, #7208, .T. ) ;
#6237 = EDGE_CURVE ( 'NONE', #1944, #3282, #4057, .T. ) ;
#6238 = CARTESIAN_POINT ( 'NONE',  ( 7.070165287547292898, -18.24052360466561495, 29.39307649821696344 ) ) ;
#6239 = DIRECTION ( 'NONE',  ( 6.123233995736778362E-17, -1.060575238724906422E-16, 1.000000000000000000 ) ) ;
#6240 = CARTESIAN_POINT ( 'NONE',  ( 6.370019921473404345, -18.65104816512304708, 28.87228945253615109 ) ) ;
#6241 = CARTESIAN_POINT ( 'NONE',  ( 19.24097666487024583, 3.152931507439434622, 28.75345534191291463 ) ) ;
#6242 = CARTESIAN_POINT ( 'NONE',  ( -18.34997685961944569, 3.196028771569058513, 28.90228695426297989 ) ) ;
#6243 = DIRECTION ( 'NONE',  ( -1.101697372407250679E-15, 1.000000000000000000, 0.000000000000000000 ) ) ;
#6244 = ORIENTED_EDGE ( 'NONE', *, *, #1487, .F. ) ;
#6245 = CARTESIAN_POINT ( 'NONE',  ( -12.33207324629913870, 15.03789817844965171, 28.68643271070606460 ) ) ;
#6246 = CARTESIAN_POINT ( 'NONE',  ( -6.790673425803436025, -18.22729234732681292, 28.81538093623591124 ) ) ;
#6247 = B_SPLINE_CURVE_WITH_KNOTS ( 'NONE', 3,
 ( #9023, #3350, #9881, #1688, #1798, #4213, #8332, #827, #8115, #5875 ),
 .UNSPECIFIED., .F., .F.,
 ( 4, 2, 2, 2, 4 ),
 ( 0.000000000000000000, 0.2500000000000000000, 0.5000000000000000000, 0.7500000000000000000, 1.000000000000000000 ),
 .UNSPECIFIED. ) ;
#6248 = ORIENTED_EDGE ( 'NONE', *, *, #9457, .T. ) ;
#6249 = VECTOR ( 'NONE', #9804, 1000.000000000000000 ) ;
#6250 = ORIENTED_EDGE ( 'NONE', *, *, #7665, .F. ) ;
#6251 = CARTESIAN_POINT ( 'NONE',  ( 21.71119697378128066, 1.969455491071650410, 28.19999999999999929 ) ) ;
#6252 = CARTESIAN_POINT ( 'NONE',  ( -19.20930794983504697, 3.112883721820847160, 28.84875377769865068 ) ) ;
#6253 = DIRECTION ( 'NONE',  ( -0.000000000000000000, -0.000000000000000000, -1.000000000000000000 ) ) ;
#6254 = CARTESIAN_POINT ( 'NONE',  ( 19.17643863269671911, 3.173407356870211249, 29.12075559708301142 ) ) ;
#6255 = CARTESIAN_POINT ( 'NONE',  ( -7.226103386321041100, -18.25924480194401767, 28.50085351100425513 ) ) ;
#6256 = CARTESIAN_POINT ( 'NONE',  ( -22.28340901608224200, 0.9488358720803822255, 28.20000000000000284 ) ) ;
#6257 = LINE ( 'NONE', #9273, #225 ) ;
#6258 = CIRCLE ( 'NONE', #5399, 2.700000000000000178 ) ;
#6259 = B_SPLINE_CURVE_WITH_KNOTS ( 'NONE', 3,
 ( #1894, #9228, #6022, #177, #7518, #9122, #1036, #5160, #3663, #3444 ),
 .UNSPECIFIED., .F., .F.,
 ( 4, 2, 2, 2, 4 ),
 ( 0.000000000000000000, 0.2500000000000000000, 0.5000000000000000000, 0.7500000000000000000, 1.000000000000000000 ),
 .UNSPECIFIED. ) ;
#6260 = CARTESIAN_POINT ( 'NONE',  ( -6.827551276424262738, -18.21681207549201176, 29.23935110316889308 ) ) ;
#6261 = CARTESIAN_POINT ( 'NONE',  ( -25.98076211353316367, -14.99999999999999467, 0.1999999999999996503 ) ) ;
#6262 = LINE ( 'NONE', #10279, #1260 ) ;
#6263 = ADVANCED_FACE ( 'NONE', ( #9020 ), #10531, .F. ) ;
#6264 = DIRECTION ( 'NONE',  ( 0.5000000000000162093, 0.8660254037844292707, -0.000000000000000000 ) ) ;
#6265 = VERTEX_POINT ( 'NONE', #9878 ) ;
#6266 = CARTESIAN_POINT ( 'NONE',  ( -19.31228774477750321, 2.699130668766233310, 28.47496506079047052 ) ) ;
#6267 = DIRECTION ( 'NONE',  ( -0.4999999999999901190, -0.8660254037844443697, 0.000000000000000000 ) ) ;
#6268 = CARTESIAN_POINT ( 'NONE',  ( 19.37511993522919695, 2.850749122371693645, 28.51237153934251722 ) ) ;
#6269 = DIRECTION ( 'NONE',  ( -0.8660254037844413721, 0.4999999999999951705, -0.000000000000000000 ) ) ;
#6270 = CARTESIAN_POINT ( 'NONE',  ( -12.38888024361816242, 14.97520509768482988, 29.12158795116025445 ) ) ;
#6271 = DIRECTION ( 'NONE',  ( 0.5000000000000015543, 0.8660254037844377084, 6.938893903907243366E-15 ) ) ;
#6272 = PLANE ( 'NONE',  #6176 ) ;
#6273 = ADVANCED_FACE ( 'NONE', ( #6459 ), #880, .T. ) ;
#6274 = CARTESIAN_POINT ( 'NONE',  ( 6.824552083411524528, -18.14915143596764224, 28.97839891268021262 ) ) ;
#6275 = AXIS2_PLACEMENT_3D ( 'NONE', #6852, #6741, #3470 ) ;
#6276 = VERTEX_POINT ( 'NONE', #1686 ) ;
#6277 = DIRECTION ( 'NONE',  ( 0.000000000000000000, 0.000000000000000000, 1.000000000000000000 ) ) ;
#6278 = DIRECTION ( 'NONE',  ( 1.000000000000000000, 0.000000000000000000, 0.000000000000000000 ) ) ;
#6279 = CARTESIAN_POINT ( 'NONE',  ( -19.48076087391736522, 2.742593862394162141, 28.49953455754358345 ) ) ;
#6280 = CARTESIAN_POINT ( 'NONE',  ( 12.16260859742453171, 15.30948727329298542, 28.51680877377486922 ) ) ;
#6281 = ORIENTED_EDGE ( 'NONE', *, *, #2749, .F. ) ;
#6282 = CARTESIAN_POINT ( 'NONE',  ( -7.274305630064772821, -18.24040790171495630, 28.49996611647302203 ) ) ;
#6283 = AXIS2_PLACEMENT_3D ( 'NONE', #8166, #7473, #133 ) ;
#6284 = ORIENTED_EDGE ( 'NONE', *, *, #1887, .T. ) ;
#6285 = CARTESIAN_POINT ( 'NONE',  ( -12.17215989026541045, 15.28148548709838650, 28.51293251449576260 ) ) ;
#6286 = EDGE_CURVE ( 'NONE', #182, #1106, #5423, .T. ) ;
#6287 = ADVANCED_FACE ( 'NONE', ( #4159, #9722 ), #9827, .F. ) ;
#6288 = ORIENTED_EDGE ( 'NONE', *, *, #5432, .F. ) ;
#6289 = CARTESIAN_POINT ( 'NONE',  ( 0.008521484731877086022, 19.95959209828480141, 0.000000000000000000 ) ) ;
#6290 = FACE_OUTER_BOUND ( 'NONE', #6441, .T. ) ;
#6291 = TOROIDAL_SURFACE ( 'NONE', #4409, 1.300000000000000266, 0.2000000000000000111 ) ;
#6292 = DIRECTION ( 'NONE',  ( 0.000000000000000000, 0.000000000000000000, -1.000000000000000000 ) ) ;
#6293 = CARTESIAN_POINT ( 'NONE',  ( 19.20369719535291608, 3.166348319203755590, 28.80363121401234849 ) ) ;
#6294 = ORIENTED_EDGE ( 'NONE', *, *, #2875, .T. ) ;
#6295 = DIRECTION ( 'NONE',  ( -0.000000000000000000, -0.000000000000000000, -1.000000000000000000 ) ) ;
#6296 = CARTESIAN_POINT ( 'NONE',  ( -9.746095424604677149, 38.06410000294339113, 0.000000000000000000 ) ) ;
#6297 = EDGE_LOOP ( 'NONE', ( #1244, #6046, #3535, #9160 ) ) ;
#6298 = CARTESIAN_POINT ( 'NONE',  ( -12.31416152949186937, 14.97256569679548477, 28.70617304156215255 ) ) ;
#6299 = CARTESIAN_POINT ( 'NONE',  ( -6.839822551977413845, -18.28675996212889387, 28.75530951536647706 ) ) ;
#6300 = ORIENTED_EDGE ( 'NONE', *, *, #1668, .T. ) ;
#6301 = EDGE_LOOP ( 'NONE', ( #4574, #8159, #5461, #117 ) ) ;
#6302 = CARTESIAN_POINT ( 'NONE',  ( -19.20705245768684577, 3.111209842945546367, 29.13870072733653060 ) ) ;
#6303 = CARTESIAN_POINT ( 'NONE',  ( -12.87395786196392145, 14.71784379878853422, 28.91998613984698707 ) ) ;
#6304 = CARTESIAN_POINT ( 'NONE',  ( 19.05061389615434209, 3.147886501052380215, 29.08680086401320608 ) ) ;
#6305 = VECTOR ( 'NONE', #3940, 1000.000000000000114 ) ;
#6306 = CARTESIAN_POINT ( 'NONE',  ( -7.115526813279191565, -18.19583239723174017, 28.50965326155575852 ) ) ;
#6307 = DIRECTION ( 'NONE',  ( 0.8660254037844380415, 0.5000000000000008882, -0.000000000000000000 ) ) ;
#6308 = CARTESIAN_POINT ( 'NONE',  ( -40.24750315841305337, -9.430332592739066655, 0.000000000000000000 ) ) ;
#6309 = CARTESIAN_POINT ( 'NONE',  ( -6.778428920802850755, -18.24813832149351711, 29.04652697883269852 ) ) ;
#6310 = CARTESIAN_POINT ( 'NONE',  ( -12.00942718124741937, 14.82615439849825734, 29.30373929462156823 ) ) ;
#6311 = VECTOR ( 'NONE', #3983, 1000.000000000000000 ) ;
#6312 = FACE_OUTER_BOUND ( 'NONE', #9765, .T. ) ;
#6313 = AXIS2_PLACEMENT_3D ( 'NONE', #8787, #1344, #4516 ) ;
#6314 = VECTOR ( 'NONE', #447, 1000.000000000000114 ) ;
#6315 = DIRECTION ( 'NONE',  ( 1.101697372407250679E-15, -1.000000000000000000, -0.000000000000000000 ) ) ;
#6316 = EDGE_LOOP ( 'NONE', ( #6149, #973, #144, #224, #8085, #10348 ) ) ;
#6317 = DIRECTION ( 'NONE',  ( 1.000000000000000000, 0.000000000000000000, 0.000000000000000000 ) ) ;
#6318 = EDGE_CURVE ( 'NONE', #3822, #7823, #8329, .T. ) ;
#6319 = CYLINDRICAL_SURFACE ( 'NONE', #7830, 0.2000000000000001221 ) ;
#6320 = AXIS2_PLACEMENT_3D ( 'NONE', #9360, #3635, #304 ) ;
#6321 = CARTESIAN_POINT ( 'NONE',  ( 19.38689537111655881, 2.856860690148028681, 28.51172175438905043 ) ) ;
#6322 = CARTESIAN_POINT ( 'NONE',  ( 12.10975672110860124, 15.39963783453756285, 28.30000000000000071 ) ) ;
#6323 = AXIS2_PLACEMENT_3D ( 'NONE', #5957, #162, #5094 ) ;
#6324 = CIRCLE ( 'NONE', #1016, 1.299999999999999156 ) ;
#6325 = CARTESIAN_POINT ( 'NONE',  ( -12.23393477175419441, 14.78265998365610834, 29.06596556568807443 ) ) ;
#6326 = SPHERICAL_SURFACE ( 'NONE', #5468, 0.2000000000000000111 ) ;
#6327 = DIRECTION ( 'NONE',  ( 0.000000000000000000, 0.000000000000000000, 1.000000000000000000 ) ) ;
#6328 = B_SPLINE_CURVE_WITH_KNOTS ( 'NONE', 3,
 ( #7910, #1587, #571, #3848, #3034, #1430 ),
 .UNSPECIFIED., .F., .F.,
 ( 4, 2, 4 ),
 ( 0.000000000000000000, 0.0004950750420270878501, 0.0009901500840541757002 ),
 .UNSPECIFIED. ) ;
#6329 = CARTESIAN_POINT ( 'NONE',  ( 6.849732639098697895, -17.95006190418490633, 29.21154138478871332 ) ) ;
#6330 = AXIS2_PLACEMENT_3D ( 'NONE', #9079, #3400, #1743 ) ;
#6331 = VERTEX_POINT ( 'NONE', #5609 ) ;
#6332 = FACE_OUTER_BOUND ( 'NONE', #1206, .T. ) ;
#6333 = DIRECTION ( 'NONE',  ( 6.123233995736775897E-17, -1.060575238724906175E-16, 1.000000000000000000 ) ) ;
#6334 = DIRECTION ( 'NONE',  ( 0.8660254037844389297, -0.4999999999999996114, 0.000000000000000000 ) ) ;
#6335 = CARTESIAN_POINT ( 'NONE',  ( 12.26967522815956180, 15.28563683591304745, 28.54975725468452552 ) ) ;
#6336 = EDGE_CURVE ( 'NONE', #3789, #2859, #9781, .T. ) ;
#6337 = ORIENTED_EDGE ( 'NONE', *, *, #74, .F. ) ;
#6338 = B_SPLINE_CURVE_WITH_KNOTS ( 'NONE', 3,
 ( #4540, #3947, #9625, #4696 ),
 .UNSPECIFIED., .F., .F.,
 ( 4, 4 ),
 ( 8.673617379884035472E-19, 0.001591714974052791699 ),
 .UNSPECIFIED. ) ;
#6339 = DIRECTION ( 'NONE',  ( 0.8660254037844382635, 0.5000000000000008882, -0.000000000000000000 ) ) ;
#6340 = VERTEX_POINT ( 'NONE', #8920 ) ;
#6341 = CARTESIAN_POINT ( 'NONE',  ( -12.09411633727862778, 15.15815326295023269, 28.46080002751184068 ) ) ;
#6342 = EDGE_LOOP ( 'NONE', ( #6186, #8384, #7033, #711 ) ) ;
#6343 = ORIENTED_EDGE ( 'NONE', *, *, #10378, .F. ) ;
#6344 = DIRECTION ( 'NONE',  ( 1.000000000000000000, 0.000000000000000000, 0.000000000000000000 ) ) ;
#6345 = PLANE ( 'NONE',  #2198 ) ;
#6346 = CYLINDRICAL_SURFACE ( 'NONE', #706, 0.4999999999999989453 ) ;
#6347 = CARTESIAN_POINT ( 'NONE',  ( 19.25352756618789840, 3.080274818010998672, 28.65090257796836326 ) ) ;
#6348 = ORIENTED_EDGE ( 'NONE', *, *, #2762, .F. ) ;
#6349 = CARTESIAN_POINT ( 'NONE',  ( -12.01356797664488418, 15.53672233804204517, 28.30000000000000071 ) ) ;
#6350 = CARTESIAN_POINT ( 'NONE',  ( 19.25343537704308972, 2.813284173891575701, 28.46938304770564798 ) ) ;
#6351 = EDGE_LOOP ( 'NONE', ( #3729, #9661 ) ) ;
#6352 = CARTESIAN_POINT ( 'NONE',  ( -12.37161740507444740, 15.01677993003197287, 28.75414600629968120 ) ) ;
#6353 = CARTESIAN_POINT ( 'NONE',  ( -6.884632350288019786, -18.27348577755210357, 28.68304957900439689 ) ) ;
#6354 = AXIS2_PLACEMENT_3D ( 'NONE', #51, #9961, #8938 ) ;
#6355 = VERTEX_POINT ( 'NONE', #6670 ) ;
#6356 = ORIENTED_EDGE ( 'NONE', *, *, #1179, .F. ) ;
#6357 = EDGE_CURVE ( 'NONE', #9708, #6987, #1528, .T. ) ;
#6358 = CARTESIAN_POINT ( 'NONE',  ( -26.98347392270289902, -29.48515466406520602, 7.000000000000000000 ) ) ;
#6359 = CARTESIAN_POINT ( 'NONE',  ( -19.15860913317287739, 3.095165610601421591, 29.12829034755506186 ) ) ;
#6360 = CARTESIAN_POINT ( 'NONE',  ( -11.96954224357133434, 14.35875897191876405, 29.02676820756455811 ) ) ;
#6361 = EDGE_CURVE ( 'NONE', #3828, #5502, #8220, .T. ) ;
#6362 = CARTESIAN_POINT ( 'NONE',  ( 19.15342986163103234, 3.182552263230489231, 29.02185115523099057 ) ) ;
#6363 = CARTESIAN_POINT ( 'NONE',  ( -7.144167012561607244, -18.21092035038336832, 28.51120091408469293 ) ) ;
#6364 = CARTESIAN_POINT ( 'NONE',  ( -7.268886113213816280, -18.21155728827087472, 28.49793671789541349 ) ) ;
#6365 = CYLINDRICAL_SURFACE ( 'NONE', #654, 4.999999999999997335 ) ;
#6366 = CARTESIAN_POINT ( 'NONE',  ( -6.780822009174809040, -18.26401082062018943, 29.04634587615766250 ) ) ;
#6367 = CARTESIAN_POINT ( 'NONE',  ( -12.15713239879869789, 15.03436552459212372, 29.38474030247391866 ) ) ;
#6368 = LINE ( 'NONE', #2184, #4169 ) ;
#6369 = AXIS2_PLACEMENT_3D ( 'NONE', #5323, #10194, #6127 ) ;
#6370 = EDGE_CURVE ( 'NONE', #8999, #7321, #1108, .T. ) ;
#6371 = CARTESIAN_POINT ( 'NONE',  ( 6.903127045184529464, -18.31009318324215585, 28.83912078661299461 ) ) ;
#6372 = EDGE_CURVE ( 'NONE', #9076, #2989, #4047, .T. ) ;
#6373 = CARTESIAN_POINT ( 'NONE',  ( -19.35903843003420022, 2.708459963466395060, 28.49361172221358274 ) ) ;
#6374 = CARTESIAN_POINT ( 'NONE',  ( 20.60202684857812727, 3.890594502160988899, 28.69938302371408412 ) ) ;
#6375 = CARTESIAN_POINT ( 'NONE',  ( 19.36280550895922659, 2.786507272455235551, 28.49813673451929219 ) ) ;
#6376 = CARTESIAN_POINT ( 'NONE',  ( 56.99033417765470233, -13.31346813379172112, 7.000000000000000000 ) ) ;
#6377 = CARTESIAN_POINT ( 'NONE',  ( -12.33522237168885205, 14.92496970858667282, 29.09518394946652364 ) ) ;
#6378 = DIRECTION ( 'NONE',  ( -1.000000000000000000, 0.000000000000000000, 0.000000000000000000 ) ) ;
#6379 = LINE ( 'NONE', #5471, #6680 ) ;
#6380 = CARTESIAN_POINT ( 'NONE',  ( 6.881105438620545023, -18.19660103923834527, 28.72044060614711114 ) ) ;
#6381 = AXIS2_PLACEMENT_3D ( 'NONE', #2460, #4714, #1491 ) ;
#6382 = ORIENTED_EDGE ( 'NONE', *, *, #9544, .T. ) ;
#6383 = DIRECTION ( 'NONE',  ( -0.8660254037844381525, -0.5000000000000008882, 0.000000000000000000 ) ) ;
#6384 = DIRECTION ( 'NONE',  ( -1.000000000000000000, 0.000000000000000000, 0.000000000000000000 ) ) ;
#6385 = AXIS2_PLACEMENT_3D ( 'NONE', #9519, #1886, #3436 ) ;
#6386 = CARTESIAN_POINT ( 'NONE',  ( 0.000000000000000000, 30.00000000000000000, 0.1999999999999996503 ) ) ;
#6387 = CARTESIAN_POINT ( 'NONE',  ( 12.08253968666431000, 14.96229339587538476, 29.31262269345071658 ) ) ;
#6388 = LINE ( 'NONE', #1454, #9638 ) ;
#6389 = CIRCLE ( 'NONE', #10464, 1.100000000000001643 ) ;
#6390 = EDGE_LOOP ( 'NONE', ( #2007, #1041, #7848, #4031 ) ) ;
#6391 = CARTESIAN_POINT ( 'NONE',  ( -12.08427134249015289, 15.33984026155918556, 28.49651180758127467 ) ) ;
#6392 = ORIENTED_EDGE ( 'NONE', *, *, #7021, .T. ) ;
#6393 = ADVANCED_FACE ( 'NONE', ( #8330 ), #10150, .F. ) ;
#6394 = VERTEX_POINT ( 'NONE', #5274 ) ;
#6395 = ORIENTED_EDGE ( 'NONE', *, *, #2607, .F. ) ;
#6396 = LINE ( 'NONE', #6499, #3916 ) ;
#6397 = FACE_OUTER_BOUND ( 'NONE', #2021, .T. ) ;
#6398 = ORIENTED_EDGE ( 'NONE', *, *, #1434, .F. ) ;
#6399 = DIRECTION ( 'NONE',  ( 0.8660254037844413721, -0.4999999999999952260, 0.000000000000000000 ) ) ;
#6400 = CARTESIAN_POINT ( 'NONE',  ( -33.94493812865700733, -8.965056183336873374, 7.568402887927179634 ) ) ;
#6401 = CARTESIAN_POINT ( 'NONE',  ( 18.27748011637290304, -1.283172453091389942, 7.499999999999999112 ) ) ;
#6402 = ORIENTED_EDGE ( 'NONE', *, *, #7271, .T. ) ;
#6404 = AXIS2_PLACEMENT_3D ( 'NONE', #6792, #10213, #7799 ) ;
#6403 = CARTESIAN_POINT ( 'NONE',  ( -12.38306656947436224, 14.99893132846132815, 28.79787787304259083 ) ) ;
#6405 = CARTESIAN_POINT ( 'NONE',  ( -6.897471394073692252, -18.29222894347352124, 28.67399222042819673 ) ) ;
#6406 = EDGE_CURVE ( 'NONE', #2052, #10472, #81, .T. ) ;
#6407 = ORIENTED_EDGE ( 'NONE', *, *, #9623, .F. ) ;
#6408 = ORIENTED_EDGE ( 'NONE', *, *, #1027, .T. ) ;
#6409 = AXIS2_PLACEMENT_3D ( 'NONE', #2396, #10585, #9833 ) ;
#6410 = FACE_OUTER_BOUND ( 'NONE', #5556, .T. ) ;
#6411 = CARTESIAN_POINT ( 'NONE',  ( -19.15169458039607164, 3.025846011791507362, 29.26453000719484976 ) ) ;
#6412 = CARTESIAN_POINT ( 'NONE',  ( 19.33655164035172902, 2.482461858527877485, 28.50000000000000000 ) ) ;
#6413 = CARTESIAN_POINT ( 'NONE',  ( 19.17035377628679882, 3.185785842756119646, 29.04652697883314971 ) ) ;
#6414 = CARTESIAN_POINT ( 'NONE',  ( -7.172101992839693629, -18.29161951715972378, 28.51074021025984351 ) ) ;
#6415 = DIRECTION ( 'NONE',  ( 0.8660254037844380415, 0.5000000000000008882, -0.000000000000000000 ) ) ;
#6416 = EDGE_CURVE ( 'NONE', #8551, #3217, #5971, .T. ) ;
#6417 = CARTESIAN_POINT ( 'NONE',  ( -6.779713586524502844, -18.25631940835047473, 29.04643902444585990 ) ) ;
#6418 = CARTESIAN_POINT ( 'NONE',  ( -12.18949781806502308, 15.06242255487973125, 29.39098831337935280 ) ) ;
#6419 = CYLINDRICAL_SURFACE ( 'NONE', #8442, 0.1999999999999987899 ) ;
#6420 = EDGE_CURVE ( 'NONE', #1952, #9318, #6800, .T. ) ;
#6421 = CARTESIAN_POINT ( 'NONE',  ( 6.871454418526125707, -18.31066069582550426, 28.94284714945015935 ) ) ;
#6422 = CARTESIAN_POINT ( 'NONE',  ( -19.23124557396344159, 2.852898286805933381, 28.48889951553796607 ) ) ;
#6423 = DIRECTION ( 'NONE',  ( 0.5000000000000000000, 0.8660254037844385966, 0.000000000000000000 ) ) ;
#6424 = TOROIDAL_SURFACE ( 'NONE', #259, 1.299999999999999378, 0.2000000000000000111 ) ;
#6425 = DIRECTION ( 'NONE',  ( 0.5000000000000007772, -0.8660254037844381525, 0.000000000000000000 ) ) ;
#6426 = AXIS2_PLACEMENT_3D ( 'NONE', #4752, #6158, #2179 ) ;
#6427 = CARTESIAN_POINT ( 'NONE',  ( 13.57434320574574294, 15.75732451980846704, 29.21123387389209114 ) ) ;
#6428 = CARTESIAN_POINT ( 'NONE',  ( 12.54835079302414158, 14.23997061808133147, 28.72500000000000142 ) ) ;
#6429 = LINE ( 'NONE', #4126, #6850 ) ;
#6430 = CARTESIAN_POINT ( 'NONE',  ( -8.715272748157795846, 37.95668670219798457, 7.000000000000000000 ) ) ;
#6431 = DIRECTION ( 'NONE',  ( 0.000000000000000000, 0.000000000000000000, -1.000000000000000000 ) ) ;
#6432 = ORIENTED_EDGE ( 'NONE', *, *, #1887, .F. ) ;
#6433 = DIRECTION ( 'NONE',  ( -1.101697372407250679E-15, 1.000000000000000000, 0.000000000000000000 ) ) ;
#6434 = DIRECTION ( 'NONE',  ( -1.000000000000000000, -1.334402673828314029E-15, 0.000000000000000000 ) ) ;
#6435 = CARTESIAN_POINT ( 'NONE',  ( 9.794570841305763054, -19.95148980674237649, 32.00000000000000000 ) ) ;
#6436 = CARTESIAN_POINT ( 'NONE',  ( -6.553204992279396457, 28.59434845473134601, 12.95090628208417982 ) ) ;
#6437 = CARTESIAN_POINT ( 'NONE',  ( 12.12585453590793705, 15.01589420568478594, 29.33066881539791737 ) ) ;
#6438 = CARTESIAN_POINT ( 'NONE',  ( 28.71031875164282710, -26.09272536903439388, 7.000000000000000000 ) ) ;
#6439 = ORIENTED_EDGE ( 'NONE', *, *, #8641, .T. ) ;
#6440 = CARTESIAN_POINT ( 'NONE',  ( -12.09122857343683499, 15.34973035563413291, 28.49832330636392896 ) ) ;
#6441 = EDGE_LOOP ( 'NONE', ( #8316, #6787, #4992, #2376 ) ) ;
#6442 = ORIENTED_EDGE ( 'NONE', *, *, #7306, .F. ) ;
#6443 = CARTESIAN_POINT ( 'NONE',  ( -9.292901417278500276, -15.54040790171520214, 31.79166666666666785 ) ) ;
#6444 = CARTESIAN_POINT ( 'NONE',  ( 23.79318993999363840, -20.04040790171516306, 0.000000000000000000 ) ) ;
#6445 = CARTESIAN_POINT ( 'NONE',  ( -10.20222350350310769, -15.04040790171520214, 28.19999999999999929 ) ) ;
#6446 = EDGE_CURVE ( 'NONE', #1631, #9720, #3012, .T. ) ;
#6447 = AXIS2_PLACEMENT_3D ( 'NONE', #463, #3738, #5715 ) ;
#6448 = VERTEX_POINT ( 'NONE', #10044 ) ;
#6449 = CARTESIAN_POINT ( 'NONE',  ( 8.997776496496754817, -15.24040790171518722, 7.500000000000001776 ) ) ;
#6450 = CARTESIAN_POINT ( 'NONE',  ( 22.26119697378135243, 1.016827546908634305, 7.499999999999999112 ) ) ;
#6451 = ADVANCED_FACE ( 'NONE', ( #6726 ), #3455, .F. ) ;
#6452 = CARTESIAN_POINT ( 'NONE',  ( 6.897646953715862672, -20.02060497993150889, 28.83919285551125355 ) ) ;
#6453 = ORIENTED_EDGE ( 'NONE', *, *, #5613, .F. ) ;
#6454 = CARTESIAN_POINT ( 'NONE',  ( -12.32056329469340561, 15.00036338677305281, 28.70015874718222193 ) ) ;
#6455 = CARTESIAN_POINT ( 'NONE',  ( -6.897750651328586891, -18.29270023983066196, 28.67378592237422552 ) ) ;
#6456 = EDGE_LOOP ( 'NONE', ( #7644, #2492, #9621, #3773 ) ) ;
#6457 = ORIENTED_EDGE ( 'NONE', *, *, #2094, .F. ) ;
#6458 = CIRCLE ( 'NONE', #124, 11.99999999999999822 ) ;
#6459 = FACE_OUTER_BOUND ( 'NONE', #6830, .T. ) ;
#6460 = CARTESIAN_POINT ( 'NONE',  ( -19.00885069626830415, 2.999077552673478309, 29.23107086226467999 ) ) ;
#6461 = FACE_OUTER_BOUND ( 'NONE', #4622, .T. ) ;
#6462 = CARTESIAN_POINT ( 'NONE',  ( 19.12314024362645881, 3.174558312983787545, 29.02208500588343298 ) ) ;
#6463 = CARTESIAN_POINT ( 'NONE',  ( -7.226984687078125802, -18.23714025806289385, 28.50095341773003810 ) ) ;
#6464 = EDGE_CURVE ( 'NONE', #5004, #6596, #7298, .T. ) ;
#6465 = CARTESIAN_POINT ( 'NONE',  ( 8.376049915620313868, 25.46660772220894131, 16.41454907650912887 ) ) ;
#6466 = CARTESIAN_POINT ( 'NONE',  ( -10.20222350350397278, 55.26510000294447877, 7.499999999999999112 ) ) ;
#6467 = CARTESIAN_POINT ( 'NONE',  ( -6.690306383276571012, -18.06723442158263282, 29.01618753263696959 ) ) ;
#6468 = CARTESIAN_POINT ( 'NONE',  ( -12.24935343291672929, 14.90886319880461031, 29.22763206606901676 ) ) ;
#6469 = TOROIDAL_SURFACE ( 'NONE', #5442, 1.300000000000000266, 0.2000000000000000111 ) ;
#6470 = DIRECTION ( 'NONE',  ( 0.000000000000000000, 1.000000000000000000, 0.000000000000000000 ) ) ;
#6471 = CARTESIAN_POINT ( 'NONE',  ( -19.33843578415258690, 2.734217049100492680, 28.49333098990287994 ) ) ;
#6472 = FACE_OUTER_BOUND ( 'NONE', #9942, .T. ) ;
#6473 = CARTESIAN_POINT ( 'NONE',  ( 19.48717414497095746, 2.796113064746391430, 28.49996611647302913 ) ) ;
#6474 = CARTESIAN_POINT ( 'NONE',  ( 35.88653380537866155, -7.015170464834575625, 7.071962365227624225 ) ) ;
#6475 = AXIS2_PLACEMENT_3D ( 'NONE', #10031, #6074, #9176 ) ;
#6476 = CARTESIAN_POINT ( 'NONE',  ( 12.11533809113192284, 13.98997061808132969, 28.72500000000000142 ) ) ;
#6477 = EDGE_CURVE ( 'NONE', #4500, #7785, #2394, .T. ) ;
#6478 = CARTESIAN_POINT ( 'NONE',  ( -25.97224062880127349, -5.040407901715212802, 17.00000000000000000 ) ) ;
#6479 = CYLINDRICAL_SURFACE ( 'NONE', #362, 0.1999999999999997335 ) ;
#6480 = CARTESIAN_POINT ( 'NONE',  ( 5.380399052077320832, 37.04872661222743346, 7.218464069691106211 ) ) ;
#6481 = VECTOR ( 'NONE', #4672, 1000.000000000000000 ) ;
#6482 = ORIENTED_EDGE ( 'NONE', *, *, #781, .T. ) ;
#6484 = ADVANCED_FACE ( 'NONE', ( #4264 ), #6032, .F. ) ;
#6483 = FACE_OUTER_BOUND ( 'NONE', #4400, .T. ) ;
#6485 = AXIS2_PLACEMENT_3D ( 'NONE', #7182, #8582, #57 ) ;
#6486 = FACE_OUTER_BOUND ( 'NONE', #6207, .T. ) ;
#6487 = AXIS2_PLACEMENT_3D ( 'NONE', #10416, #5601, #5550 ) ;
#6488 = CARTESIAN_POINT ( 'NONE',  ( 12.10975672110860302, 15.39963783453756285, 0.000000000000000000 ) ) ;
#6489 = DIRECTION ( 'NONE',  ( -0.000000000000000000, 0.000000000000000000, -1.000000000000000000 ) ) ;
#6490 = CARTESIAN_POINT ( 'NONE',  ( 12.20445619061773357, 15.17143732531717859, 29.40386631717369070 ) ) ;
#6491 = DIRECTION ( 'NONE',  ( -1.000000000000000000, -1.156482317317871528E-15, 0.000000000000000000 ) ) ;
#6492 = AXIS2_PLACEMENT_3D ( 'NONE', #9464, #5561, #1376 ) ;
#6493 = EDGE_LOOP ( 'NONE', ( #250, #9234 ) ) ;
#6494 = CARTESIAN_POINT ( 'NONE',  ( -12.11422313557447517, 15.36814635851475863, 28.49996611647306821 ) ) ;
#6495 = AXIS2_PLACEMENT_3D ( 'NONE', #885, #6674, #6040 ) ;
#6496 = ORIENTED_EDGE ( 'NONE', *, *, #1346, .F. ) ;
#6497 = EDGE_LOOP ( 'NONE', ( #10553, #926, #8487, #7514 ) ) ;
#6498 = DIRECTION ( 'NONE',  ( -1.000000000000000000, 0.000000000000000000, 0.000000000000000000 ) ) ;
#6499 = CARTESIAN_POINT ( 'NONE',  ( -23.48076211353101428, -14.99999999999999467, 5.000000000000000000 ) ) ;
#6500 = CARTESIAN_POINT ( 'NONE',  ( 8.997776496496754817, -15.04040790171518438, 7.500000000000001776 ) ) ;
#6501 = ORIENTED_EDGE ( 'NONE', *, *, #10353, .F. ) ;
#6502 = DIRECTION ( 'NONE',  ( 0.4999999999999835687, -0.8660254037844481445, 0.000000000000000000 ) ) ;
#6503 = CARTESIAN_POINT ( 'NONE',  ( -19.21992348708007370, 3.638152748072193354, 28.92935537564404314 ) ) ;
#6504 = CARTESIAN_POINT ( 'NONE',  ( 18.08262669439585579, -0.3456764261984865416, 31.79166666666666785 ) ) ;
#6505 = ORIENTED_EDGE ( 'NONE', *, *, #7825, .T. ) ;
#6506 = CARTESIAN_POINT ( 'NONE',  ( -12.31974800419646421, 15.07602367449520742, 28.64668381365775218 ) ) ;
#6507 = CARTESIAN_POINT ( 'NONE',  ( -6.930758008307539519, -18.29044240698434365, 28.63876439088462078 ) ) ;
#6508 = AXIS2_PLACEMENT_3D ( 'NONE', #5257, #181, #6718 ) ;
#6509 = ADVANCED_FACE ( 'NONE', ( #2008 ), #1796, .F. ) ;
#6510 = ORIENTED_EDGE ( 'NONE', *, *, #6129, .T. ) ;
#6511 = ORIENTED_EDGE ( 'NONE', *, *, #8903, .T. ) ;
#6512 = CARTESIAN_POINT ( 'NONE',  ( -10.20222350350320006, -19.84040790171520641, 7.499999999999999112 ) ) ;
#6513 = CARTESIAN_POINT ( 'NONE',  ( -19.31146111670209820, 2.932080070962114426, 29.41083157328820619 ) ) ;
#6514 = CARTESIAN_POINT ( 'NONE',  ( 11.83655164035171659, 15.47284291529445177, 28.30000000000000071 ) ) ;
#6515 = CARTESIAN_POINT ( 'NONE',  ( 19.17653400101436745, 3.188162080836622003, 29.04645686241516245 ) ) ;
#6516 = CARTESIAN_POINT ( 'NONE',  ( -7.274305630064777262, -18.24920684710612662, 28.49996611647304690 ) ) ;
#6517 = CARTESIAN_POINT ( 'NONE',  ( 11.46119697378134106, 19.72297626865250564, 7.500000000000001776 ) ) ;
#6518 = CIRCLE ( 'NONE', #6872, 1.300000000000000266 ) ;
#6519 = DIRECTION ( 'NONE',  ( -0.8660254037844381525, -0.5000000000000009992, 0.000000000000000000 ) ) ;
#6520 = CARTESIAN_POINT ( 'NONE',  ( -6.773305965135486773, -18.22302645061909843, 29.04661602729914094 ) ) ;
#6521 = CARTESIAN_POINT ( 'NONE',  ( -12.28914367652810036, 14.94676593403241327, 29.23570562211268964 ) ) ;
#6522 = ORIENTED_EDGE ( 'NONE', *, *, #247, .T. ) ;
#6523 = CARTESIAN_POINT ( 'NONE',  ( 19.32088759934710609, 3.042209501918462067, 29.39571801506354731 ) ) ;
#6524 = ADVANCED_FACE ( 'NONE', ( #2711 ), #992, .F. ) ;
#6525 = CARTESIAN_POINT ( 'NONE',  ( 36.14550112298702089, -6.545735268532835605, 7.032022048447872820 ) ) ;
#6526 = CARTESIAN_POINT ( 'NONE',  ( -19.23494937265161298, 2.777159406901293259, 28.45535574669563417 ) ) ;
#6527 = LINE ( 'NONE', #2457, #5787 ) ;
#6528 = CARTESIAN_POINT ( 'NONE',  ( -7.270624290268025369, -18.24040790171495630, 28.30000000000000071 ) ) ;
#6529 = DIRECTION ( 'NONE',  ( -0.8660254037844381525, -0.5000000000000008882, 0.000000000000000000 ) ) ;
#6530 = CARTESIAN_POINT ( 'NONE',  ( 0.008521484731877086022, 19.95959209828480141, 32.00000000000000000 ) ) ;
#6531 = CARTESIAN_POINT ( 'NONE',  ( 11.90975672110860195, 15.39963783453756285, 28.30000000000000071 ) ) ;
#6532 = DIRECTION ( 'NONE',  ( 1.026956297778269800E-14, -1.000000000000000000, -0.000000000000000000 ) ) ;
#6533 = CARTESIAN_POINT ( 'NONE',  ( 5.633233209176970568, 37.33876295534326317, 7.149744203094489770 ) ) ;
#6534 = EDGE_CURVE ( 'NONE', #1731, #562, #5983, .T. ) ;
#6535 = AXIS2_PLACEMENT_3D ( 'NONE', #7693, #9245, #6041 ) ;
#6536 = EDGE_LOOP ( 'NONE', ( #8495, #760, #9603, #6343 ) ) ;
#6537 = TOROIDAL_SURFACE ( 'NONE', #7902, 1.299999999999999378, 0.2000000000000000111 ) ;
#6538 = AXIS2_PLACEMENT_3D ( 'NONE', #2249, #8672, #9428 ) ;
#6539 = PLANE ( 'NONE',  #1193 ) ;
#6540 = DIRECTION ( 'NONE',  ( 0.000000000000000000, 0.000000000000000000, -1.000000000000000000 ) ) ;
#6541 = CARTESIAN_POINT ( 'NONE',  ( -19.30486276645190102, 2.954305646582395362, 29.39427216176077096 ) ) ;
#6542 = CARTESIAN_POINT ( 'NONE',  ( 19.27985949364320817, 3.075375386144489021, 28.64008160065016995 ) ) ;
#6543 = CARTESIAN_POINT ( 'NONE',  ( 12.04940879076631433, 14.91639834117625973, 29.29618757358464975 ) ) ;
#6544 = ORIENTED_EDGE ( 'NONE', *, *, #4132, .F. ) ;
#6545 = FACE_OUTER_BOUND ( 'NONE', #4342, .T. ) ;
#6546 = AXIS2_PLACEMENT_3D ( 'NONE', #10119, #9204, #5139 ) ;
#6547 = EDGE_CURVE ( 'NONE', #3452, #246, #5650, .T. ) ;
#6548 = EDGE_CURVE ( 'NONE', #8758, #6640, #8644, .T. ) ;
#6549 = VERTEX_POINT ( 'NONE', #9552 ) ;
#6550 = ORIENTED_EDGE ( 'NONE', *, *, #5177, .T. ) ;
#6551 = DIRECTION ( 'NONE',  ( -0.5000000000000007772, 0.8660254037844381525, 0.000000000000000000 ) ) ;
#6552 = DIRECTION ( 'NONE',  ( -1.000000000000000000, 0.000000000000000000, 0.000000000000000000 ) ) ;
#6553 = VERTEX_POINT ( 'NONE', #3879 ) ;
#6554 = CARTESIAN_POINT ( 'NONE',  ( 18.75427503561601839, -2.509005478011160140, 7.499999999999999112 ) ) ;
#6555 = ADVANCED_FACE ( 'NONE', ( #6940 ), #9446, .F. ) ;
#6556 = CARTESIAN_POINT ( 'NONE',  ( -19.10398060129681497, 3.577135456685354598, 28.93128889957746708 ) ) ;
#6557 = CARTESIAN_POINT ( 'NONE',  ( -8.699692158673945741, 15.27652362474138670, 28.19999999999999929 ) ) ;
#6558 = ORIENTED_EDGE ( 'NONE', *, *, #10329, .F. ) ;
#6559 = CARTESIAN_POINT ( 'NONE',  ( -12.31909065930811664, 15.07403856852958590, 28.64753023767842421 ) ) ;
#6560 = CIRCLE ( 'NONE', #1945, 0.1999999999999996503 ) ;
#6561 = CARTESIAN_POINT ( 'NONE',  ( -6.919885798571593583, -18.27673292706560204, 28.64586321335961472 ) ) ;
#6562 = EDGE_LOOP ( 'NONE', ( #2816, #9601, #3775, #8148 ) ) ;
#6563 = VERTEX_POINT ( 'NONE', #8799 ) ;
#6564 = CARTESIAN_POINT ( 'NONE',  ( 6.887027079464369095, -17.81095286227234098, 29.25474978903322665 ) ) ;
#6565 = DIRECTION ( 'NONE',  ( 0.000000000000000000, -0.000000000000000000, -1.000000000000000000 ) ) ;
#6566 = CARTESIAN_POINT ( 'NONE',  ( 19.17958440277854493, 3.191559620725535673, 29.02121142020959255 ) ) ;
#6567 = CARTESIAN_POINT ( 'NONE',  ( -7.274305630064774597, -18.25438286736931204, 28.49996611647303979 ) ) ;
#6568 = DIRECTION ( 'NONE',  ( 0.8660254037844389297, -0.4999999999999996114, 0.000000000000000000 ) ) ;
#6569 = CARTESIAN_POINT ( 'NONE',  ( -12.31070908614407955, 14.87924281018837647, 29.02131299674765685 ) ) ;
#6570 = CARTESIAN_POINT ( 'NONE',  ( -6.778485806843580264, -18.26184998035896712, 29.02114176756243680 ) ) ;
#6571 = CARTESIAN_POINT ( 'NONE',  ( -12.23400470658667416, 15.00493129152210692, 29.33549628215275007 ) ) ;
#6572 = ORIENTED_EDGE ( 'NONE', *, *, #2819, .T. ) ;
#6573 = CARTESIAN_POINT ( 'NONE',  ( -11.98488813161779554, 14.75342172513228434, 29.26584763768273589 ) ) ;
#6574 = CARTESIAN_POINT ( 'NONE',  ( 8.027480116372872843, 16.47034832448959207, 7.500000000000001776 ) ) ;
#6575 = CARTESIAN_POINT ( 'NONE',  ( -19.38760369801736516, 2.775351151328851351, 28.50807333853133230 ) ) ;
#6576 = DIRECTION ( 'NONE',  ( 0.000000000000000000, 0.000000000000000000, -1.000000000000000000 ) ) ;
#6577 = CARTESIAN_POINT ( 'NONE',  ( 19.38363621774493595, 2.742740639136612035, 28.49792388183720249 ) ) ;
#6578 = CARTESIAN_POINT ( 'NONE',  ( -12.11172730674650744, 15.36670539106910205, 28.49996611647302203 ) ) ;
#6579 = CARTESIAN_POINT ( 'NONE',  ( 11.94437262186780302, 14.44300941104426705, 29.03747470992773572 ) ) ;
#6580 = CARTESIAN_POINT ( 'NONE',  ( -6.963170648376539873, -18.11090449084591469, 29.38426522169421418 ) ) ;
#6581 = CARTESIAN_POINT ( 'NONE',  ( -7.876487077917002644, 16.30235664966128795, 7.499999999999999112 ) ) ;
#6582 = EDGE_CURVE ( 'NONE', #562, #4252, #4284, .T. ) ;
#6583 = CARTESIAN_POINT ( 'NONE',  ( 7.047640246628079197, -18.28910790574126821, 29.37977507040206859 ) ) ;
#6584 = DIRECTION ( 'NONE',  ( 1.000000000000000000, 0.000000000000000000, 0.000000000000000000 ) ) ;
#6585 = ORIENTED_EDGE ( 'NONE', *, *, #3973, .F. ) ;
#6586 = VECTOR ( 'NONE', #8277, 999.9999999999998863 ) ;
#6587 = CARTESIAN_POINT ( 'NONE',  ( 21.16860244792060541, 3.309256777770991587, 32.00000000000000000 ) ) ;
#6588 = CARTESIAN_POINT ( 'NONE',  ( 10.29777649649665783, -19.84040790171517799, 28.20000000000000284 ) ) ;
#6589 = CARTESIAN_POINT ( 'NONE',  ( -5.415968405682486164, 30.56410000294340534, 11.12003179020993038 ) ) ;
#6590 = CARTESIAN_POINT ( 'NONE',  ( 19.26860639487039606, 3.104731152065732580, 28.67378592237420065 ) ) ;
#6591 = CARTESIAN_POINT ( 'NONE',  ( 12.32682638095582561, 15.21037047457204139, 29.38741517873171105 ) ) ;
#6592 = ADVANCED_FACE ( 'NONE', ( #4580 ), #4731, .F. ) ;
#6593 = ORIENTED_EDGE ( 'NONE', *, *, #429, .F. ) ;
#6594 = CARTESIAN_POINT ( 'NONE',  ( -12.10323804307649986, 15.36147932071330935, 28.49986057051265220 ) ) ;
#6595 = CIRCLE ( 'NONE', #7108, 1.099999999999998535 ) ;
#6596 = VERTEX_POINT ( 'NONE', #4683 ) ;
#6597 = VERTEX_POINT ( 'NONE', #1409 ) ;
#6598 = CARTESIAN_POINT ( 'NONE',  ( 17.92967753712305878, -0.9029245248815382929, 32.00000000000000000 ) ) ;
#6599 = DIRECTION ( 'NONE',  ( 0.000000000000000000, 0.000000000000000000, -1.000000000000000000 ) ) ;
#6600 = PRODUCT_RELATED_PRODUCT_CATEGORY ( 'part', '', ( #2477 ) ) ;
#6601 = DIRECTION ( 'NONE',  ( -1.000000000000000000, 0.000000000000000000, 0.000000000000000000 ) ) ;
#6602 = ORIENTED_EDGE ( 'NONE', *, *, #11, .F. ) ;
#6603 = CARTESIAN_POINT ( 'NONE',  ( 39.99033417765404863, -42.75833186246229900, 0.000000000000000000 ) ) ;
#6604 = EDGE_CURVE ( 'NONE', #5092, #4347, #212, .T. ) ;
#6605 = CARTESIAN_POINT ( 'NONE',  ( -19.15220437637108120, 2.872126362131754540, 28.43325468956128432 ) ) ;
#6606 = CARTESIAN_POINT ( 'NONE',  ( -19.41356797664481348, 2.719546362032308373, 28.30000000000000071 ) ) ;
#6607 = ORIENTED_EDGE ( 'NONE', *, *, #2530, .T. ) ;
#6608 = EDGE_CURVE ( 'NONE', #4852, #3873, #8186, .T. ) ;
#6609 = CARTESIAN_POINT ( 'NONE',  ( -12.33596549500929740, 15.11160216604079309, 28.63134993243652104 ) ) ;
#6610 = CARTESIAN_POINT ( 'NONE',  ( -7.049339008914486726, -18.25783646143715444, 28.55383251696202862 ) ) ;
#6611 = ORIENTED_EDGE ( 'NONE', *, *, #9049, .T. ) ;
#6612 = ORIENTED_EDGE ( 'NONE', *, *, #6446, .F. ) ;
#6613 = AXIS2_PLACEMENT_3D ( 'NONE', #9789, #4062, #2505 ) ;
#6614 = CARTESIAN_POINT ( 'NONE',  ( 56.99033417765470233, -13.31346813379172112, 7.000000000000000000 ) ) ;
#6615 = CARTESIAN_POINT ( 'NONE',  ( 11.39777649649660773, -15.24040790171518367, 28.20000000000000284 ) ) ;
#6616 = LINE ( 'NONE', #8971, #9229 ) ;
#6617 = CARTESIAN_POINT ( 'NONE',  ( 19.18812097592081400, 3.195611555424850536, 28.94535135870509279 ) ) ;
#6618 = LINE ( 'NONE', #4215, #5474 ) ;
#6619 = DIRECTION ( 'NONE',  ( 1.000000000000000000, 0.000000000000000000, 0.000000000000000000 ) ) ;
#6620 = ORIENTED_EDGE ( 'NONE', *, *, #8225, .F. ) ;
#6621 = CARTESIAN_POINT ( 'NONE',  ( -12.34999619811596361, 14.92675764614821432, 29.04663199747506397 ) ) ;
#6622 = CARTESIAN_POINT ( 'NONE',  ( -6.773981314064738690, -18.24681692785513221, 28.94703554307209004 ) ) ;
#6623 = CARTESIAN_POINT ( 'NONE',  ( -12.27277348018810521, 15.03004960087143793, 29.33724884745273798 ) ) ;
#6624 = CIRCLE ( 'NONE', #1844, 1.299999999999999156 ) ;
#6625 = ORIENTED_EDGE ( 'NONE', *, *, #9137, .T. ) ;
#6626 = CARTESIAN_POINT ( 'NONE',  ( -12.25976718196112003, 15.10943976123308730, 29.39529401309111378 ) ) ;
#6627 = DIRECTION ( 'NONE',  ( -0.8660254037844413721, 0.4999999999999951705, 0.000000000000000000 ) ) ;
#6628 = CARTESIAN_POINT ( 'NONE',  ( -19.28264362056724224, 2.873907666776466030, 28.53147879579920243 ) ) ;
#6629 = CARTESIAN_POINT ( 'NONE',  ( 19.18322208192774880, 3.050322576185929169, 29.33722819558772343 ) ) ;
#6630 = CARTESIAN_POINT ( 'NONE',  ( 19.40921115821867105, 2.751151457227937858, 28.49994974110119372 ) ) ;
#6631 = AXIS2_PLACEMENT_3D ( 'NONE', #5903, #9165, #7970 ) ;
#6632 = LINE ( 'NONE', #2619, #7057 ) ;
#6633 = DIRECTION ( 'NONE',  ( -0.000000000000000000, 0.000000000000000000, -1.000000000000000000 ) ) ;
#6634 = CARTESIAN_POINT ( 'NONE',  ( -6.973516866108664836, -18.16831244302027315, 29.39223191351923248 ) ) ;
#6635 = CARTESIAN_POINT ( 'NONE',  ( -12.13755013343300782, 13.92197894325302165, 28.72500000000000142 ) ) ;
#6636 = CARTESIAN_POINT ( 'NONE',  ( -7.399692158673890852, 17.52818967458105703, 7.499999999999999112 ) ) ;
#6637 =( GEOMETRIC_REPRESENTATION_CONTEXT ( 3 ) GLOBAL_UNCERTAINTY_ASSIGNED_CONTEXT ( ( #6708 ) ) GLOBAL_UNIT_ASSIGNED_CONTEXT ( ( #256, #4285, #9362 ) ) REPRESENTATION_CONTEXT ( 'NONE', 'WORKASPACE' ) );
#6638 = ADVANCED_FACE ( 'NONE', ( #6290 ), #7502, .T. ) ;
#6639 = CARTESIAN_POINT ( 'NONE',  ( -19.24718125980251315, 2.607736609307743425, 28.49953455754358345 ) ) ;
#6640 = VERTEX_POINT ( 'NONE', #10256 ) ;
#6641 = CARTESIAN_POINT ( 'NONE',  ( 8.741948780620582227, 15.83285229759671253, 31.79166666666666785 ) ) ;
#6642 = DIRECTION ( 'NONE',  ( 0.5000000000000008882, -0.8660254037844381525, 0.000000000000000000 ) ) ;
#6643 = CARTESIAN_POINT ( 'NONE',  ( -7.270624290268025369, -18.24040790171495630, 0.000000000000000000 ) ) ;
#6644 = CARTESIAN_POINT ( 'NONE',  ( 19.24540703189686752, 3.106484702882079674, 28.68304957900437202 ) ) ;
#6645 = LINE ( 'NONE', #6013, #2433 ) ;
#6646 = ORIENTED_EDGE ( 'NONE', *, *, #7566, .F. ) ;
#6647 = CARTESIAN_POINT ( 'NONE',  ( 12.20326541723185976, 15.37710504959670033, 28.50497809433309726 ) ) ;
#6648 = CIRCLE ( 'NONE', #2886, 1.299999999999999156 ) ;
#6649 = AXIS2_PLACEMENT_3D ( 'NONE', #4671, #7824, #7931 ) ;
#6650 = ORIENTED_EDGE ( 'NONE', *, *, #7044, .F. ) ;
#6651 = CLOSED_SHELL ( 'NONE', ( #9817, #6831, #7015, #3118, #9166, #2618, #7930, #10323, #2026, #3593, #820, #6922, #9371, #5684, #3638, #320, #10441, #9748, #8364, #4258, #4525, #4328, #9381, #846, #5913, #3018, #8573, #2097, #1001, #2688, #8424, #3137, #6863, #6654, #5619, #7186, #6917, #4054, #3267, #7774, #1539, #9959, #3799, #264, #3463, #7446, #10120, #6748, #7578, #4769, #10028, #5090, #2889, #6592, #2230, #5445, #2298, #2294, #6273, #4172, #65, #1918, #3772, #10491, #8020, #708, #7536, #7394, #2329, #1746, #1869, #3689, #6287, #8112, #5114, #5025, #9298, #6393, #3808, #10351, #2302, #9553, #9823, #10602, #10400, #1402, #7144, #7835, #6187, #623, #7465, #5639, #9425, #522, #1357, #10251, #6555, #3184, #6107, #896, #10525, #6722, #2242, #5436, #9497, #3167, #6819, #6226, #3209, #5817, #9998, #9085, #1779, #3499, #7534, #3672, #9043, #5766, #4965, #7637, #5967, #8380, #2863, #4640, #5007, #3864, #7068, #6451, #5317, #7347, #2596, #1908, #7134, #4651, #6753, #8453, #1098, #528, #1083, #8593, #8947, #7506, #8092, #3077, #3000, #743, #693, #8640, #3254, #3552, #8352, #66, #3676, #462, #6263, #610, #944, #5941, #7482, #482, #5742, #6223, #236, #8911, #3845, #6484, #5632, #911, #5635, #6681, #9005, #5159, #3265, #2569, #1563, #3439, #7724, #3548, #568, #10342, #2158, #3072, #1980, #2109, #2801, #7883, #6509, #389, #7328, #8706, #4010, #7854, #6524, #5773, #4478, #4232, #7723, #4984, #5673, #7531, #7028, #2623, #7055, #3, #9429, #8864, #3931, #8042, #2144, #2674, #5580, #6001, #4475, #10024, #9752, #960, #2432, #8829, #4305, #6026, #2824, #8128, #9620, #2234, #5917, #6638, #7178, #1619, #7195, #5833, #3453, #7235, #8254, #7850, #4661, #1506, #3739, #6048, #3440, #4243, #113, #9559, #9982, #5413, #8249, #8258, #6171, #6202, #7517, #2222 ) ) ;
#6652 = ORIENTED_EDGE ( 'NONE', *, *, #1632, .T. ) ;
#6653 = DIRECTION ( 'NONE',  ( -0.4999999999999988343, 0.8660254037844393737, 0.000000000000000000 ) ) ;
#6654 = ADVANCED_FACE ( 'NONE', ( #2270 ), #1861, .T. ) ;
#6655 = DIRECTION ( 'NONE',  ( 0.8660254037844389297, -0.4999999999999996114, 0.000000000000000000 ) ) ;
#6656 = DIRECTION ( 'NONE',  ( -0.000000000000000000, 0.000000000000000000, -1.000000000000000000 ) ) ;
#6657 = CIRCLE ( 'NONE', #5630, 1.099999999999999645 ) ;
#6658 = EDGE_LOOP ( 'NONE', ( #2778, #5593, #6913, #1465 ) ) ;
#6659 = CARTESIAN_POINT ( 'NONE',  ( -28.81360094162512553, -36.31528168298734016, 0.000000000000000000 ) ) ;
#6660 = VECTOR ( 'NONE', #1333, 1000.000000000000000 ) ;
#6661 = DIRECTION ( 'NONE',  ( -1.026956297778269800E-14, 1.000000000000000000, 0.000000000000000000 ) ) ;
#6662 = CIRCLE ( 'NONE', #2047, 1.100000000000000977 ) ;
#6663 = CARTESIAN_POINT ( 'NONE',  ( -21.07241370345680664, 3.446341281275412616, 28.50000000000000000 ) ) ;
#6664 = VERTEX_POINT ( 'NONE', #10355 ) ;
#6665 = CARTESIAN_POINT ( 'NONE',  ( -12.34529128934607201, 15.06674538261987806, 28.67378592237423618 ) ) ;
#6666 = CARTESIAN_POINT ( 'NONE',  ( -6.982372415453013126, -18.25827449917259671, 28.58811065428017173 ) ) ;
#6667 = ORIENTED_EDGE ( 'NONE', *, *, #1049, .T. ) ;
#6668 = ORIENTED_EDGE ( 'NONE', *, *, #10156, .F. ) ;
#6669 = EDGE_CURVE ( 'NONE', #1526, #4852, #6188, .T. ) ;
#6670 = CARTESIAN_POINT ( 'NONE',  ( -11.48340901608239939, 19.65498459382402530, 28.19999999999999929 ) ) ;
#6671 = CARTESIAN_POINT ( 'NONE',  ( 28.12331695891582939, -27.54040790171518438, 7.000000000000000000 ) ) ;
#6672 = CARTESIAN_POINT ( 'NONE',  ( -13.67241370345680984, 16.26351725728510900, 28.30000000000000071 ) ) ;
#6673 = CARTESIAN_POINT ( 'NONE',  ( 19.18937108539241621, 3.196058999272094692, 28.94526195320865369 ) ) ;
#6674 = DIRECTION ( 'NONE',  ( 0.4250000000000011546, -0.7361215932167717302, 0.5267826876426375815 ) ) ;
#6675 = DIRECTION ( 'NONE',  ( 1.000000000000000000, 0.000000000000000000, 0.000000000000000000 ) ) ;
#6676 = ORIENTED_EDGE ( 'NONE', *, *, #644, .F. ) ;
#6677 = CARTESIAN_POINT ( 'NONE',  ( -12.26469801756102029, 14.78280632647187609, 28.99738706151423528 ) ) ;
#6678 = CARTESIAN_POINT ( 'NONE',  ( -6.777254885252320449, -18.24069062817625664, 28.89877349666162587 ) ) ;
#6679 = CARTESIAN_POINT ( 'NONE',  ( -12.23113228831353183, 14.88863520944107499, 29.22236461136316521 ) ) ;
#6680 = VECTOR ( 'NONE', #2308, 999.9999999999998863 ) ;
#6681 = ADVANCED_FACE ( 'NONE', ( #8691 ), #7837, .F. ) ;
#6682 = ORIENTED_EDGE ( 'NONE', *, *, #8149, .T. ) ;
#6683 = CARTESIAN_POINT ( 'NONE',  ( -12.33543750004898243, 15.15376500708044638, 29.39571968233660471 ) ) ;
#6684 = EDGE_CURVE ( 'NONE', #4940, #6695, #319, .T. ) ;
#6685 = SPHERICAL_SURFACE ( 'NONE', #8840, 0.2000000000000000111 ) ;
#6686 = CARTESIAN_POINT ( 'NONE',  ( -19.25522865805116268, 2.840435242693808426, 28.49821271211392926 ) ) ;
#6687 = DIRECTION ( 'NONE',  ( 0.8660254037844382635, 0.5000000000000008882, -0.000000000000000000 ) ) ;
#6688 = CARTESIAN_POINT ( 'NONE',  ( 19.14116010876585250, 3.032218602461450807, 29.33321254066790473 ) ) ;
#6689 = CARTESIAN_POINT ( 'NONE',  ( -6.917071458198520872, -17.97947527167319848, 29.34896699799796949 ) ) ;
#6690 = DIRECTION ( 'NONE',  ( -1.015854067532018234E-14, 1.000000000000000000, 0.000000000000000000 ) ) ;
#6691 = CARTESIAN_POINT ( 'NONE',  ( 8.577480116372868224, 15.51772038032670586, 7.500000000000001776 ) ) ;
#6692 = EDGE_CURVE ( 'NONE', #4454, #8865, #7330, .T. ) ;
#6693 = CARTESIAN_POINT ( 'NONE',  ( -6.860017130859051626, -18.03043634943001905, 29.30555425511048284 ) ) ;
#6694 = CARTESIAN_POINT ( 'NONE',  ( 19.23655164035173115, 2.655666939284764716, 1.700000000000001510 ) ) ;
#6695 = VERTEX_POINT ( 'NONE', #7888 ) ;
#6696 = CARTESIAN_POINT ( 'NONE',  ( -6.472490957014657376, -17.61329881539154130, 29.02676820756459364 ) ) ;
#6697 = EDGE_CURVE ( 'NONE', #10038, #2717, #2966, .T. ) ;
#6698 = LINE ( 'NONE', #9907, #8420 ) ;
#6699 = EDGE_LOOP ( 'NONE', ( #9332, #1, #8044, #367 ) ) ;
#6700 = CYLINDRICAL_SURFACE ( 'NONE', #10425, 1.099999999999996092 ) ;
#6701 = CARTESIAN_POINT ( 'NONE',  ( -19.48076087391736522, 2.742593862394162141, 28.49953455754358345 ) ) ;
#6702 = CARTESIAN_POINT ( 'NONE',  ( 10.29777649649680349, -20.04040790171518083, 7.500000000000001776 ) ) ;
#6703 = CARTESIAN_POINT ( 'NONE',  ( 19.25696257326403327, 3.079451197021334963, 28.64951965287666269 ) ) ;
#6704 = DIRECTION ( 'NONE',  ( 0.8660254037844389297, -0.4999999999999996114, 0.000000000000000000 ) ) ;
#6705 = CARTESIAN_POINT ( 'NONE',  ( -56.97329120819080117, -13.31346813379115979, 0.000000000000000000 ) ) ;
#6706 = ORIENTED_EDGE ( 'NONE', *, *, #643, .T. ) ;
#6707 = DIRECTION ( 'NONE',  ( 0.000000000000000000, 0.000000000000000000, 1.000000000000000000 ) ) ;
#6708 = UNCERTAINTY_MEASURE_WITH_UNIT (LENGTH_MEASURE( 1.000000000000000082E-05 ), #256, 'distance_accuracy_value', 'NONE');
#6709 = AXIS2_PLACEMENT_3D ( 'NONE', #7196, #10462, #4528 ) ;
#6710 = ORIENTED_EDGE ( 'NONE', *, *, #4110, .T. ) ;
#6711 = CARTESIAN_POINT ( 'NONE',  ( 12.15329413015231630, 15.17370891960701584, 28.49479497753990032 ) ) ;
#6712 = CARTESIAN_POINT ( 'NONE',  ( 17.62748011637281209, -0.1573394281715028709, 28.19999999999999929 ) ) ;
#6713 = CARTESIAN_POINT ( 'NONE',  ( 12.09187324604169866, 15.44854714850913346, 28.49891376558365153 ) ) ;
#6714 = ORIENTED_EDGE ( 'NONE', *, *, #5450, .F. ) ;
#6715 = CYLINDRICAL_SURFACE ( 'NONE', #9121, 1.100000000000000311 ) ;
#6716 = AXIS2_PLACEMENT_3D ( 'NONE', #5255, #3377, #8415 ) ;
#6717 = CARTESIAN_POINT ( 'NONE',  ( -19.06980617383572252, 2.975108282906254065, 28.40676796069471521 ) ) ;
#6718 = DIRECTION ( 'NONE',  ( 0.4999999999999995559, 0.8660254037844389297, 0.000000000000000000 ) ) ;
#6719 = ORIENTED_EDGE ( 'NONE', *, *, #1243, .T. ) ;
#6720 = CARTESIAN_POINT ( 'NONE',  ( -12.35393076827586434, 15.08070436295378691, 28.66789583650716011 ) ) ;
#6721 = CARTESIAN_POINT ( 'NONE',  ( -7.013372617053950542, -18.29067766948404383, 28.57541295217091815 ) ) ;
#6722 = ADVANCED_FACE ( 'NONE', ( #7088 ), #6345, .F. ) ;
#6723 = VERTEX_POINT ( 'NONE', #8101 ) ;
#6724 = ORIENTED_EDGE ( 'NONE', *, *, #3902, .F. ) ;
#6725 = AXIS2_PLACEMENT_3D ( 'NONE', #4392, #5841, #6857 ) ;
#6726 = FACE_OUTER_BOUND ( 'NONE', #10003, .T. ) ;
#6727 = DIRECTION ( 'NONE',  ( -1.224646799147353207E-16, -1.349190160747589117E-31, 1.000000000000000000 ) ) ;
#6728 = DIRECTION ( 'NONE',  ( -0.000000000000000000, -0.000000000000000000, -1.000000000000000000 ) ) ;
#6729 = CARTESIAN_POINT ( 'NONE',  ( 19.19961526323998768, 3.199918474662029055, 28.94455251774936144 ) ) ;
#6730 = VECTOR ( 'NONE', #5099, 999.9999999999998863 ) ;
#6731 = DIRECTION ( 'NONE',  ( 0.4999999999999995559, 0.8660254037844389297, 0.000000000000000000 ) ) ;
#6732 = CARTESIAN_POINT ( 'NONE',  ( 28.48076211353466647, -14.99999999999999467, 5.000000000000000000 ) ) ;
#6733 = ORIENTED_EDGE ( 'NONE', *, *, #1822, .F. ) ;
#6734 = EDGE_CURVE ( 'NONE', #1725, #7785, #1685, .T. ) ;
#6735 = CARTESIAN_POINT ( 'NONE',  ( -12.37597595293117614, 14.94623584164282626, 29.02121142020950373 ) ) ;
#6736 = AXIS2_PLACEMENT_3D ( 'NONE', #5375, #3872, #8634 ) ;
#6737 = CARTESIAN_POINT ( 'NONE',  ( -6.775274722903954050, -18.25190402221920749, 28.94661436368559393 ) ) ;
#6738 = VECTOR ( 'NONE', #5952, 1000.000000000000000 ) ;
#6739 = ORIENTED_EDGE ( 'NONE', *, *, #8149, .F. ) ;
#6740 = CARTESIAN_POINT ( 'NONE',  ( -28.70965833891673569, -24.19889556103786532, 7.165784441225863333 ) ) ;
#6741 = DIRECTION ( 'NONE',  ( -0.8660254037844413721, 0.4999999999999951705, -0.000000000000000000 ) ) ;
#6742 = CARTESIAN_POINT ( 'NONE',  ( -19.25909228499354597, 2.882320559426801321, 28.52665927326073358 ) ) ;
#6743 = CARTESIAN_POINT ( 'NONE',  ( 9.388454410272055739, -19.54040790171519149, 31.79166666666666785 ) ) ;
#6744 = CARTESIAN_POINT ( 'NONE',  ( 19.00929251970763900, 3.087340540328539884, 29.21133987180765601 ) ) ;
#6745 = EDGE_CURVE ( 'NONE', #8865, #6096, #1671, .T. ) ;
#6746 = CARTESIAN_POINT ( 'NONE',  ( 17.92957271621135362, -0.7964904938156454062, 32.00000000000000000 ) ) ;
#6747 = CARTESIAN_POINT ( 'NONE',  ( -11.38340901608239442, 19.82818967458091919, 28.19999999999999929 ) ) ;
#6748 = ADVANCED_FACE ( 'NONE', ( #9006 ), #758, .T. ) ;
#6749 = CARTESIAN_POINT ( 'NONE',  ( -6.978038751387752647, -18.27156907189759139, 29.39571968233660471 ) ) ;
#6750 = DIRECTION ( 'NONE',  ( -1.000000000000000000, -1.734723475976810250E-14, 0.000000000000000000 ) ) ;
#6751 = VERTEX_POINT ( 'NONE', #702 ) ;
#6752 = CARTESIAN_POINT ( 'NONE',  ( 12.29896130911210861, 15.21135488743601272, 29.39427216176076030 ) ) ;
#6753 = ADVANCED_FACE ( 'NONE', ( #1567 ), #9041, .T. ) ;
#6754 = AXIS2_PLACEMENT_3D ( 'NONE', #737, #6633, #5680 ) ;
#6755 = B_SPLINE_CURVE_WITH_KNOTS ( 'NONE', 3,
 ( #5704, #1623, #8321, #9068, #1570, #7464, #122, #8156, #4038, #2377, #7300, #1732, #4998, #3227, #2431, #3283, #814, #980, #4093, #8267, #762, #10570, #4841, #3178, #927, #4946, #3388, #4893 ),
 .UNSPECIFIED., .F., .F.,
 ( 4, 2, 2, 2, 2, 2, 2, 2, 2, 2, 2, 2, 2, 4 ),
 ( 0.000000000000000000, 0.0008429312706398908121, 0.001685862541279781624, 0.003371725082559567585, 0.005057587623839353980, 0.005900518894479247177, 0.006743450165119139507, 0.008429312706398928504, 0.009272243977038815629, 0.01011517524767870102, 0.01095810651831858641, 0.01180103778895847180, 0.01264396905959835546, 0.01348690033023824085 ),
 .UNSPECIFIED. ) ;
#6756 = FACE_OUTER_BOUND ( 'NONE', #1858, .T. ) ;
#6757 = ORIENTED_EDGE ( 'NONE', *, *, #9696, .T. ) ;
#6758 = CARTESIAN_POINT ( 'NONE',  ( -19.23481045802731160, 2.783760586832087824, 28.45793782530211047 ) ) ;
#6759 = CARTESIAN_POINT ( 'NONE',  ( 18.80467147338288925, 3.403705331256118516, 28.32359423378391483 ) ) ;
#6760 = DIRECTION ( 'NONE',  ( 0.5000000000000009992, -0.8660254037844380415, 0.000000000000000000 ) ) ;
#6761 = CARTESIAN_POINT ( 'NONE',  ( 19.19747072207110961, 3.049607963490270635, 28.59634749337606507 ) ) ;
#6762 = CYLINDRICAL_SURFACE ( 'NONE', #39, 0.2000000000000001221 ) ;
#6763 = DIRECTION ( 'NONE',  ( 0.8660254037844405950, 0.4999999999999966693, 1.084202172485503842E-15 ) ) ;
#6764 = EDGE_LOOP ( 'NONE', ( #2159, #9866, #139, #472, #7290 ) ) ;
#6765 = CARTESIAN_POINT ( 'NONE',  ( 7.396471039463329511, -18.28403844927324684, 28.49272035749726939 ) ) ;
#6766 = AXIS2_PLACEMENT_3D ( 'NONE', #6837, #10152, #3057 ) ;
#6767 = ORIENTED_EDGE ( 'NONE', *, *, #2945, .T. ) ;
#6768 = DIRECTION ( 'NONE',  ( -0.5000000000000246470, 0.8660254037844243857, -0.000000000000000000 ) ) ;
#6769 = CARTESIAN_POINT ( 'NONE',  ( 4.338648503654066069, 22.45959209828480496, 32.00000000000000000 ) ) ;
#6770 = DIRECTION ( 'NONE',  ( 0.8660254037844380415, 0.5000000000000008882, -0.000000000000000000 ) ) ;
#6771 = EDGE_LOOP ( 'NONE', ( #4210, #1782, #4308, #4046 ) ) ;
#6772 = AXIS2_PLACEMENT_3D ( 'NONE', #6116, #1828, #5203 ) ;
#6773 = CARTESIAN_POINT ( 'NONE',  ( 18.27748011637290304, -1.283172453091389942, 7.499999999999999112 ) ) ;
#6774 = DIRECTION ( 'NONE',  ( 0.5000000000000012212, -0.8660254037844379305, 0.000000000000000000 ) ) ;
#6775 = ORIENTED_EDGE ( 'NONE', *, *, #4688, .F. ) ;
#6776 = CARTESIAN_POINT ( 'NONE',  ( -12.24891131579200021, 15.20009878383572932, 28.55056779011841783 ) ) ;
#6777 = CARTESIAN_POINT ( 'NONE',  ( -7.063482265517182057, -18.28035598899234770, 28.54953946371260542 ) ) ;
#6778 = ORIENTED_EDGE ( 'NONE', *, *, #6477, .T. ) ;
#6779 = ORIENTED_EDGE ( 'NONE', *, *, #509, .T. ) ;
#6780 = EDGE_CURVE ( 'NONE', #493, #962, #6396, .T. ) ;
#6781 = CARTESIAN_POINT ( 'NONE',  ( -8.677260146895486415, 15.76444897483183283, 31.85167049528408256 ) ) ;
#6782 = CARTESIAN_POINT ( 'NONE',  ( 10.13489699741276162, -15.04040790171518260, 32.00000000000000000 ) ) ;
#6783 = CARTESIAN_POINT ( 'NONE',  ( -6.273615755214860812, -18.04040790171494635, 28.30000000000000071 ) ) ;
#6784 = CARTESIAN_POINT ( 'NONE',  ( 19.10992389692987459, 3.178743494046907703, 28.95130519092494126 ) ) ;
#6785 = CARTESIAN_POINT ( 'NONE',  ( 8.027480116372872843, 16.47034832448959207, 7.500000000000001776 ) ) ;
#6786 = DIRECTION ( 'NONE',  ( 1.000000000000000000, -6.938893903907227392E-16, 0.000000000000000000 ) ) ;
#6787 = ORIENTED_EDGE ( 'NONE', *, *, #2556, .F. ) ;
#6788 = CARTESIAN_POINT ( 'NONE',  ( -12.35943979963034423, 14.97049743337869643, 28.80653270698290669 ) ) ;
#6789 = CARTESIAN_POINT ( 'NONE',  ( -6.783196660001350686, -18.29734035682257343, 28.94354312917897332 ) ) ;
#6790 = CIRCLE ( 'NONE', #10204, 5.000000000000007994 ) ;
#6791 = ORIENTED_EDGE ( 'NONE', *, *, #4060, .T. ) ;
#6792 = CARTESIAN_POINT ( 'NONE',  ( -17.31198659095687375, -10.04040790171521103, 32.00000000000000000 ) ) ;
#6793 = DIRECTION ( 'NONE',  ( -1.101697372407250679E-15, 1.000000000000000000, 0.000000000000000000 ) ) ;
#6794 = CARTESIAN_POINT ( 'NONE',  ( -19.36196141446778896, 2.810573340799233932, 28.51631366753399632 ) ) ;
#6795 = CARTESIAN_POINT ( 'NONE',  ( 13.36441980067393587, 15.82649763434961265, 29.39427216176076740 ) ) ;
#6796 = CARTESIAN_POINT ( 'NONE',  ( 19.13508414518033618, 3.030066203159162974, 29.33232867956579071 ) ) ;
#6797 = EDGE_CURVE ( 'NONE', #6934, #9837, #6648, .T. ) ;
#6798 = DIRECTION ( 'NONE',  ( 1.000000000000000000, 0.000000000000000000, -0.000000000000000000 ) ) ;
#6799 = CARTESIAN_POINT ( 'NONE',  ( 66.89884018471316551, -25.59902808194303958, 28.19999999999999929 ) ) ;
#6800 = CIRCLE ( 'NONE', #1316, 0.1999999999999996503 ) ;
#6801 = DIRECTION ( 'NONE',  ( -1.000000000000000000, 0.000000000000000000, 0.000000000000000000 ) ) ;
#6802 = CARTESIAN_POINT ( 'NONE',  ( -6.857324801230111788, -17.88153789795315518, 29.30373929463892324 ) ) ;
#6803 = CARTESIAN_POINT ( 'NONE',  ( -8.902223503503108759, -15.24040790171519788, 28.19999999999999929 ) ) ;
#6804 = ORIENTED_EDGE ( 'NONE', *, *, #884, .F. ) ;
#6805 = LINE ( 'NONE', #158, #7076 ) ;
#6806 = CARTESIAN_POINT ( 'NONE',  ( -26.41081285691421243, -20.77492318038079944, 8.935209961899639453 ) ) ;
#6807 = ORIENTED_EDGE ( 'NONE', *, *, #8682, .F. ) ;
#6808 = DIRECTION ( 'NONE',  ( -0.8660254037844389297, 0.4999999999999996114, -0.000000000000000000 ) ) ;
#6809 = DIRECTION ( 'NONE',  ( -1.000000000000000000, 0.000000000000000000, 0.000000000000000000 ) ) ;
#6810 = EDGE_CURVE ( 'NONE', #2015, #1356, #1618, .T. ) ;
#6811 = DIRECTION ( 'NONE',  ( 0.8660254037844389297, -0.4999999999999996114, 0.000000000000000000 ) ) ;
#6812 = CARTESIAN_POINT ( 'NONE',  ( 19.34776933177193925, 2.955972171382861724, 28.54817830278662072 ) ) ;
#6813 = CYLINDRICAL_SURFACE ( 'NONE', #6716, 0.2000000000000005107 ) ;
#6814 = DIRECTION ( 'NONE',  ( -0.8660254037844380415, -0.5000000000000008882, 0.000000000000000000 ) ) ;
#6815 = ORIENTED_EDGE ( 'NONE', *, *, #643, .F. ) ;
#6816 = CARTESIAN_POINT ( 'NONE',  ( 7.355614784624160407, -18.20809304178319010, 28.49705115841785741 ) ) ;
#6817 = VECTOR ( 'NONE', #8023, 1000.000000000000000 ) ;
#6818 = B_SPLINE_CURVE_WITH_KNOTS ( 'NONE', 3,
 ( #2525, #6647, #5798, #115, #64, #9061, #1723, #4192, #7509, #171, #4991, #9917, #2584, #5854, #3438, #1562, #9114, #2368, #8901 ),
 .UNSPECIFIED., .F., .F.,
 ( 4, 2, 2, 2, 2, 1, 2, 2, 2, 4 ),
 ( 0.000000000000000000, 0.1249999999999938938, 0.2499999999999877875, 0.3749999999999816813, 0.4374999999999798495, 0.4687499999999784062, 0.4843749999999787392, 0.4999999999999790168, 0.7499999999999894529, 1.000000000000000000 ),
 .UNSPECIFIED. ) ;
#6819 = ADVANCED_FACE ( 'NONE', ( #10461 ), #8955, .T. ) ;
#6820 = ORIENTED_EDGE ( 'NONE', *, *, #10584, .F. ) ;
#6821 = CARTESIAN_POINT ( 'NONE',  ( -7.499692158673881615, 17.35498459382415604, 7.499999999999999112 ) ) ;
#6822 = DIRECTION ( 'NONE',  ( -0.8660254037844413721, 0.4999999999999951705, -0.000000000000000000 ) ) ;
#6823 = CIRCLE ( 'NONE', #7673, 1.300000000000000711 ) ;
#6824 = CARTESIAN_POINT ( 'NONE',  ( 12.06672126684879132, 15.36315399530256620, 28.49296154349247701 ) ) ;
#6825 = VERTEX_POINT ( 'NONE', #15 ) ;
#6826 = CARTESIAN_POINT ( 'NONE',  ( 12.26584180408017133, 18.72929054052718811, 32.00000000000000000 ) ) ;
#6827 = AXIS2_PLACEMENT_3D ( 'NONE', #1139, #6822, #8425 ) ;
#6828 = ORIENTED_EDGE ( 'NONE', *, *, #2362, .T. ) ;
#6829 = CARTESIAN_POINT ( 'NONE',  ( -12.31029362509089253, 15.19731547600702726, 28.56684427480538702 ) ) ;
#6830 = EDGE_LOOP ( 'NONE', ( #131, #7254, #10365, #6612, #382 ) ) ;
#6831 = ADVANCED_FACE ( 'NONE', ( #8152 ), #5457, .T. ) ;
#6832 = TOROIDAL_SURFACE ( 'NONE', #494, 1.300000000000000266, 0.2000000000000000111 ) ;
#6833 = ORIENTED_EDGE ( 'NONE', *, *, #1419, .T. ) ;
#6834 = ORIENTED_EDGE ( 'NONE', *, *, #2901, .T. ) ;
#6835 = TOROIDAL_SURFACE ( 'NONE', #4445, 1.300000000000000266, 0.2000000000000000111 ) ;
#6836 = CARTESIAN_POINT ( 'NONE',  ( -20.67048664565405147, 3.973130127386656163, 28.98139103825119278 ) ) ;
#6837 = CARTESIAN_POINT ( 'NONE',  ( 0.04777649649602899729, 55.26510000294458536, 38.50000000000000000 ) ) ;
#6838 = CARTESIAN_POINT ( 'NONE',  ( -12.20661409683927978, 18.80235664966114584, 28.19999999999999929 ) ) ;
#6839 = VECTOR ( 'NONE', #5307, 1000.000000000000000 ) ;
#6840 = CARTESIAN_POINT ( 'NONE',  ( 19.16997589211469588, 3.189806179011402065, 28.94678776237398665 ) ) ;
#6841 = AXIS2_PLACEMENT_3D ( 'NONE', #4255, #2536, #3447 ) ;
#6842 = B_SPLINE_CURVE_WITH_KNOTS ( 'NONE', 3,
 ( #1783, #6711, #7620, #277, #975, #3550, #3442, #9175, #1839, #5103 ),
 .UNSPECIFIED., .F., .F.,
 ( 4, 2, 2, 2, 4 ),
 ( 0.000000000000000000, 0.2500000000000000000, 0.5000000000000000000, 0.7500000000000000000, 1.000000000000000000 ),
 .UNSPECIFIED. ) ;
#6843 = CARTESIAN_POINT ( 'NONE',  ( -11.91356797664488099, 15.36351725728515838, 0.000000000000000000 ) ) ;
#6844 = FACE_OUTER_BOUND ( 'NONE', #7013, .T. ) ;
#6845 = EDGE_LOOP ( 'NONE', ( #7508, #5644, #5981, #8796, #3119 ) ) ;
#6846 = CARTESIAN_POINT ( 'NONE',  ( -12.36662857000022342, 14.93581029545386762, 28.94712732550061673 ) ) ;
#6847 = CARTESIAN_POINT ( 'NONE',  ( -6.820134317629564791, -18.29150756497764263, 28.79787787304260149 ) ) ;
#6848 = CIRCLE ( 'NONE', #1877, 2.500000000000007550 ) ;
#6849 = VERTEX_POINT ( 'NONE', #868 ) ;
#6850 = VECTOR ( 'NONE', #2356, 1000.000000000000114 ) ;
#6851 = EDGE_LOOP ( 'NONE', ( #6815, #8683, #7294, #4643 ) ) ;
#6852 = CARTESIAN_POINT ( 'NONE',  ( 66.34884018471316836, -26.55165602610592401, 28.19999999999999929 ) ) ;
#6853 = CARTESIAN_POINT ( 'NONE',  ( -19.39538603190504773, 2.808074487269239139, 28.51469495915929286 ) ) ;
#6854 = CARTESIAN_POINT ( 'NONE',  ( 13.48457049445749334, 15.84265791931491485, 29.34709903532586495 ) ) ;
#6855 = CARTESIAN_POINT ( 'NONE',  ( 19.20035615085337000, 2.977589575859316717, 29.39239881551677769 ) ) ;
#6856 = FACE_OUTER_BOUND ( 'NONE', #3114, .T. ) ;
#6857 = DIRECTION ( 'NONE',  ( -1.000000000000000000, 0.000000000000000000, 0.000000000000000000 ) ) ;
#6858 = CARTESIAN_POINT ( 'NONE',  ( 18.17333899902226335, 3.497205253316895579, 28.72500000000000497 ) ) ;
#6859 = CARTESIAN_POINT ( 'NONE',  ( -6.786861474745943923, -18.21625183806939674, 29.11951656146578316 ) ) ;
#6860 = CARTESIAN_POINT ( 'NONE',  ( 20.79539736716371578, 3.555666939284765515, 1.300000000000001155 ) ) ;
#6861 = ORIENTED_EDGE ( 'NONE', *, *, #8880, .T. ) ;
#6862 = DIRECTION ( 'NONE',  ( 0.000000000000000000, -1.000000000000000000, 0.000000000000000000 ) ) ;
#6863 = ADVANCED_FACE ( 'NONE', ( #2531 ), #1004, .T. ) ;
#6864 = ORIENTED_EDGE ( 'NONE', *, *, #10199, .F. ) ;
#6865 = DIRECTION ( 'NONE',  ( -0.8660254037844383745, -0.5000000000000003331, 0.000000000000000000 ) ) ;
#6866 = CARTESIAN_POINT ( 'NONE',  ( -22.45661409683913590, 1.048835872080384979, 28.20000000000000284 ) ) ;
#6867 = CARTESIAN_POINT ( 'NONE',  ( -6.147758728120176208, -17.54040790171494635, 28.81023611412746632 ) ) ;
#6868 = CARTESIAN_POINT ( 'NONE',  ( 19.26952622340355958, 3.018437641622757184, 28.59087178075881042 ) ) ;
#6869 = CARTESIAN_POINT ( 'NONE',  ( -12.36358453452367634, 18.11364597484597994, 31.97592408599769698 ) ) ;
#6870 = CARTESIAN_POINT ( 'NONE',  ( -13.88853372490128990, 15.84957985627107391, 28.84060579834128646 ) ) ;
#6871 = EDGE_CURVE ( 'NONE', #6640, #7049, #2373, .T. ) ;
#6872 = AXIS2_PLACEMENT_3D ( 'NONE', #6581, #7443, #1602 ) ;
#6873 = CARTESIAN_POINT ( 'NONE',  ( 7.179556297846064084, -18.15001557648550090, 28.48032371182723566 ) ) ;
#6874 = ORIENTED_EDGE ( 'NONE', *, *, #9415, .T. ) ;
#6875 = CARTESIAN_POINT ( 'NONE',  ( -5.089985677837513656, -83.17798937697743611, 3.500000000000000444 ) ) ;
#6876 = LINE ( 'NONE', #4359, #10413 ) ;
#6877 = CARTESIAN_POINT ( 'NONE',  ( 12.10443794397120243, 15.21978391113136553, 28.47979167246470311 ) ) ;
#6878 = ORIENTED_EDGE ( 'NONE', *, *, #3009, .T. ) ;
#6879 = DIRECTION ( 'NONE',  ( 0.000000000000000000, 0.000000000000000000, 1.000000000000000000 ) ) ;
#6880 = EDGE_CURVE ( 'NONE', #1903, #8551, #9065, .T. ) ;
#6881 = ORIENTED_EDGE ( 'NONE', *, *, #448, .F. ) ;
#6882 = CARTESIAN_POINT ( 'NONE',  ( -12.27800825039369848, 15.14345751768692594, 28.58245685470286901 ) ) ;
#6883 = EDGE_LOOP ( 'NONE', ( #6236, #8353, #1228, #8445 ) ) ;
#6884 = EDGE_CURVE ( 'NONE', #7365, #7937, #1727, .T. ) ;
#6885 = ORIENTED_EDGE ( 'NONE', *, *, #4137, .F. ) ;
#6886 = ORIENTED_EDGE ( 'NONE', *, *, #2894, .T. ) ;
#6887 = AXIS2_PLACEMENT_3D ( 'NONE', #4636, #7893, #7794 ) ;
#6888 = DIRECTION ( 'NONE',  ( 0.000000000000000000, 0.000000000000000000, 1.000000000000000000 ) ) ;
#6889 = EDGE_CURVE ( 'NONE', #3391, #3995, #3389, .T. ) ;
#6890 = AXIS2_PLACEMENT_3D ( 'NONE', #5234, #1917, #10162 ) ;
#6891 = AXIS2_PLACEMENT_3D ( 'NONE', #219, #1830, #8522 ) ;
#6892 = DIRECTION ( 'NONE',  ( -0.000000000000000000, -0.000000000000000000, -1.000000000000000000 ) ) ;
#6893 = DIRECTION ( 'NONE',  ( 1.101697372407250679E-15, -1.000000000000000000, -0.000000000000000000 ) ) ;
#6894 = CARTESIAN_POINT ( 'NONE',  ( 19.14745668615909224, 3.165718852567174668, 28.81805929501381414 ) ) ;
#6895 = DIRECTION ( 'NONE',  ( -0.4999999999999958367, -0.8660254037844411501, 0.000000000000000000 ) ) ;
#6896 = ORIENTED_EDGE ( 'NONE', *, *, #1455, .F. ) ;
#6897 = CARTESIAN_POINT ( 'NONE',  ( -12.38771725155791081, 14.96411323205305166, 28.89426630723162148 ) ) ;
#6898 = CARTESIAN_POINT ( 'NONE',  ( -6.762628802850857213, -18.18574107901417847, 28.77696464990358294 ) ) ;
#6899 = AXIS2_PLACEMENT_3D ( 'NONE', #10497, #736, #48 ) ;
#6900 = ORIENTED_EDGE ( 'NONE', *, *, #5355, .T. ) ;
#6901 = SPHERICAL_SURFACE ( 'NONE', #5522, 0.2000000000000000111 ) ;
#6902 = ORIENTED_EDGE ( 'NONE', *, *, #5477, .F. ) ;
#6903 = FACE_OUTER_BOUND ( 'NONE', #6562, .T. ) ;
#6904 = CARTESIAN_POINT ( 'NONE',  ( -19.35204615275545947, 2.997838523703370672, 28.60632260539178162 ) ) ;
#6905 = CARTESIAN_POINT ( 'NONE',  ( -17.74969215867387717, -0.3985361837568479615, 7.500000000000001776 ) ) ;
#6906 = CARTESIAN_POINT ( 'NONE',  ( 19.14120828811821440, 3.160652072390773171, 29.11918155663633456 ) ) ;
#6907 = CIRCLE ( 'NONE', #906, 11.49999999999999822 ) ;
#6908 = CARTESIAN_POINT ( 'NONE',  ( 65.79884018471324225, -27.50428397026868410, 7.499999999999999112 ) ) ;
#6909 = CYLINDRICAL_SURFACE ( 'NONE', #4631, 5.000000000000004441 ) ;
#6910 = CIRCLE ( 'NONE', #734, 0.2000000000000000944 ) ;
#6911 = CARTESIAN_POINT ( 'NONE',  ( -6.787445280107871071, -18.21919061612542023, 29.11966729756881023 ) ) ;
#6912 = FACE_OUTER_BOUND ( 'NONE', #9009, .T. ) ;
#6913 = ORIENTED_EDGE ( 'NONE', *, *, #3711, .T. ) ;
#6914 = CARTESIAN_POINT ( 'NONE',  ( 20.43437041349616479, 3.875403215229549669, 29.21265249706164369 ) ) ;
#6915 = ORIENTED_EDGE ( 'NONE', *, *, #5589, .F. ) ;
#6916 = CARTESIAN_POINT ( 'NONE',  ( -19.23958385785485703, 2.754128643764640838, 28.45050659125821468 ) ) ;
#6917 = ADVANCED_FACE ( 'NONE', ( #1512 ), #4434, .T. ) ;
#6918 = DIRECTION ( 'NONE',  ( -1.000000000000000000, -1.101697372407250679E-15, 0.000000000000000000 ) ) ;
#6919 = CARTESIAN_POINT ( 'NONE',  ( -9.802839254112907241, -15.06952093313923413, 32.00000000000000000 ) ) ;
#6920 = CARTESIAN_POINT ( 'NONE',  ( 19.31931587722162291, 3.004308177645216293, 28.57705699479570427 ) ) ;
#6921 = CARTESIAN_POINT ( 'NONE',  ( -7.270624290268027146, -18.04040790171495701, 1.700000000000001510 ) ) ;
#6922 = ADVANCED_FACE ( 'NONE', ( #4788 ), #8533, .T. ) ;
#6923 = CARTESIAN_POINT ( 'NONE',  ( -13.38569377100473190, 15.76013074783483248, 29.39571968233659760 ) ) ;
#6924 = SURFACE_STYLE_FILL_AREA ( #5058 ) ;
#6925 = CARTESIAN_POINT ( 'NONE',  ( 7.097385285836478985, -18.16817440384339832, 28.51091717388390734 ) ) ;
#6926 = AXIS2_PLACEMENT_3D ( 'NONE', #7373, #1693, #8226 ) ;
#6927 = VERTEX_POINT ( 'NONE', #7296 ) ;
#6928 = DIRECTION ( 'NONE',  ( -1.000000000000000000, -6.859794606063989109E-16, 0.000000000000000000 ) ) ;
#6929 = DIRECTION ( 'NONE',  ( 0.8660254037844389297, -0.4999999999999996114, 0.000000000000000000 ) ) ;
#6930 = EDGE_CURVE ( 'NONE', #9511, #1964, #5624, .T. ) ;
#6931 = CARTESIAN_POINT ( 'NONE',  ( 12.05471010119857844, 15.37326114403532884, 28.49143238225958541 ) ) ;
#6932 = VERTEX_POINT ( 'NONE', #4306 ) ;
#6933 = CARTESIAN_POINT ( 'NONE',  ( -13.43449977980922583, 7.675596260870783283, 38.50000000000000000 ) ) ;
#6934 = VERTEX_POINT ( 'NONE', #4412 ) ;
#6935 = CARTESIAN_POINT ( 'NONE',  ( -12.23961024737942083, 15.18147488172873949, 28.55369193092579039 ) ) ;
#6936 = ORIENTED_EDGE ( 'NONE', *, *, #3928, .F. ) ;
#6937 = ORIENTED_EDGE ( 'NONE', *, *, #10088, .T. ) ;
#6938 = EDGE_LOOP ( 'NONE', ( #2225, #10214, #10111, #2759, #7574 ) ) ;
#6939 = EDGE_CURVE ( 'NONE', #9760, #3217, #5052, .T. ) ;
#6940 = FACE_OUTER_BOUND ( 'NONE', #9504, .T. ) ;
#6941 = VECTOR ( 'NONE', #9599, 1000.000000000000000 ) ;
#6942 = EDGE_CURVE ( 'NONE', #5599, #7831, #2753, .T. ) ;
#6943 = CARTESIAN_POINT ( 'NONE',  ( 0.008521484731877086022, 19.95959209828480141, 32.00000000000000000 ) ) ;
#6944 = CARTESIAN_POINT ( 'NONE',  ( 19.21675516618439161, 3.150277706981057246, 28.76082956701470650 ) ) ;
#6945 = EDGE_CURVE ( 'NONE', #1017, #9875, #4083, .T. ) ;
#6946 = CARTESIAN_POINT ( 'NONE',  ( -28.10627398945131361, -27.54040790171516306, 0.000000000000000000 ) ) ;
#6947 = DIRECTION ( 'NONE',  ( -1.000000000000000000, 0.000000000000000000, 0.000000000000000000 ) ) ;
#6948 = ORIENTED_EDGE ( 'NONE', *, *, #8721, .F. ) ;
#6949 = CARTESIAN_POINT ( 'NONE',  ( -12.34834083817044892, 14.91600178916197272, 28.94929195694541235 ) ) ;
#6950 = CARTESIAN_POINT ( 'NONE',  ( -6.780883532563127147, -18.25155608534896956, 28.89728764174482123 ) ) ;
#6951 = EDGE_LOOP ( 'NONE', ( #6457, #2668, #2108, #2909 ) ) ;
#6952 = CARTESIAN_POINT ( 'NONE',  ( -23.48076211353101428, -14.99999999999999467, 5.000000000000000000 ) ) ;
#6953 = ORIENTED_EDGE ( 'NONE', *, *, #9934, .T. ) ;
#6954 = CYLINDRICAL_SURFACE ( 'NONE', #3882, 0.2000000000000001221 ) ;
#6955 = CARTESIAN_POINT ( 'NONE',  ( -18.94788567963346892, 3.075655863006520718, 29.09589944243507631 ) ) ;
#6956 = CARTESIAN_POINT ( 'NONE',  ( 13.67956995036278123, 15.77807496162942513, 28.97926986508414515 ) ) ;
#6957 = CARTESIAN_POINT ( 'NONE',  ( 19.18881802779270274, 3.178544703449239783, 29.12109540609277758 ) ) ;
#6958 = CARTESIAN_POINT ( 'NONE',  ( 19.29836936300953454, 3.123132539815540731, 29.33294715574871958 ) ) ;
#6959 = DIRECTION ( 'NONE',  ( -0.5000000000000037748, 0.8660254037844367092, 1.877893248421456234E-15 ) ) ;
#6960 = CARTESIAN_POINT ( 'NONE',  ( -6.804996500144197213, -18.11758173170949249, 29.22513990244480198 ) ) ;
#6961 = LINE ( 'NONE', #2678, #16 ) ;
#6962 = VECTOR ( 'NONE', #1320, 1000.000000000000000 ) ;
#6963 = EDGE_LOOP ( 'NONE', ( #5281, #6167, #2763 ) ) ;
#6964 = DIRECTION ( 'NONE',  ( 0.000000000000000000, 0.000000000000000000, 1.000000000000000000 ) ) ;
#6965 = ORIENTED_EDGE ( 'NONE', *, *, #10169, .F. ) ;
#6966 = CARTESIAN_POINT ( 'NONE',  ( -19.36189972337638920, 2.693250431333647388, 28.49169818809634691 ) ) ;
#6967 = FACE_BOUND ( 'NONE', #3080, .T. ) ;
#6968 = TOROIDAL_SURFACE ( 'NONE', #6447, 1.299999999999999378, 0.2000000000000000111 ) ;
#6969 = DIRECTION ( 'NONE',  ( -0.000000000000000000, -0.000000000000000000, -1.000000000000000000 ) ) ;
#6970 = CARTESIAN_POINT ( 'NONE',  ( 19.35097161355090023, 2.786605664692636708, 28.49685568366080446 ) ) ;
#6971 = DIRECTION ( 'NONE',  ( 0.4999999999999996669, 0.8660254037844388186, 0.000000000000000000 ) ) ;
#6972 = B_SPLINE_CURVE_WITH_KNOTS ( 'NONE', 3,
 ( #9139, #998, #3460, #9999, #2662, #9192, #10206, #1312, #10261, #5280 ),
 .UNSPECIFIED., .F., .F.,
 ( 4, 2, 2, 2, 4 ),
 ( 0.000000000000000000, 0.2500000000000000000, 0.5000000000000000000, 0.7500000000000000000, 1.000000000000000000 ),
 .UNSPECIFIED. ) ;
#6973 = CARTESIAN_POINT ( 'NONE',  ( -7.106223417012263788, -18.12240705964631360, 28.46162767654189096 ) ) ;
#6974 = CARTESIAN_POINT ( 'NONE',  ( 28.68076211353466576, -14.99999999999999467, 0.1999999999999996503 ) ) ;
#6975 = CARTESIAN_POINT ( 'NONE',  ( 6.822449195965543112, -17.89929464697954842, 29.19899963134693266 ) ) ;
#6976 = EDGE_CURVE ( 'NONE', #4454, #3822, #6876, .T. ) ;
#6977 = AXIS2_PLACEMENT_3D ( 'NONE', #694, #3974, #1435 ) ;
#6978 = ORIENTED_EDGE ( 'NONE', *, *, #5247, .T. ) ;
#6979 = FACE_OUTER_BOUND ( 'NONE', #5265, .T. ) ;
#6980 = FACE_OUTER_BOUND ( 'NONE', #286, .T. ) ;
#6981 = CARTESIAN_POINT ( 'NONE',  ( 12.17093975241331094, 15.14718268102248544, 28.51553694330010913 ) ) ;
#6982 = ORIENTED_EDGE ( 'NONE', *, *, #9486, .T. ) ;
#6983 = LINE ( 'NONE', #3006, #5018 ) ;
#6984 = VERTEX_POINT ( 'NONE', #3384 ) ;
#6985 = CARTESIAN_POINT ( 'NONE',  ( -12.24652676277770880, 15.19651766160385797, 28.55148769500052808 ) ) ;
#6986 = EDGE_LOOP ( 'NONE', ( #9075, #7125, #3574, #5444 ) ) ;
#6987 = VERTEX_POINT ( 'NONE', #5970 ) ;
#6988 = EDGE_CURVE ( 'NONE', #921, #3735, #3747, .T. ) ;
#6989 = DIRECTION ( 'NONE',  ( 0.4999999999999952816, 0.8660254037844413721, 0.000000000000000000 ) ) ;
#6990 = LINE ( 'NONE', #450, #3763 ) ;
#6991 = CARTESIAN_POINT ( 'NONE',  ( 19.16447915287779935, 3.153483610496204292, 28.77722214436132120 ) ) ;
#6992 = VECTOR ( 'NONE', #4250, 1000.000000000000000 ) ;
#6993 = CARTESIAN_POINT ( 'NONE',  ( 17.32902956042066478, -10.04040790171517195, 32.00000000000000000 ) ) ;
#6994 = FACE_BOUND ( 'NONE', #838, .T. ) ;
#6995 = ORIENTED_EDGE ( 'NONE', *, *, #4874, .T. ) ;
#6996 = CARTESIAN_POINT ( 'NONE',  ( -12.38103148102463713, 14.95809319249686808, 28.89513481003826811 ) ) ;
#6997 = CARTESIAN_POINT ( 'NONE',  ( -6.802903168449016214, -18.24802550321581407, 28.80911554822335674 ) ) ;
#6998 = VERTEX_POINT ( 'NONE', #1892 ) ;
#6999 = ORIENTED_EDGE ( 'NONE', *, *, #1306, .F. ) ;
#7000 = VECTOR ( 'NONE', #6123, 1000.000000000000000 ) ;
#7001 = AXIS2_PLACEMENT_3D ( 'NONE', #9709, #10360, #10520 ) ;
#7002 = CARTESIAN_POINT ( 'NONE',  ( 25.98928359826505030, -5.040407901715162176, 32.00000000000000000 ) ) ;
#7003 = CARTESIAN_POINT ( 'NONE',  ( -19.26877477914318959, 3.139794229509400569, 28.84342194977086393 ) ) ;
#7004 = CARTESIAN_POINT ( 'NONE',  ( 13.75650800539838237, 15.97643630786942737, 29.07991785878623503 ) ) ;
#7005 = CARTESIAN_POINT ( 'NONE',  ( 19.17377412498265343, 3.178575933261955200, 29.09616697309171940 ) ) ;
#7006 = DIRECTION ( 'NONE',  ( -0.8660254037844382635, -0.5000000000000008882, 0.000000000000000000 ) ) ;
#7007 = CIRCLE ( 'NONE', #7697, 1.300000000000000266 ) ;
#7008 = CARTESIAN_POINT ( 'NONE',  ( 20.80336354423007350, 3.911035307888308665, 28.93838224416051119 ) ) ;
#7009 = EDGE_CURVE ( 'NONE', #4153, #2105, #8318, .T. ) ;
#7010 = CARTESIAN_POINT ( 'NONE',  ( -6.769400075597215682, -18.15212394350101732, 29.11384713692287107 ) ) ;
#7011 = CARTESIAN_POINT ( 'NONE',  ( -48.31303717034656131, -8.313468133790903991, 3.500000000000000444 ) ) ;
#7012 = AXIS2_PLACEMENT_3D ( 'NONE', #9997, #1638, #9191 ) ;
#7013 = EDGE_LOOP ( 'NONE', ( #3325, #5800, #2701, #2874, #1367, #541, #2069, #6706, #9992, #9287, #647, #9707, #7675, #587 ) ) ;
#7014 = CARTESIAN_POINT ( 'NONE',  ( -6.535872354062814082, -17.63798339982284347, 29.07072846575193736 ) ) ;
#7015 = ADVANCED_FACE ( 'NONE', ( #9281 ), #10075, .T. ) ;
#7016 = AXIS2_PLACEMENT_3D ( 'NONE', #187, #5065, #239 ) ;
#7017 = FACE_OUTER_BOUND ( 'NONE', #506, .T. ) ;
#7018 = ORIENTED_EDGE ( 'NONE', *, *, #6361, .F. ) ;
#7019 = DIRECTION ( 'NONE',  ( 5.633679745264399073E-15, 3.252606517456514485E-15, 1.000000000000000000 ) ) ;
#7020 = DIRECTION ( 'NONE',  ( -0.8660254037844413721, 0.4999999999999952260, -0.000000000000000000 ) ) ;
#7021 = EDGE_CURVE ( 'NONE', #2052, #2957, #4198, .T. ) ;
#7022 = CARTESIAN_POINT ( 'NONE',  ( 19.33320108958791650, 2.846210727102141291, 28.51166295154396124 ) ) ;
#7023 = CARTESIAN_POINT ( 'NONE',  ( 18.32217057233365054, 3.271559703271767372, 28.89622043767624859 ) ) ;
#7024 = CARTESIAN_POINT ( 'NONE',  ( -12.32670974632762295, 14.92544012628895800, 29.11891590180933065 ) ) ;
#7025 = CARTESIAN_POINT ( 'NONE',  ( 8.027480116372872843, 16.47034832448959207, 7.500000000000001776 ) ) ;
#7026 = CARTESIAN_POINT ( 'NONE',  ( -5.062985581285745162, 34.83627249223859224, 7.958428961465227047 ) ) ;
#7027 = CARTESIAN_POINT ( 'NONE',  ( 6.792047192863011063, -18.02092518042405445, 29.09662647566710802 ) ) ;
#7028 = ADVANCED_FACE ( 'NONE', ( #334 ), #2039, .T. ) ;
#7029 = VECTOR ( 'NONE', #6174, 1000.000000000000000 ) ;
#7030 = ORIENTED_EDGE ( 'NONE', *, *, #2075, .T. ) ;
#7031 = CARTESIAN_POINT ( 'NONE',  ( 7.329375709731972499, -18.04040790171481135, 1.700000000000001510 ) ) ;
#7032 = CARTESIAN_POINT ( 'NONE',  ( 12.23406988719822763, 15.34008553597930380, 28.52358636022347937 ) ) ;
#7033 = ORIENTED_EDGE ( 'NONE', *, *, #535, .T. ) ;
#7034 = AXIS2_PLACEMENT_3D ( 'NONE', #6261, #2183, #8825 ) ;
#7035 = DIRECTION ( 'NONE',  ( -0.4999999999999996114, -0.8660254037844389297, 0.000000000000000000 ) ) ;
#7036 = EDGE_LOOP ( 'NONE', ( #3883, #8636, #3825, #1044 ) ) ;
#7037 = CARTESIAN_POINT ( 'NONE',  ( -12.08516527239345528, 15.19507206921345421, 28.46855919273956204 ) ) ;
#7038 = ORIENTED_EDGE ( 'NONE', *, *, #2573, .T. ) ;
#7039 = ORIENTED_EDGE ( 'NONE', *, *, #5108, .T. ) ;
#7040 = ORIENTED_EDGE ( 'NONE', *, *, #2894, .F. ) ;
#7041 = DIRECTION ( 'NONE',  ( 0.8660254037844389297, -0.4999999999999996114, 0.000000000000000000 ) ) ;
#7042 = CARTESIAN_POINT ( 'NONE',  ( 19.21448454976035336, 3.150168847706926734, 28.76155448368989198 ) ) ;
#7043 = CARTESIAN_POINT ( 'NONE',  ( -18.91014859314302754, 3.201291051189872672, 28.35285573610601162 ) ) ;
#7044 = EDGE_CURVE ( 'NONE', #3717, #651, #4763, .T. ) ;
#7045 = DIRECTION ( 'NONE',  ( -0.000000000000000000, 0.000000000000000000, 1.000000000000000000 ) ) ;
#7046 = VERTEX_POINT ( 'NONE', #6769 ) ;
#7047 = CARTESIAN_POINT ( 'NONE',  ( -12.38125846982581990, 14.99711387820718045, 28.79837717760280924 ) ) ;
#7048 = CARTESIAN_POINT ( 'NONE',  ( -6.786908899608739887, -18.27451449634945391, 28.89461677255775029 ) ) ;
#7049 = VERTEX_POINT ( 'NONE', #176 ) ;
#7050 = EDGE_LOOP ( 'NONE', ( #10253, #5746, #9123, #604 ) ) ;
#7051 = CARTESIAN_POINT ( 'NONE',  ( -19.05595075870636634, 2.990652066292203148, 28.40239285496069499 ) ) ;
#7052 = CARTESIAN_POINT ( 'NONE',  ( -19.25045017843449457, 3.064943113493501237, 28.71882163177624747 ) ) ;
#7053 = CYLINDRICAL_SURFACE ( 'NONE', #8884, 5.000000000000000888 ) ;
#7054 = CARTESIAN_POINT ( 'NONE',  ( 19.24331190373187539, 3.162026013389597878, 29.24448553307179921 ) ) ;
#7055 = ADVANCED_FACE ( 'NONE', ( #9227 ), #5158, .T. ) ;
#7056 = FACE_OUTER_BOUND ( 'NONE', #3865, .T. ) ;
#7057 = VECTOR ( 'NONE', #7440, 999.9999999999998863 ) ;
#7058 = CARTESIAN_POINT ( 'NONE',  ( -6.828078441059484582, -18.22045084230642686, 29.23969341549913992 ) ) ;
#7059 = FACE_OUTER_BOUND ( 'NONE', #8215, .T. ) ;
#7060 = CARTESIAN_POINT ( 'NONE',  ( -7.009957740217880762, -18.09772879534920520, 28.44133763130171388 ) ) ;
#7061 = DIRECTION ( 'NONE',  ( -1.000000000000000000, 0.000000000000000000, 0.000000000000000000 ) ) ;
#7062 = ORIENTED_EDGE ( 'NONE', *, *, #7921, .F. ) ;
#7063 = AXIS2_PLACEMENT_3D ( 'NONE', #7083, #5482, #10244 ) ;
#7065 = EDGE_CURVE ( 'NONE', #8866, #8999, #143, .T. ) ;
#7064 = CARTESIAN_POINT ( 'NONE',  ( -11.99147851343124138, 38.06410000294339824, 0.000000000000000000 ) ) ;
#7066 = DIRECTION ( 'NONE',  ( 1.000000000000000000, 1.001543065824772950E-15, 0.000000000000000000 ) ) ;
#7068 = ADVANCED_FACE ( 'NONE', ( #1996 ), #7510, .T. ) ;
#7067 = CARTESIAN_POINT ( 'NONE',  ( 19.19870270294446613, 2.910780308183881004, 28.47282655262432272 ) ) ;
#7069 = CARTESIAN_POINT ( 'NONE',  ( 19.15585971538168053, 2.910071240362130052, 28.44133763130180270 ) ) ;
#7070 = CARTESIAN_POINT ( 'NONE',  ( -12.35545040765140357, 14.94258624928652068, 29.09602131302000316 ) ) ;
#7071 = EDGE_CURVE ( 'NONE', #5318, #4041, #9223, .T. ) ;
#7072 = CIRCLE ( 'NONE', #2280, 0.1999999999999987899 ) ;
#7073 = DIRECTION ( 'NONE',  ( 0.4999999999999966693, 0.8660254037844405950, 0.000000000000000000 ) ) ;
#7074 = CARTESIAN_POINT ( 'NONE',  ( -39.97329120819144777, -42.75833186246224926, 0.000000000000000000 ) ) ;
#7075 = CARTESIAN_POINT ( 'NONE',  ( 6.893103085687952714, -18.33401510989386551, 28.84262696269724913 ) ) ;
#7076 = VECTOR ( 'NONE', #1932, 1000.000000000000000 ) ;
#7077 = EDGE_LOOP ( 'NONE', ( #4896, #2110, #18, #755 ) ) ;
#7078 = CARTESIAN_POINT ( 'NONE',  ( 13.29539736716370513, 16.54604799605133891, 28.50000000000000000 ) ) ;
#7079 = CYLINDRICAL_SURFACE ( 'NONE', #1191, 10.00000000000000533 ) ;
#7080 = CARTESIAN_POINT ( 'NONE',  ( -19.30119534050919583, 3.058686997166129462, 28.69133039359172344 ) ) ;
#7081 = CARTESIAN_POINT ( 'NONE',  ( 12.26053447202516189, 15.05682577612560280, 28.62200671236685778 ) ) ;
#7082 = ORIENTED_EDGE ( 'NONE', *, *, #9031, .F. ) ;
#7083 = CARTESIAN_POINT ( 'NONE',  ( -7.270624290268006717, -20.04040790171520214, 28.30000000000000071 ) ) ;
#7084 = EDGE_LOOP ( 'NONE', ( #6284, #1509 ) ) ;
#7085 = CARTESIAN_POINT ( 'NONE',  ( -12.10634575818630765, 15.25828960087618924, 28.49252122238646834 ) ) ;
#7086 = ORIENTED_EDGE ( 'NONE', *, *, #8902, .F. ) ;
#7087 = CARTESIAN_POINT ( 'NONE',  ( 7.071715600440877658, -18.28688423916338834, 29.39427216176076385 ) ) ;
#7088 = FACE_OUTER_BOUND ( 'NONE', #3889, .T. ) ;
#7089 = DIRECTION ( 'NONE',  ( 1.000000000000000000, 0.000000000000000000, 0.000000000000000000 ) ) ;
#7090 = CARTESIAN_POINT ( 'NONE',  ( 19.25460157623634316, 3.155685838017409761, 28.74989679937597487 ) ) ;
#7091 = ORIENTED_EDGE ( 'NONE', *, *, #6880, .F. ) ;
#7092 = CARTESIAN_POINT ( 'NONE',  ( -27.16135149449623754, -7.100008336931100672, 14.65471539905940723 ) ) ;
#7093 = CARTESIAN_POINT ( 'NONE',  ( 19.19591314848465657, 2.868660660026759235, 28.45309165528607309 ) ) ;
#7094 = ORIENTED_EDGE ( 'NONE', *, *, #6099, .T. ) ;
#7095 = CARTESIAN_POINT ( 'NONE',  ( -12.33544853584741041, 14.95219231661267223, 28.77722214436131409 ) ) ;
#7096 = CARTESIAN_POINT ( 'NONE',  ( -6.860615436060575334, -18.22137411647070238, 28.66903314364324729 ) ) ;
#7097 = EDGE_CURVE ( 'NONE', #2474, #8865, #4768, .T. ) ;
#7098 = EDGE_LOOP ( 'NONE', ( #5050, #989, #1644, #6163, #5590, #6501 ) ) ;
#7099 = AXIS2_PLACEMENT_3D ( 'NONE', #8544, #4620, #3869 ) ;
#7100 = ORIENTED_EDGE ( 'NONE', *, *, #1785, .F. ) ;
#7101 = FACE_OUTER_BOUND ( 'NONE', #1032, .T. ) ;
#7102 = CARTESIAN_POINT ( 'NONE',  ( -19.11496317741564610, 3.112116027330070089, 28.98083308692834237 ) ) ;
#7103 = LINE ( 'NONE', #7156, #4453 ) ;
#7104 = CARTESIAN_POINT ( 'NONE',  ( 18.95532069861749491, 3.141597709010625739, 29.08438622925537587 ) ) ;
#7105 = CARTESIAN_POINT ( 'NONE',  ( -7.171557256320159723, -18.27120626728861907, 28.51172175438910372 ) ) ;
#7106 = CARTESIAN_POINT ( 'NONE',  ( -7.271925605817051164, -18.22066145908297585, 28.49904958447886116 ) ) ;
#7107 = DIRECTION ( 'NONE',  ( 0.000000000000000000, 0.000000000000000000, -1.000000000000000000 ) ) ;
#7108 = AXIS2_PLACEMENT_3D ( 'NONE', #2846, #4351, #1182 ) ;
#7109 = CARTESIAN_POINT ( 'NONE',  ( -6.786265944713524512, -18.24671906822846523, 29.09615337359192111 ) ) ;
#7110 = CARTESIAN_POINT ( 'NONE',  ( 7.329375709731974275, -18.24040790171481063, 28.30000000000000071 ) ) ;
#7111 = DIRECTION ( 'NONE',  ( -0.4999999999999958367, -0.8660254037844411501, 0.000000000000000000 ) ) ;
#7112 = EDGE_CURVE ( 'NONE', #8431, #9239, #3002, .T. ) ;
#7113 = CARTESIAN_POINT ( 'NONE',  ( 7.046051950793469132, -18.31320567176464564, 28.62050461324063022 ) ) ;
#7114 = ORIENTED_EDGE ( 'NONE', *, *, #10199, .T. ) ;
#7115 = CARTESIAN_POINT ( 'NONE',  ( -19.43851344566186512, 2.687832327432619017, 28.49812893405193392 ) ) ;
#7116 = CARTESIAN_POINT ( 'NONE',  ( 17.00852148289529708, 55.26410000294389846, 7.000000000000000000 ) ) ;
#7117 = CARTESIAN_POINT ( 'NONE',  ( 19.32099111370697386, 2.850438378606195311, 28.51120091408461832 ) ) ;
#7118 = CARTESIAN_POINT ( 'NONE',  ( 19.23078204616115627, 3.737020626000790102, 28.91998613984783262 ) ) ;
#7119 = CARTESIAN_POINT ( 'NONE',  ( -12.27366866851979310, 14.85638066640471600, 29.08680086401349385 ) ) ;
#7120 = CARTESIAN_POINT ( 'NONE',  ( -7.209616338892374188, -18.15979724095285164, 28.48370737021050658 ) ) ;
#7121 = CARTESIAN_POINT ( 'NONE',  ( 17.72748011637289522, -0.3305445089285055649, 7.499999999999999112 ) ) ;
#7122 = CARTESIAN_POINT ( 'NONE',  ( 6.835970030325068336, -18.17842724434190060, 28.84828684370691576 ) ) ;
#7123 = VECTOR ( 'NONE', #8127, 1000.000000000000000 ) ;
#7124 = EDGE_CURVE ( 'NONE', #962, #1416, #8542, .T. ) ;
#7125 = ORIENTED_EDGE ( 'NONE', *, *, #3348, .T. ) ;
#7126 = DIRECTION ( 'NONE',  ( 0.8660254037844384856, -0.5000000000000004441, 0.000000000000000000 ) ) ;
#7127 = CARTESIAN_POINT ( 'NONE',  ( -19.24542384524238869, 3.151252519490917336, 28.94291359875671787 ) ) ;
#7128 = CARTESIAN_POINT ( 'NONE',  ( 12.29724964585813929, 15.00727237536288605, 28.72217006103562653 ) ) ;
#7129 = ORIENTED_EDGE ( 'NONE', *, *, #2342, .F. ) ;
#7130 = FACE_OUTER_BOUND ( 'NONE', #6938, .T. ) ;
#7131 = ORIENTED_EDGE ( 'NONE', *, *, #100, .T. ) ;
#7132 = CARTESIAN_POINT ( 'NONE',  ( -12.15464946288728143, 15.33563268278628655, 28.50085661469823606 ) ) ;
#7133 = AXIS2_PLACEMENT_3D ( 'NONE', #676, #524, #3039 ) ;
#7134 = ADVANCED_FACE ( 'NONE', ( #6980 ), #1397, .T. ) ;
#7135 = EDGE_CURVE ( 'NONE', #2817, #765, #4568, .T. ) ;
#7136 = EDGE_LOOP ( 'NONE', ( #4553, #7563, #10144, #1251, #10267 ) ) ;
#7137 = ORIENTED_EDGE ( 'NONE', *, *, #5233, .F. ) ;
#7138 = DIRECTION ( 'NONE',  ( 0.8660254037844382635, 0.5000000000000008882, -0.000000000000000000 ) ) ;
#7139 = CARTESIAN_POINT ( 'NONE',  ( 18.27748011637280001, -1.283172453091278920, 28.19999999999999929 ) ) ;
#7140 = VECTOR ( 'NONE', #8725, 1000.000000000000114 ) ;
#7141 = CARTESIAN_POINT ( 'NONE',  ( 6.223780061114279505, -18.09882142937636473, 28.79813148509159859 ) ) ;
#7142 = CARTESIAN_POINT ( 'NONE',  ( 19.26721543808339732, 3.077318904512899689, 28.64529179377013079 ) ) ;
#7143 = ORIENTED_EDGE ( 'NONE', *, *, #5242, .T. ) ;
#7144 = ADVANCED_FACE ( 'NONE', ( #2202 ), #7079, .T. ) ;
#7145 = CARTESIAN_POINT ( 'NONE',  ( -27.36503867681832602, -7.429127339883625503, 14.24099516186818448 ) ) ;
#7146 = CARTESIAN_POINT ( 'NONE',  ( -16.89860139494699709, 9.675596260870763743, 38.50000000000000000 ) ) ;
#7147 = VERTEX_POINT ( 'NONE', #5320 ) ;
#7148 = CARTESIAN_POINT ( 'NONE',  ( -12.36426953410634866, 15.00705633907971226, 28.75781059279474050 ) ) ;
#7149 = CARTESIAN_POINT ( 'NONE',  ( -6.887921469388861517, -18.27792849840191636, 28.68082004827439135 ) ) ;
#7150 = EDGE_CURVE ( 'NONE', #6932, #10054, #10589, .T. ) ;
#7151 = CIRCLE ( 'NONE', #3907, 0.1999999999999996503 ) ;
#7152 = ORIENTED_EDGE ( 'NONE', *, *, #6036, .F. ) ;
#7153 = EDGE_LOOP ( 'NONE', ( #10239, #3503, #3274, #1957 ) ) ;
#7154 = DIRECTION ( 'NONE',  ( 0.4999999999999987788, 0.8660254037844392627, 0.000000000000000000 ) ) ;
#7155 = CARTESIAN_POINT ( 'NONE',  ( -12.01356797664488418, 15.53672233804204517, 28.50000000000000000 ) ) ;
#7156 = CARTESIAN_POINT ( 'NONE',  ( -8.651732553112513102, 24.95959209828479430, 32.00000000000000000 ) ) ;
#7157 = CARTESIAN_POINT ( 'NONE',  ( 18.96962513455656918, 3.171650248944223094, 29.01618753263698025 ) ) ;
#7158 = AXIS2_PLACEMENT_3D ( 'NONE', #2277, #1574, #8808 ) ;
#7159 = CARTESIAN_POINT ( 'NONE',  ( -7.162178293551771269, -18.23011359552441135, 28.51160212529788396 ) ) ;
#7160 = CARTESIAN_POINT ( 'NONE',  ( 20.68829418784322982, 3.916432541849535820, 29.11748645865276330 ) ) ;
#7161 = DIRECTION ( 'NONE',  ( 0.5000000000000009992, -0.8660254037844380415, 0.000000000000000000 ) ) ;
#7162 = CARTESIAN_POINT ( 'NONE',  ( -6.784012904075408024, -18.29046384312759344, 29.04597547197299789 ) ) ;
#7163 = CARTESIAN_POINT ( 'NONE',  ( -12.16649648154830388, 15.04289984353467702, 29.38682461120776424 ) ) ;
#7164 = CARTESIAN_POINT ( 'NONE',  ( -6.949513519520132299, -18.08662315204297144, 28.42884216425968447 ) ) ;
#7165 = VECTOR ( 'NONE', #1891, 1000.000000000000000 ) ;
#7166 = AXIS2_PLACEMENT_3D ( 'NONE', #7447, #5789, #1510 ) ;
#7167 = CARTESIAN_POINT ( 'NONE',  ( 6.911133485210126715, -18.31024133371855456, 28.81687949663344384 ) ) ;
#7168 = CARTESIAN_POINT ( 'NONE',  ( -19.35746688036360297, 2.778396168452717863, 28.50769367862191217 ) ) ;
#7169 = CARTESIAN_POINT ( 'NONE',  ( 1.506361624113897937E-14, -15.04040790171519681, 0.000000000000000000 ) ) ;
#7170 = TOROIDAL_SURFACE ( 'NONE', #152, 1.299999999999999378, 0.2000000000000000111 ) ;
#7171 = CARTESIAN_POINT ( 'NONE',  ( 19.40484613233848066, 2.866595559419286232, 28.51074021025980088 ) ) ;
#7172 = LINE ( 'NONE', #9740, #9286 ) ;
#7173 = CIRCLE ( 'NONE', #8546, 1.300000000000001155 ) ;
#7174 = AXIS2_PLACEMENT_3D ( 'NONE', #4151, #2591, #2647 ) ;
#7175 = CARTESIAN_POINT ( 'NONE',  ( -12.39321268800346942, 14.97134049470194661, 29.09658653332303402 ) ) ;
#7176 = CARTESIAN_POINT ( 'NONE',  ( 0.04777649649678176319, -18.04040790171488595, 38.50000000000000000 ) ) ;
#7177 = CARTESIAN_POINT ( 'NONE',  ( -6.117414105671805657, 36.51680358855885089, 7.275340911392844667 ) ) ;
#7178 = ADVANCED_FACE ( 'NONE', ( #538 ), #7170, .T. ) ;
#7179 = CARTESIAN_POINT ( 'NONE',  ( 6.964164913179859084, -18.29851718150910855, 29.29609279163139846 ) ) ;
#7180 = CIRCLE ( 'NONE', #336, 0.2000000000000005107 ) ;
#7181 = ORIENTED_EDGE ( 'NONE', *, *, #10584, .T. ) ;
#7182 = CARTESIAN_POINT ( 'NONE',  ( -22.28340901608232016, 0.9488358720802572144, 7.500000000000001776 ) ) ;
#7183 = DIRECTION ( 'NONE',  ( 0.000000000000000000, 0.000000000000000000, 1.000000000000000000 ) ) ;
#7184 = CARTESIAN_POINT ( 'NONE',  ( -19.26992667037928442, 3.108632285072655765, 28.79373436486058324 ) ) ;
#7185 = CARTESIAN_POINT ( 'NONE',  ( 12.30605980064651739, 14.95354241256779027, 28.84854308276993962 ) ) ;
#7186 = ADVANCED_FACE ( 'NONE', ( #10395 ), #6146, .T. ) ;
#7187 = LINE ( 'NONE', #3113, #3301 ) ;
#7188 = AXIS2_PLACEMENT_3D ( 'NONE', #764, #10572, #4738 ) ;
#7189 = ORIENTED_EDGE ( 'NONE', *, *, #4716, .T. ) ;
#7190 = CARTESIAN_POINT ( 'NONE',  ( -12.07684277447325805, 15.32449340615158029, 28.49364505592956576 ) ) ;
#7191 = ORIENTED_EDGE ( 'NONE', *, *, #5119, .T. ) ;
#7192 = VERTEX_POINT ( 'NONE', #3767 ) ;
#7193 = VERTEX_POINT ( 'NONE', #9437 ) ;
#7194 = DIRECTION ( 'NONE',  ( 1.101697372407250679E-15, -1.000000000000000000, -0.000000000000000000 ) ) ;
#7195 = ADVANCED_FACE ( 'NONE', ( #2955 ), #6835, .T. ) ;
#7196 = CARTESIAN_POINT ( 'NONE',  ( -31.49147851341842141, -4.600008336931103337, 0.000000000000000000 ) ) ;
#7197 = VERTEX_POINT ( 'NONE', #7727 ) ;
#7198 = CARTESIAN_POINT ( 'NONE',  ( -19.39898611577817533, 2.700621813719222608, 28.49984473210476210 ) ) ;
#7199 = EDGE_CURVE ( 'NONE', #4479, #7418, #5478, .T. ) ;
#7200 = CARTESIAN_POINT ( 'NONE',  ( -35.57587195117118029, -7.497514901535344833, 7.120487674087379482 ) ) ;
#7201 = CARTESIAN_POINT ( 'NONE',  ( 25.98928359826505385, -5.040407901715157735, 32.00000000000000000 ) ) ;
#7202 = ORIENTED_EDGE ( 'NONE', *, *, #9196, .F. ) ;
#7203 = CARTESIAN_POINT ( 'NONE',  ( -12.39076858764354938, 15.03646890374750988, 28.74794295034654468 ) ) ;
#7204 = CARTESIAN_POINT ( 'NONE',  ( -6.918061814344913962, -18.27465852642217214, 28.64698724890421389 ) ) ;
#7205 = TOROIDAL_SURFACE ( 'NONE', #1904, 1.300000000000000266, 0.2000000000000000111 ) ;
#7206 = ORIENTED_EDGE ( 'NONE', *, *, #7660, .T. ) ;
#7207 = ORIENTED_EDGE ( 'NONE', *, *, #123, .T. ) ;
#7208 = EDGE_CURVE ( 'NONE', #6640, #8838, #3925, .T. ) ;
#7209 = DIRECTION ( 'NONE',  ( -1.000000000000000000, 0.000000000000000000, -0.000000000000000000 ) ) ;
#7210 = CARTESIAN_POINT ( 'NONE',  ( -18.98744071845017345, 2.911177522711656529, 29.30275926299351497 ) ) ;
#7211 = CARTESIAN_POINT ( 'NONE',  ( -12.21572043968145316, 14.82823594768870912, 28.38996816205943219 ) ) ;
#7212 = CARTESIAN_POINT ( 'NONE',  ( 19.18649063206460426, 3.194277388943441043, 29.02102644259155895 ) ) ;
#7213 = CARTESIAN_POINT ( 'NONE',  ( -7.220440172206504137, -18.21516712584030273, 28.49813673451928864 ) ) ;
#7214 = DIRECTION ( 'NONE',  ( -1.000000000000000000, 0.000000000000000000, -0.000000000000000000 ) ) ;
#7215 = FACE_OUTER_BOUND ( 'NONE', #4983, .T. ) ;
#7216 = CARTESIAN_POINT ( 'NONE',  ( -6.779675906464134094, -18.21162550429240667, 29.09511942149004682 ) ) ;
#7217 = CARTESIAN_POINT ( 'NONE',  ( -7.470624290268025547, -18.24040790171495985, 28.30000000000000071 ) ) ;
#7218 = DIRECTION ( 'NONE',  ( 0.000000000000000000, -0.000000000000000000, -1.000000000000000000 ) ) ;
#7219 = AXIS2_PLACEMENT_3D ( 'NONE', #1463, #3831, #7089 ) ;
#7220 = DIRECTION ( 'NONE',  ( 0.4999999999999996114, 0.8660254037844388186, 0.000000000000000000 ) ) ;
#7221 = CARTESIAN_POINT ( 'NONE',  ( -19.34946483496872460, 2.752553718955599749, 28.50060688033670786 ) ) ;
#7222 = CARTESIAN_POINT ( 'NONE',  ( 19.18696598059257497, 2.971971462063726310, 29.39098831337951268 ) ) ;
#7223 = CARTESIAN_POINT ( 'NONE',  ( 19.37304286985826707, 2.742118218245279238, 28.49625970782017959 ) ) ;
#7224 = AXIS2_PLACEMENT_3D ( 'NONE', #5205, #3601, #8362 ) ;
#7225 = CARTESIAN_POINT ( 'NONE',  ( 0.04777649649678211707, -18.24040790171488169, 28.30000000000000071 ) ) ;
#7226 = CARTESIAN_POINT ( 'NONE',  ( -12.36948415782908661, 14.95368069518117871, 29.09631122522182878 ) ) ;
#7227 = CARTESIAN_POINT ( 'NONE',  ( -6.978038751387738436, -19.54040790171520214, 29.39571968233660471 ) ) ;
#7228 = CARTESIAN_POINT ( 'NONE',  ( -8.117963807215700101, 37.83083924378473739, 7.000000000000000888 ) ) ;
#7229 = CARTESIAN_POINT ( 'NONE',  ( 6.989004930271700111, -18.06246261154798916, 29.33067931496406189 ) ) ;
#7230 = VECTOR ( 'NONE', #788, 1000.000000000000000 ) ;
#7231 = EDGE_CURVE ( 'NONE', #2871, #1944, #8367, .T. ) ;
#7232 = ORIENTED_EDGE ( 'NONE', *, *, #8583, .T. ) ;
#7233 = DIRECTION ( 'NONE',  ( -0.4999999999999971689, 0.8660254037844402619, 0.000000000000000000 ) ) ;
#7234 = CARTESIAN_POINT ( 'NONE',  ( 25.98076211353316722, -14.99999999999999467, 5.000000000000000000 ) ) ;
#7235 = ADVANCED_FACE ( 'NONE', ( #3662 ), #1351, .T. ) ;
#7236 = DIRECTION ( 'NONE',  ( 0.8660254037844389297, -0.4999999999999996114, 0.000000000000000000 ) ) ;
#7237 = AXIS2_PLACEMENT_3D ( 'NONE', #8018, #5568, #8826 ) ;
#7238 = DIRECTION ( 'NONE',  ( -1.101697372407250679E-15, 1.000000000000000000, 0.000000000000000000 ) ) ;
#7239 = CARTESIAN_POINT ( 'NONE',  ( 12.40963315665527134, 15.06797727373275464, 28.84232855512277638 ) ) ;
#7240 = DIRECTION ( 'NONE',  ( -0.000000000000000000, -0.000000000000000000, -1.000000000000000000 ) ) ;
#7241 = AXIS2_PLACEMENT_3D ( 'NONE', #9492, #10455, #2910 ) ;
#7242 = ORIENTED_EDGE ( 'NONE', *, *, #9241, .T. ) ;
#7243 = CARTESIAN_POINT ( 'NONE',  ( -12.11096914502996924, 15.29713849807206572, 28.49685568366080091 ) ) ;
#7244 = ORIENTED_EDGE ( 'NONE', *, *, #10056, .F. ) ;
#7245 = ORIENTED_EDGE ( 'NONE', *, *, #2758, .T. ) ;
#7246 = CYLINDRICAL_SURFACE ( 'NONE', #5987, 4.999999999999993783 ) ;
#7247 = EDGE_CURVE ( 'NONE', #5980, #493, #2045, .T. ) ;
#7248 = DIRECTION ( 'NONE',  ( -0.000000000000000000, -0.000000000000000000, -1.000000000000000000 ) ) ;
#7249 = FACE_OUTER_BOUND ( 'NONE', #1735, .T. ) ;
#7250 = EDGE_LOOP ( 'NONE', ( #9062, #2135, #3559, #808, #7729, #3627, #9395 ) ) ;
#7251 = LINE ( 'NONE', #6908, #3474 ) ;
#7252 = DIRECTION ( 'NONE',  ( 0.5000000000000237588, 0.8660254037844250519, -0.000000000000000000 ) ) ;
#7253 = CARTESIAN_POINT ( 'NONE',  ( 20.97504479256491550, 3.644508471040950326, 28.99988140765557887 ) ) ;
#7254 = ORIENTED_EDGE ( 'NONE', *, *, #207, .F. ) ;
#7255 = CARTESIAN_POINT ( 'NONE',  ( -12.36824933309393160, 15.01247356133359467, 28.75573580607852264 ) ) ;
#7256 = CARTESIAN_POINT ( 'NONE',  ( -6.892480532218390188, -18.28440763037401950, 28.67760897406048670 ) ) ;
#7257 = EDGE_CURVE ( 'NONE', #865, #9388, #4777, .T. ) ;
#7258 = VERTEX_POINT ( 'NONE', #2149 ) ;
#7259 = EDGE_LOOP ( 'NONE', ( #10362, #10293, #9933, #3010 ) ) ;
#7260 = DIRECTION ( 'NONE',  ( 0.5000000000000162093, 0.8660254037844292707, -0.000000000000000000 ) ) ;
#7261 = EDGE_CURVE ( 'NONE', #5542, #526, #7490, .T. ) ;
#7262 = CARTESIAN_POINT ( 'NONE',  ( -19.29896591939254691, 3.071698314699061960, 29.30059921790595112 ) ) ;
#7263 = DIRECTION ( 'NONE',  ( -0.8660254037844291597, 0.5000000000000162093, 0.000000000000000000 ) ) ;
#7264 = CARTESIAN_POINT ( 'NONE',  ( 19.11422960055334741, 3.172729784854371182, 29.02200159692212011 ) ) ;
#7265 = CARTESIAN_POINT ( 'NONE',  ( -7.170286736558803220, -18.25013410227384369, 28.51293251449497035 ) ) ;
#7266 = CYLINDRICAL_SURFACE ( 'NONE', #419, 4.999999999999997335 ) ;
#7267 = DIRECTION ( 'NONE',  ( -1.000000000000000000, 0.000000000000000000, 0.000000000000000000 ) ) ;
#7268 = CARTESIAN_POINT ( 'NONE',  ( -6.776082529333748106, -18.19660671322189316, 29.09435986582312594 ) ) ;
#7269 = CARTESIAN_POINT ( 'NONE',  ( -12.25333741331896498, 15.10616017132157651, 29.39558262291613389 ) ) ;
#7270 = CIRCLE ( 'NONE', #6085, 1.300000000000000266 ) ;
#7271 = EDGE_CURVE ( 'NONE', #9193, #7520, #6657, .T. ) ;
#7272 = CARTESIAN_POINT ( 'NONE',  ( -19.40341300050966566, 2.725227612309831127, 28.50125071087405360 ) ) ;
#7273 = CARTESIAN_POINT ( 'NONE',  ( 22.26119697378127427, 1.016827546908759317, 28.19999999999999929 ) ) ;
#7274 = AXIS2_PLACEMENT_3D ( 'NONE', #2715, #6191, #3727 ) ;
#7275 = CARTESIAN_POINT ( 'NONE',  ( 19.41631777689502059, 2.755204121563947339, 28.49996611647303979 ) ) ;
#7276 = AXIS2_PLACEMENT_3D ( 'NONE', #7315, #32, #9779 ) ;
#7277 = CARTESIAN_POINT ( 'NONE',  ( 13.47608048745593301, 15.78025375259709762, 29.32031362698904076 ) ) ;
#7278 = FACE_OUTER_BOUND ( 'NONE', #1128, .T. ) ;
#7279 = CARTESIAN_POINT ( 'NONE',  ( 13.76464446549248777, 16.13328818044161039, 28.81812133211679594 ) ) ;
#7280 = CARTESIAN_POINT ( 'NONE',  ( 9.197776496495887244, 55.26510000294467062, 28.20000000000000284 ) ) ;
#7281 = CARTESIAN_POINT ( 'NONE',  ( 4.650987221320757037, 31.98180764273834242, 9.964167272034183398 ) ) ;
#7282 = EDGE_LOOP ( 'NONE', ( #6505, #172, #7570, #6585 ) ) ;
#7283 = DIRECTION ( 'NONE',  ( 0.8660254037844380415, 0.5000000000000008882, -0.000000000000000000 ) ) ;
#7284 = CARTESIAN_POINT ( 'NONE',  ( -9.420112696759645132, -85.67798937697757822, 3.500000000000000000 ) ) ;
#7285 = CARTESIAN_POINT ( 'NONE',  ( 17.00852148289529708, 48.46410000294401499, 3.500000000000000444 ) ) ;
#7286 = DIRECTION ( 'NONE',  ( 0.8660254037844389297, -0.4999999999999996114, 0.000000000000000000 ) ) ;
#7287 = CARTESIAN_POINT ( 'NONE',  ( 12.07866677355485407, 15.04314948600745971, 29.36695695287395580 ) ) ;
#7288 = DIRECTION ( 'NONE',  ( -1.101697372407250679E-15, 1.000000000000000000, 0.000000000000000000 ) ) ;
#7289 = EDGE_CURVE ( 'NONE', #7293, #3717, #8703, .T. ) ;
#7290 = ORIENTED_EDGE ( 'NONE', *, *, #1254, .F. ) ;
#7291 = CARTESIAN_POINT ( 'NONE',  ( -12.10938467302821664, 15.36530252699141919, 28.49994974110119728 ) ) ;
#7292 = TOROIDAL_SURFACE ( 'NONE', #5762, 1.300000000000000266, 0.2000000000000000111 ) ;
#7293 = VERTEX_POINT ( 'NONE', #4879 ) ;
#7294 = ORIENTED_EDGE ( 'NONE', *, *, #10088, .F. ) ;
#7295 = CARTESIAN_POINT ( 'NONE',  ( 12.04413000906071751, 14.11330663413819231, 28.81326161142434472 ) ) ;
#7296 = CARTESIAN_POINT ( 'NONE',  ( 26.33064391108925051, -31.98515466406566432, 0.000000000000000000 ) ) ;
#7297 = DIRECTION ( 'NONE',  ( -0.000000000000000000, -0.000000000000000000, -1.000000000000000000 ) ) ;
#7298 = CIRCLE ( 'NONE', #1029, 1.299999999999999156 ) ;
#7299 = EDGE_LOOP ( 'NONE', ( #7891, #553, #9557, #6667 ) ) ;
#7300 = CARTESIAN_POINT ( 'NONE',  ( 29.86949831616777828, -9.327952214691517696, 10.31207058759901862 ) ) ;
#7301 = DIRECTION ( 'NONE',  ( 0.4999999999999966693, -0.8660254037844405950, 0.000000000000000000 ) ) ;
#7302 = FACE_BOUND ( 'NONE', #6042, .T. ) ;
#7303 = VERTEX_POINT ( 'NONE', #4773 ) ;
#7304 = CARTESIAN_POINT ( 'NONE',  ( -12.26380745497536395, 15.05467560468199295, 28.59799519787823741 ) ) ;
#7305 = CARTESIAN_POINT ( 'NONE',  ( -6.832380563374035987, -18.27056903602877114, 28.76082956701472426 ) ) ;
#7306 = EDGE_CURVE ( 'NONE', #599, #4566, #836, .T. ) ;
#7307 = ORIENTED_EDGE ( 'NONE', *, *, #2921, .F. ) ;
#7308 = ORIENTED_EDGE ( 'NONE', *, *, #9597, .F. ) ;
#7309 = AXIS2_PLACEMENT_3D ( 'NONE', #2686, #3649, #4295 ) ;
#7310 = CARTESIAN_POINT ( 'NONE',  ( -18.82047468757060571, 2.887903993452070939, 29.25474978903323731 ) ) ;
#7311 = CARTESIAN_POINT ( 'NONE',  ( -19.05237795546594626, 2.865454093285458192, 29.35645257609320424 ) ) ;
#7312 = CARTESIAN_POINT ( 'NONE',  ( -11.55661409683921192, 19.92818967458103785, 7.499999999999999112 ) ) ;
#7313 = CARTESIAN_POINT ( 'NONE',  ( 19.18447366638321228, 3.191313636571566192, 29.04635745566391591 ) ) ;
#7314 = CARTESIAN_POINT ( 'NONE',  ( -7.226321115272628326, -18.25542241767892193, 28.50084950265389949 ) ) ;
#7315 = CARTESIAN_POINT ( 'NONE',  ( 23.79318993999364551, -25.04040790171517017, 0.000000000000000000 ) ) ;
#7316 = EDGE_CURVE ( 'NONE', #4028, #404, #1012, .T. ) ;
#7317 = DIRECTION ( 'NONE',  ( 1.000000000000000000, 0.000000000000000000, 0.000000000000000000 ) ) ;
#7318 = CARTESIAN_POINT ( 'NONE',  ( -6.788540640375657631, -18.26348186568427678, 29.09638363188626187 ) ) ;
#7319 = CARTESIAN_POINT ( 'NONE',  ( -12.28351354655543837, 14.94176653911322994, 29.23475643499764942 ) ) ;
#7320 = PRODUCT_DEFINITION_FORMATION_WITH_SPECIFIED_SOURCE ( 'ä»', '', #2477, .NOT_KNOWN. ) ;
#7321 = VERTEX_POINT ( 'NONE', #3970 ) ;
#7322 = CARTESIAN_POINT ( 'NONE',  ( -28.73255749932301839, -25.73570372186683031, 7.016230390422029117 ) ) ;
#7323 = CARTESIAN_POINT ( 'NONE',  ( -7.270624290268024481, -18.24040790171495630, 1.700000000000001510 ) ) ;
#7324 = CARTESIAN_POINT ( 'NONE',  ( -19.46754678356003865, 2.747418078174560740, 28.50022339041150232 ) ) ;
#7325 = AXIS2_PLACEMENT_3D ( 'NONE', #2117, #5386, #8649 ) ;
#7326 = CARTESIAN_POINT ( 'NONE',  ( 19.12243585450623584, 2.951035020110240215, 29.38011345024234444 ) ) ;
#7327 = CARTESIAN_POINT ( 'NONE',  ( 19.41007109443806655, 2.751613125540824711, 28.49996105544746783 ) ) ;
#7328 = ADVANCED_FACE ( 'NONE', ( #2416 ), #5638, .F. ) ;
#7329 = FACE_OUTER_BOUND ( 'NONE', #9355, .T. ) ;
#7330 = CIRCLE ( 'NONE', #6139, 1.099999999999999867 ) ;
#7331 = CARTESIAN_POINT ( 'NONE',  ( 12.94505951516613429, 14.77413148234210993, 28.87228945253617240 ) ) ;
#7332 = CARTESIAN_POINT ( 'NONE',  ( 7.329375709731994704, -20.04040790171481490, 1.500000000000001332 ) ) ;
#7333 = CARTESIAN_POINT ( 'NONE',  ( -11.94323701266731597, 14.56425212390377588, 29.16058789364483061 ) ) ;
#7334 = AXIS2_PLACEMENT_3D ( 'NONE', #4928, #8248, #2519 ) ;
#7335 = EDGE_CURVE ( 'NONE', #7642, #8393, #5464, .T. ) ;
#7336 = CARTESIAN_POINT ( 'NONE',  ( 6.690433033674928254, 38.20576294119616989, 7.011084861482362207 ) ) ;
#7337 = AXIS2_PLACEMENT_3D ( 'NONE', #1246, #7932, #3868 ) ;
#7338 = ORIENTED_EDGE ( 'NONE', *, *, #4828, .F. ) ;
#7339 = EDGE_CURVE ( 'NONE', #9342, #607, #2375, .T. ) ;
#7340 = CARTESIAN_POINT ( 'NONE',  ( -19.23481045802731160, 2.783760586832087824, 28.45793782530211047 ) ) ;
#7341 = AXIS2_PLACEMENT_3D ( 'NONE', #2, #6433, #9650 ) ;
#7342 = DIRECTION ( 'NONE',  ( -0.8660254037844413721, 0.4999999999999951705, -0.000000000000000000 ) ) ;
#7343 = AXIS2_PLACEMENT_3D ( 'NONE', #3127, #1414, #9714 ) ;
#7344 = DIRECTION ( 'NONE',  ( 1.000000000000000000, 0.000000000000000000, 0.000000000000000000 ) ) ;
#7345 = CARTESIAN_POINT ( 'NONE',  ( 19.26584587000720106, 3.077577895854248791, 28.64586321335958985 ) ) ;
#7346 = CARTESIAN_POINT ( 'NONE',  ( 11.98145366868184780, 14.81399195691872706, 29.25796286376841948 ) ) ;
#7347 = ADVANCED_FACE ( 'NONE', ( #2615 ), #3754, .T. ) ;
#7348 = AXIS2_PLACEMENT_3D ( 'NONE', #4961, #4904, #10533 ) ;
#7349 = EDGE_LOOP ( 'NONE', ( #3181, #6453, #7472, #7378 ) ) ;
#7350 = LINE ( 'NONE', #8096, #10151 ) ;
#7351 = CIRCLE ( 'NONE', #9583, 1.299999999999998046 ) ;
#7352 = ORIENTED_EDGE ( 'NONE', *, *, #9485, .T. ) ;
#7353 = VERTEX_POINT ( 'NONE', #1813 ) ;
#7354 = CARTESIAN_POINT ( 'NONE',  ( -7.270624290268025369, -18.24040790171495630, 28.30000000000000071 ) ) ;
#7355 = CARTESIAN_POINT ( 'NONE',  ( -56.67105222701402312, -43.28455718469595581, 28.19999999999999929 ) ) ;
#7356 = DIRECTION ( 'NONE',  ( -1.000000000000000000, 0.000000000000000000, 0.000000000000000000 ) ) ;
#7357 = ORIENTED_EDGE ( 'NONE', *, *, #6889, .F. ) ;
#7358 = DIRECTION ( 'NONE',  ( -1.000000000000000000, 0.000000000000000000, 0.000000000000000000 ) ) ;
#7359 = CARTESIAN_POINT ( 'NONE',  ( 11.93655164035171623, 15.29963783453756321, 1.700000000000000178 ) ) ;
#7360 = CARTESIAN_POINT ( 'NONE',  ( 20.96860244792060612, 3.655666939284765604, 1.500000000000001332 ) ) ;
#7361 = ORIENTED_EDGE ( 'NONE', *, *, #6889, .T. ) ;
#7362 = CARTESIAN_POINT ( 'NONE',  ( -12.34074473844813724, 15.05803502086126144, 28.67760897406065368 ) ) ;
#7363 = CARTESIAN_POINT ( 'NONE',  ( -6.945600916403255276, -18.32767642020609955, 28.62778276953628875 ) ) ;
#7364 = CIRCLE ( 'NONE', #2755, 1.099999999999999645 ) ;
#7365 = VERTEX_POINT ( 'NONE', #5081 ) ;
#7366 = ORIENTED_EDGE ( 'NONE', *, *, #8034, .F. ) ;
#7367 = CARTESIAN_POINT ( 'NONE',  ( 22.91119697378124798, -0.1090054780110234628, 28.19999999999999929 ) ) ;
#7368 = CARTESIAN_POINT ( 'NONE',  ( -19.02126329291603923, 2.915068152596759443, 29.31242091382512527 ) ) ;
#7369 = DIRECTION ( 'NONE',  ( 1.000000000000000000, 1.387778780781446464E-15, 0.000000000000000000 ) ) ;
#7370 = CARTESIAN_POINT ( 'NONE',  ( 19.18187374613497553, 3.181838019093950365, 29.09629871123628675 ) ) ;
#7371 = EDGE_CURVE ( 'NONE', #9145, #2890, #9699, .T. ) ;
#7372 = CARTESIAN_POINT ( 'NONE',  ( -7.269854184802789554, -18.21416796020588791, 28.49832330636392896 ) ) ;
#7373 = CARTESIAN_POINT ( 'NONE',  ( -50.47810067980762483, -9.563468133790975045, 3.500000000000000000 ) ) ;
#7374 = CIRCLE ( 'NONE', #6354, 1.099999999999998535 ) ;
#7375 = CARTESIAN_POINT ( 'NONE',  ( -12.34294807797150106, 14.91630410687611885, 29.02206524164919443 ) ) ;
#7376 = CARTESIAN_POINT ( 'NONE',  ( -6.773190004330352565, -18.23008480958165478, 28.90030214447741486 ) ) ;
#7377 = CARTESIAN_POINT ( 'NONE',  ( -12.31466989863432815, 14.96800685845260936, 29.23935110316836727 ) ) ;
#7378 = ORIENTED_EDGE ( 'NONE', *, *, #5965, .F. ) ;
#7379 = CARTESIAN_POINT ( 'NONE',  ( -9.699017848312161405, -19.95148980674239780, 32.00000000000000000 ) ) ;
#7381 = EDGE_CURVE ( 'NONE', #2321, #1257, #3149, .T. ) ;
#7380 = CARTESIAN_POINT ( 'NONE',  ( -22.28340901608232016, 0.9488358720802572144, 7.500000000000001776 ) ) ;
#7382 = CARTESIAN_POINT ( 'NONE',  ( -19.32811715094203819, 2.784018875990779129, 28.50412504858241647 ) ) ;
#7383 = CARTESIAN_POINT ( 'NONE',  ( -8.205095234615106037, 15.91102681642425232, 32.00000000000000000 ) ) ;
#7384 = CARTESIAN_POINT ( 'NONE',  ( 19.41083511245656368, 2.752038703774529527, 28.49996611647302913 ) ) ;
#7385 = DIRECTION ( 'NONE',  ( -1.000000000000000000, 0.000000000000000000, 0.000000000000000000 ) ) ;
#7386 = CARTESIAN_POINT ( 'NONE',  ( -19.41356797664481348, 2.719546362032308373, 1.700000000000000178 ) ) ;
#7387 = CARTESIAN_POINT ( 'NONE',  ( -18.82047468757060571, 2.887903993452070939, 29.25474978903323731 ) ) ;
#7388 = CARTESIAN_POINT ( 'NONE',  ( -7.470624290268025547, -18.24040790171495985, 1.700000000000001510 ) ) ;
#7389 = B_SPLINE_CURVE_WITH_KNOTS ( 'NONE', 3,
 ( #9545, #7985, #2958, #3823 ),
 .UNSPECIFIED., .F., .F.,
 ( 4, 4 ),
 ( 0.000000000000000000, 0.0003526191071291319337 ),
 .UNSPECIFIED. ) ;
#7390 = CARTESIAN_POINT ( 'NONE',  ( 4.782626148272546729, 31.69060026038082611, 10.19930016285018226 ) ) ;
#7391 = CIRCLE ( 'NONE', #6887, 1.299999999999999378 ) ;
#7392 = DIRECTION ( 'NONE',  ( 0.5000000000000007772, -0.8660254037844381525, 0.000000000000000000 ) ) ;
#7393 = VERTEX_POINT ( 'NONE', #1451 ) ;
#7394 = ADVANCED_FACE ( 'NONE', ( #7982 ), #5689, .T. ) ;
#7395 = VECTOR ( 'NONE', #8355, 999.9999999999998863 ) ;
#7396 = AXIS2_PLACEMENT_3D ( 'NONE', #4509, #6216, #9530 ) ;
#7397 = CARTESIAN_POINT ( 'NONE',  ( -8.902223503503059021, -19.84040790171520641, 28.19999999999999929 ) ) ;
#7398 = FACE_OUTER_BOUND ( 'NONE', #5245, .T. ) ;
#7399 = EDGE_CURVE ( 'NONE', #6331, #10148, #5117, .T. ) ;
#7400 = DIRECTION ( 'NONE',  ( -1.000000000000000000, 0.000000000000000000, 0.000000000000000000 ) ) ;
#7401 = CARTESIAN_POINT ( 'NONE',  ( 19.31453709353070280, 3.075996526458007363, 28.62778276953628165 ) ) ;
#7402 = CARTESIAN_POINT ( 'NONE',  ( 12.27657784647604622, 14.90167613576672601, 28.97727101852387932 ) ) ;
#7403 = ORIENTED_EDGE ( 'NONE', *, *, #4194, .T. ) ;
#7404 = CARTESIAN_POINT ( 'NONE',  ( -12.11644769263453192, 15.36943070713223491, 28.49996611647303979 ) ) ;
#7405 = B_SPLINE_CURVE_WITH_KNOTS ( 'NONE', 3,
 ( #7435, #6523, #95, #2560, #5836, #9091, #8289, #4222, #7487, #145, #5286, #1162, #10112, #4436, #8397, #4385, #9306, #3521, #6148, #356, #5940, #5994, #3631 ),
 .UNSPECIFIED., .F., .F.,
 ( 4, 1, 1, 2, 2, 1, 1, 2, 2, 1, 2, 2, 2, 4 ),
 ( 0.000000000000000000, 0.06249999999997342404, 0.09374999999996014299, 0.1093749999999606010, 0.1249999999999610589, 0.1874999999999772404, 0.2187499999999853728, 0.2343749999999792943, 0.2499999999999732436, 0.3749999999999921729, 0.4374999999999953926, 0.4999999999999985567, 0.7499999999999992228, 1.000000000000000000 ),
 .UNSPECIFIED. ) ;
#7406 = AXIS2_PLACEMENT_3D ( 'NONE', #9097, #205, #257 ) ;
#7407 = ORIENTED_EDGE ( 'NONE', *, *, #9237, .T. ) ;
#7408 = VERTEX_POINT ( 'NONE', #2312 ) ;
#7409 = CARTESIAN_POINT ( 'NONE',  ( -9.335995257721013019, -15.46494388470214609, 31.85167049528398664 ) ) ;
#7410 = CARTESIAN_POINT ( 'NONE',  ( 31.33064391108925051, -31.98515466406566432, 7.000000000000000000 ) ) ;
#7411 = AXIS2_PLACEMENT_3D ( 'NONE', #2315, #4725, #8846 ) ;
#7412 = DIRECTION ( 'NONE',  ( -1.000000000000000000, 0.000000000000000000, 0.000000000000000000 ) ) ;
#7413 = ORIENTED_EDGE ( 'NONE', *, *, #6095, .T. ) ;
#7414 = FACE_BOUND ( 'NONE', #3185, .T. ) ;
#7415 = AXIS2_PLACEMENT_3D ( 'NONE', #1433, #4601, #2241 ) ;
#7416 = LINE ( 'NONE', #9126, #7852 ) ;
#7417 = PLANE ( 'NONE',  #10409 ) ;
#7418 = VERTEX_POINT ( 'NONE', #1557 ) ;
#7419 = CARTESIAN_POINT ( 'NONE',  ( -12.32364145668961974, 15.08678445528933665, 28.64198937509594600 ) ) ;
#7420 = CARTESIAN_POINT ( 'NONE',  ( -6.995618288001148599, -18.27058293279049650, 28.58333328749633395 ) ) ;
#7421 = ORIENTED_EDGE ( 'NONE', *, *, #9221, .T. ) ;
#7422 = ORIENTED_EDGE ( 'NONE', *, *, #6477, .F. ) ;
#7423 = CARTESIAN_POINT ( 'NONE',  ( -8.049692158673876108, 16.40235664966127871, 7.499999999999999112 ) ) ;
#7424 = DIRECTION ( 'NONE',  ( -1.000000000000000000, 0.000000000000000000, 0.000000000000000000 ) ) ;
#7425 = DIRECTION ( 'NONE',  ( 0.4999999999999966693, 0.8660254037844405950, 0.000000000000000000 ) ) ;
#7426 = CARTESIAN_POINT ( 'NONE',  ( 19.19695251395370406, 3.191473475800747028, 28.89466597259660574 ) ) ;
#7427 = CARTESIAN_POINT ( 'NONE',  ( -4.321605534190316789, 22.45959209828479786, 32.00000000000000000 ) ) ;
#7428 = DIRECTION ( 'NONE',  ( -1.000000000000000000, 0.000000000000000000, 0.000000000000000000 ) ) ;
#7429 = CARTESIAN_POINT ( 'NONE',  ( -12.35576924705137003, 14.93198591886149984, 29.04663287802264549 ) ) ;
#7430 = CARTESIAN_POINT ( 'NONE',  ( -6.779260702655388826, -18.26719393800820512, 29.02100478943399864 ) ) ;
#7431 = CARTESIAN_POINT ( 'NONE',  ( -12.25347691104912151, 15.01871486049011217, 29.33714389456471494 ) ) ;
#7432 = EDGE_CURVE ( 'NONE', #933, #7512, #9955, .T. ) ;
#7433 = CIRCLE ( 'NONE', #2822, 4.999999999999997335 ) ;
#7434 = ORIENTED_EDGE ( 'NONE', *, *, #2883, .T. ) ;
#7435 = CARTESIAN_POINT ( 'NONE',  ( 19.33904070563243494, 3.052687707980607623, 29.39571968233660471 ) ) ;
#7436 = DIRECTION ( 'NONE',  ( 0.4999999999999996114, 0.8660254037844389297, 0.000000000000000000 ) ) ;
#7437 = CARTESIAN_POINT ( 'NONE',  ( -19.37547059735529231, 2.858522928583470790, 28.53149224231530212 ) ) ;
#7438 = DIRECTION ( 'NONE',  ( -0.000000000000000000, -0.000000000000000000, -1.000000000000000000 ) ) ;
#7439 = CARTESIAN_POINT ( 'NONE',  ( -18.10483873669685195, -0.4136681010268247194, 31.79166666666666785 ) ) ;
#7440 = DIRECTION ( 'NONE',  ( -0.5000000000000009992, 0.8660254037844381525, 0.000000000000000000 ) ) ;
#7441 = FACE_OUTER_BOUND ( 'NONE', #1460, .T. ) ;
#7442 = CARTESIAN_POINT ( 'NONE',  ( -6.901126234208675214, -18.17653595294460445, 29.33644522608926053 ) ) ;
#7443 = DIRECTION ( 'NONE',  ( -0.8660254037844389297, 0.4999999999999996114, -0.000000000000000000 ) ) ;
#7444 = B_SPLINE_SURFACE_WITH_KNOTS ( 'NONE', 3, 3, ( 
 ( #10375, #674, #6310, #9582, #3955, #1328, #10436, #4599, #5514, #8771, #1432, #5567, #3901, #6367, #4755, #7163, #9635, #6418, #1483, #5352, #8230, #890, #835, #8286, #4114, #728, #4168, #2502, #7269, #5671, #9784 ),
 ( #1538, #2554, #1590, #2451, #3250, #4810, #8928, #5724, #8072, #4007, #2399, #8876, #943, #5772, #5831, #5020, #6571, #3357, #9836, #7431, #10540, #9730, #10588, #92, #7484, #4220, #4056, #6623, #9889, #8977, #142 ),
 ( #3303, #9089, #4862, #3409, #1750, #6679, #3195, #6468, #8122, #780, #9029, #2346, #7319, #5618, #6521, #1642, #4910, #8174, #7377, #1697, #36, #4968, #8339, #9143, #5074, #196, #1805, #3465, #5885, #1003, #9946 ),
 ( #4275, #7542, #2610, #10445, #531, #2948, #3859, #3911, #6217, #3759, #7024, #682, #7818, #8834, #479, #2088, #4611, #1444, #4764, #7870, #8782, #3811, #1391, #5362, #3155, #9480, #9430, #10335, #6270, #7923, #2141 ),
 ( #5410, #6325, #8623, #7119, #3102, #4715, #9531, #2995, #2192, #2306, #5469, #6377, #5577, #8029, #9591, #8728, #7973, #7070, #4665, #582, #10386, #3046, #2250, #8673, #5525, #7226, #1337, #630, #7175, #9645, #3963 ),
 ( #1287, #10289, #1492, #10498, #4561, #7589, #8337, #8228, #5770, #9834, #9780, #90, #6621, #8284, #2500, #7429, #4325, #4273, #3462, #9141, #5017, #2449, #248, #5072, #941, #9887, #4966, #5828, #1000, #2608, #887 ),
 ( #6677, #9943, #5882, #1748, #6569, #2552, #4165, #9027, #7375, #9087, #4218, #3354, #7481, #140, #7540, #194, #5722, #4112, #3407, #1803, #6735, #10001, #2664, #5936, #8975, #1640, #5128, #9194, #1859, #8394, #1057 ),
 ( #3517, #4908, #8172, #833, #33, #3300, #1694, #6949, #1107, #10108, #3628, #9405, #6846, #8497, #7744, #2067, #2774, #5388, #3730, #1314, #4380, #9247, #5181, #5991, #10208, #8601, #1965, #4534, #1914, #5229, #7796 ),
 ( #405, #3680, #1158, #6043, #9454, #5335, #1266, #6143, #7695, #8446, #2718, #4431, #457, #10159, #2872, #7640, #295, #6996, #352, #3570, #1213, #10263, #9303, #6897, #2828, #8651, #6092, #6194, #9352, #10051, #2017 ),
 ( #5282, #8552, #4486, #2924, #2119, #4588, #7844, #507, #6788, #8001, #8701, #1368, #4796, #5499, #7895, #8810, #8862, #558, #4638, #3837, #5657, #2169, #3182, #5440, #7047, #9564, #6403, #9717, #2226, #3130, #8754 ),
 ( #5553, #8108, #4740, #7095, #1522, #4691, #608, #10469, #7949, #10363, #658, #10313, #1470, #8059, #9669, #3887, #7148, #10420, #7255, #3081, #713, #10523, #2383, #3942, #6352, #2332, #1417, #9618, #2279, #7203, #5604 ),
 ( #3991, #1576, #6298, #6454, #8915, #4847, #3785, #2972, #6245, #9509, #3022, #5868, #4042, #4952, #9183, #9931, #9821, #7362, #9129, #183, #4099, #23, #5925, #8272, #9872, #6665, #2594, #2539, #6720, #5815, #9770 ),
 ( #2490, #1792, #5060, #876, #1847, #10574, #986, #3289, #8216, #1679, #3233, #6559, #4154, #6506, #2437, #818, #7468, #7419, #930, #1627, #5757, #4207, #9015, #79, #5709, #1736, #5002, #3340, #6609, #3450, #3392 ),
 ( #9072, #8964, #7304, #129, #8325, #4259, #7525, #4897, #5112, #9989, #766, #2650, #8160, #6882, #1095, #6027, #2912, #2860, #2055, #7732, #3616, #1042, #6183, #3667, #10146, #8484, #3558, #4418, #10196, #1203, #6829 ),
 ( #391, #9288, #1145, #1953, #7679, #9340, #5215, #4365, #340, #9442, #283, #6935, #2003, #2814, #3718, #6079, #5269, #6985, #6776, #6131, #4312, #8535, #2104, #9392, #10098, #7627, #5325, #7784, #2760, #4473, #8381 ),
 ( #8588, #1252, #5978, #5165, #4523, #444, #7575, #10248, #234, #3504, #10039, #2706, #9235, #1901, #8432, #4625, #2210, #6285, #7832, #8687, #5485, #492, #3774, #5425, #1457, #8742, #5539, #6232, #7885, #8794, #1353 ),
 ( #696, #4727, #9494, #9548, #3874, #7085, #1404, #8045, #4679, #7243, #2155, #545, #1301, #7938, #2961, #595, #3008, #8637, #7987, #10300, #2317, #10349, #642, #4575, #8848, #9657, #10510, #7132, #10403, #9705, #3064 ),
 ( #3976, #6341, #7037, #9604, #2263, #3826, #3927, #3169, #7190, #10457, #3115, #6391, #5591, #1505, #4779, #6440, #5377, #6594, #7291, #10561, #3380, #4082, #6494, #7404, #7457, #9758, #3218, #2421, #4245, #753, #1778 ) ),
 .UNSPECIFIED., .F., .F., .F.,
 ( 4, 2, 2, 2, 2, 2, 2, 2, 4 ),
 ( 4, 2, 2, 1, 2, 2, 2, 1, 1, 2, 1, 2, 2, 1, 2, 2, 2, 4 ),
 ( 0.000000000000000000, 0.2499999999999998890, 0.3124999999999998890, 0.3749999999999998890, 0.4999999999999999445, 0.6249999999999996669, 0.7499999999999994449, 0.8749999999999997780, 1.000000000000000000 ),
 ( 0.000000000000000000, 0.3269756734140970567, 0.4863169319165734361, 0.4930833796742934982, 0.5761372328043916635, 0.6355567764647863660, 0.6484225758887646185, 0.6591910859344899398, 0.6617144243397352632, 0.6845438811373535382, 0.7452239493230454759, 0.7461268744163578326, 0.7535220897609197221, 0.7561223872790328038, 0.7751388194796915432, 0.7843318285408047430, 0.8095951558122683744, 1.000000000000000000 ),
 .UNSPECIFIED. ) ;
#7445 = CARTESIAN_POINT ( 'NONE',  ( 6.922206080825058727, -17.79488429335920330, 29.27901543136450968 ) ) ;
#7446 = ADVANCED_FACE ( 'NONE', ( #4825 ), #3212, .F. ) ;
#7447 = CARTESIAN_POINT ( 'NONE',  ( 10.29777649649660987, -15.24040790171518545, 28.20000000000000284 ) ) ;
#7448 = ORIENTED_EDGE ( 'NONE', *, *, #703, .T. ) ;
#7449 = AXIS2_PLACEMENT_3D ( 'NONE', #1742, #5009, #7424 ) ;
#7450 = AXIS2_PLACEMENT_3D ( 'NONE', #6747, #2620, #10121 ) ;
#7451 = DIRECTION ( 'NONE',  ( -1.016439536705166560E-14, 1.000000000000000000, 0.000000000000000000 ) ) ;
#7452 = DIRECTION ( 'NONE',  ( 1.000000000000000000, 0.000000000000000000, 0.000000000000000000 ) ) ;
#7453 = CARTESIAN_POINT ( 'NONE',  ( 9.794570841304992115, 55.26510000294468483, 31.50000000000000000 ) ) ;
#7454 = CARTESIAN_POINT ( 'NONE',  ( 19.26326228768959226, 3.104896983576437286, 28.67584197086448938 ) ) ;
#7455 = CARTESIAN_POINT ( 'NONE',  ( -12.22826243805937274, 17.76486062276836719, 31.79166666666666430 ) ) ;
#7456 = ORIENTED_EDGE ( 'NONE', *, *, #1947, .T. ) ;
#7457 = CARTESIAN_POINT ( 'NONE',  ( -12.11934741698176587, 15.37110486376468543, 28.49996611647303979 ) ) ;
#7458 = ORIENTED_EDGE ( 'NONE', *, *, #10339, .F. ) ;
#7459 = ORIENTED_EDGE ( 'NONE', *, *, #8496, .T. ) ;
#7460 = CARTESIAN_POINT ( 'NONE',  ( -9.527313265356593064, -15.24880966143940597, 31.97592877889152163 ) ) ;
#7461 = CARTESIAN_POINT ( 'NONE',  ( -16.89860139494699709, 9.675596260870763743, 38.50000000000000000 ) ) ;
#7462 = CARTESIAN_POINT ( 'NONE',  ( 17.92979553571522189, -1.022739031535948806, 32.00000000000000000 ) ) ;
#7463 = ORIENTED_EDGE ( 'NONE', *, *, #9486, .F. ) ;
#7464 = CARTESIAN_POINT ( 'NONE',  ( 28.04317646663027830, -8.220262078762866409, 12.90591050013682839 ) ) ;
#7465 = ADVANCED_FACE ( 'NONE', ( #2781, #3581, #7803, #3524, #9202 ), #10167, .T. ) ;
#7466 = CARTESIAN_POINT ( 'NONE',  ( -12.37233781376640351, 15.08985178890664436, 28.65825201690173429 ) ) ;
#7467 = ORIENTED_EDGE ( 'NONE', *, *, #6406, .F. ) ;
#7468 = CARTESIAN_POINT ( 'NONE',  ( -12.32241468064807854, 15.08357953205675628, 28.64340201281899922 ) ) ;
#7469 = CARTESIAN_POINT ( 'NONE',  ( -7.010974931889797368, -18.28752707081022422, 28.57661840359703120 ) ) ;
#7470 = EDGE_CURVE ( 'NONE', #5503, #6549, #490, .T. ) ;
#7471 = EDGE_LOOP ( 'NONE', ( #8962, #8909 ) ) ;
#7472 = ORIENTED_EDGE ( 'NONE', *, *, #4980, .T. ) ;
#7473 = DIRECTION ( 'NONE',  ( 0.8660254037844382635, 0.5000000000000008882, -0.000000000000000000 ) ) ;
#7474 = EDGE_CURVE ( 'NONE', #8688, #68, #742, .T. ) ;
#7475 = FACE_OUTER_BOUND ( 'NONE', #1763, .T. ) ;
#7476 = DIRECTION ( 'NONE',  ( -1.000000000000000000, 0.000000000000000000, 0.000000000000000000 ) ) ;
#7477 = CARTESIAN_POINT ( 'NONE',  ( 19.12478456260954118, 3.178776878390844995, 28.90391048942164076 ) ) ;
#7478 = CARTESIAN_POINT ( 'NONE',  ( -7.264000901251815634, -18.20183841334161556, 28.49625970782018314 ) ) ;
#7479 = DIRECTION ( 'NONE',  ( 0.5000000000000007772, -0.8660254037844381525, 0.000000000000000000 ) ) ;
#7480 = ORIENTED_EDGE ( 'NONE', *, *, #5504, .F. ) ;
#7481 = CARTESIAN_POINT ( 'NONE',  ( -12.35509808194551340, 14.92808902333199406, 29.02185115523082359 ) ) ;
#7482 = ADVANCED_FACE ( 'NONE', ( #360 ), #327, .T. ) ;
#7483 = CARTESIAN_POINT ( 'NONE',  ( -6.773065057933411737, -18.23316133387925220, 29.02182853374354110 ) ) ;
#7484 = CARTESIAN_POINT ( 'NONE',  ( -12.26381741824931382, 15.02499663163551347, 29.33733439671201282 ) ) ;
#7485 = AXIS2_PLACEMENT_3D ( 'NONE', #6063, #5250, #8469 ) ;
#7486 = ORIENTED_EDGE ( 'NONE', *, *, #5279, .T. ) ;
#7487 = CARTESIAN_POINT ( 'NONE',  ( 19.22972686564061107, 2.991475365163505096, 29.39445004174278253 ) ) ;
#7488 = CARTESIAN_POINT ( 'NONE',  ( -7.270624290268025369, -18.24040790171495630, 1.700000000000001510 ) ) ;
#7489 = CARTESIAN_POINT ( 'NONE',  ( -19.37620858448658723, 2.809266880612872885, 28.51588096298052832 ) ) ;
#7490 = LINE ( 'NONE', #203, #4606 ) ;
#7491 = CARTESIAN_POINT ( 'NONE',  ( 19.12418596452232578, 3.112009635804334540, 29.23402551135614402 ) ) ;
#7492 = DIRECTION ( 'NONE',  ( 0.000000000000000000, 0.000000000000000000, 1.000000000000000000 ) ) ;
#7493 = CARTESIAN_POINT ( 'NONE',  ( 12.00975672110860160, 15.57284291529445142, 28.30000000000000071 ) ) ;
#7494 = DIRECTION ( 'NONE',  ( 1.000000000000000000, 0.000000000000000000, 0.000000000000000000 ) ) ;
#7495 = CARTESIAN_POINT ( 'NONE',  ( -6.870701158819023213, -18.05608078350557832, 29.31356504545360053 ) ) ;
#7496 = DIRECTION ( 'NONE',  ( -0.8660254037844394848, -0.4999999999999986122, 0.000000000000000000 ) ) ;
#7497 = DIRECTION ( 'NONE',  ( 0.4999999999999993894, 0.8660254037844390407, 0.000000000000000000 ) ) ;
#7498 = CARTESIAN_POINT ( 'NONE',  ( 10.29777649649675553, -15.04040790171518083, 7.500000000000001776 ) ) ;
#7499 = ORIENTED_EDGE ( 'NONE', *, *, #6780, .T. ) ;
#7500 = CARTESIAN_POINT ( 'NONE',  ( 0.04777649649678211707, -18.24040790171488169, 28.30000000000000071 ) ) ;
#7501 = DIRECTION ( 'NONE',  ( 1.026956297778269800E-14, -1.000000000000000000, -0.000000000000000000 ) ) ;
#7502 = TOROIDAL_SURFACE ( 'NONE', #3219, 1.299999999999999378, 0.2000000000000000111 ) ;
#7503 = DIRECTION ( 'NONE',  ( -1.000000000000000000, 0.000000000000000000, 0.000000000000000000 ) ) ;
#7504 = CARTESIAN_POINT ( 'NONE',  ( 19.19875390278699712, 3.116507078435216904, 28.70015874718219351 ) ) ;
#7505 = CARTESIAN_POINT ( 'NONE',  ( -8.049692158673890319, 16.40235664966128581, 7.499999999999999112 ) ) ;
#7506 = ADVANCED_FACE ( 'NONE', ( #4389 ), #5295, .T. ) ;
#7507 = CARTESIAN_POINT ( 'NONE',  ( -13.65854745135480641, 15.73970267173594273, 29.23314670551836869 ) ) ;
#7508 = ORIENTED_EDGE ( 'NONE', *, *, #9725, .F. ) ;
#7509 = CARTESIAN_POINT ( 'NONE',  ( 12.37490449860466946, 15.08067911854708498, 28.79378215127373863 ) ) ;
#7510 = TOROIDAL_SURFACE ( 'NONE', #8877, 0.4000000000000000222, 0.2000000000000000111 ) ;
#7511 = AXIS2_PLACEMENT_3D ( 'NONE', #7397, #9053, #10450 ) ;
#7512 = VERTEX_POINT ( 'NONE', #1866 ) ;
#7513 = AXIS2_PLACEMENT_3D ( 'NONE', #118, #6653, #1511 ) ;
#7514 = ORIENTED_EDGE ( 'NONE', *, *, #342, .F. ) ;
#7515 = DIRECTION ( 'NONE',  ( 0.4999999999999987788, 0.8660254037844392627, 0.000000000000000000 ) ) ;
#7516 = DIRECTION ( 'NONE',  ( -1.101697372407250679E-15, 1.000000000000000000, 0.000000000000000000 ) ) ;
#7517 = ADVANCED_FACE ( 'NONE', ( #8505 ), #9050, .T. ) ;
#7518 = CARTESIAN_POINT ( 'NONE',  ( 19.02199025086763484, 3.194476334951663166, 28.93995111142240262 ) ) ;
#7519 = CIRCLE ( 'NONE', #6492, 1.100000000000000311 ) ;
#7520 = VERTEX_POINT ( 'NONE', #6905 ) ;
#7521 = DIRECTION ( 'NONE',  ( -0.8660254037844389297, 0.4999999999999996114, -0.000000000000000000 ) ) ;
#7522 = DIRECTION ( 'NONE',  ( -0.8660254037844382635, -0.5000000000000008882, 0.000000000000000000 ) ) ;
#7523 = CIRCLE ( 'NONE', #2904, 1.299999999999999378 ) ;
#7524 = EDGE_LOOP ( 'NONE', ( #1664, #3305, #1212, #4735 ) ) ;
#7525 = CARTESIAN_POINT ( 'NONE',  ( -12.27203823813030326, 15.11680053228438680, 28.58956492107392577 ) ) ;
#7526 = CARTESIAN_POINT ( 'NONE',  ( -6.929169399024204701, -18.28826542701911606, 28.63983438850250351 ) ) ;
#7527 = AXIS2_PLACEMENT_3D ( 'NONE', #345, #6084, #5118 ) ;
#7528 = ORIENTED_EDGE ( 'NONE', *, *, #5355, .F. ) ;
#7529 = ORIENTED_EDGE ( 'NONE', *, *, #497, .T. ) ;
#7530 = EDGE_CURVE ( 'NONE', #4153, #8585, #3699, .T. ) ;
#7531 = ADVANCED_FACE ( 'NONE', ( #8609 ), #8515, .T. ) ;
#7532 = CARTESIAN_POINT ( 'NONE',  ( -12.85661409683928014, 17.67652362474137462, 28.19999999999999929 ) ) ;
#7533 = CARTESIAN_POINT ( 'NONE',  ( -12.11356797664488028, 15.36351725728515838, 1.700000000000001510 ) ) ;
#7534 = ADVANCED_FACE ( 'NONE', ( #1530 ), #2233, .F. ) ;
#7535 = CARTESIAN_POINT ( 'NONE',  ( 19.19238093388614530, 3.190009161057048459, 28.89513481003784889 ) ) ;
#7536 = ADVANCED_FACE ( 'NONE', ( #9628, #566, #3793, #8657, #5448 ), #615, .F. ) ;
#7537 = CARTESIAN_POINT ( 'NONE',  ( -7.191126345410686405, -18.15246091798394446, 28.47979335161160108 ) ) ;
#7538 = CYLINDRICAL_SURFACE ( 'NONE', #6535, 11.49999999999999645 ) ;
#7539 = EDGE_LOOP ( 'NONE', ( #7991, #5077, #5228, #6544 ) ) ;
#7540 = CARTESIAN_POINT ( 'NONE',  ( -12.35872803755197147, 14.93144161739780706, 29.02176405583872310 ) ) ;
#7541 = CARTESIAN_POINT ( 'NONE',  ( -6.778043995651573894, -18.25901916751350740, 29.02121142020957123 ) ) ;
#7542 = CARTESIAN_POINT ( 'NONE',  ( -12.22057581608413734, 14.77699873255080121, 29.08438622925568140 ) ) ;
#7543 = VECTOR ( 'NONE', #3861, 1000.000000000000000 ) ;
#7544 = ORIENTED_EDGE ( 'NONE', *, *, #3396, .F. ) ;
#7545 = CARTESIAN_POINT ( 'NONE',  ( -12.31728655427899888, 15.14328305891574011, 29.39571801506351179 ) ) ;
#7546 = CYLINDRICAL_SURFACE ( 'NONE', #6275, 1.099999999999998979 ) ;
#7547 = CARTESIAN_POINT ( 'NONE',  ( -19.27840104006120470, 2.924953607429442215, 28.56663565950058015 ) ) ;
#7548 = CARTESIAN_POINT ( 'NONE',  ( 9.702343856119663101, -19.89836356878182499, 32.00000000000000000 ) ) ;
#7549 = CARTESIAN_POINT ( 'NONE',  ( 19.18216952362743655, 3.049760595520263351, 29.33720028208098896 ) ) ;
#7550 = AXIS2_PLACEMENT_3D ( 'NONE', #10173, #7761, #10123 ) ;
#7551 = CARTESIAN_POINT ( 'NONE',  ( 7.343012437561155181, -18.24040790171481063, 28.49953455754358345 ) ) ;
#7552 = CARTESIAN_POINT ( 'NONE',  ( 13.65496572009141119, 16.32325733998668937, 28.69906911508716618 ) ) ;
#7553 = CARTESIAN_POINT ( 'NONE',  ( -6.902306418451299663, -18.20773064821745635, 29.33730981173553687 ) ) ;
#7554 = DIRECTION ( 'NONE',  ( 1.000000000000000000, 0.000000000000000000, 0.000000000000000000 ) ) ;
#7555 = CARTESIAN_POINT ( 'NONE',  ( -6.273615755214862588, -18.04040790171494635, 28.30000000000000071 ) ) ;
#7556 = CARTESIAN_POINT ( 'NONE',  ( -66.37105222701396201, -26.48366435127797658, 7.500000000000001776 ) ) ;
#7557 = EDGE_LOOP ( 'NONE', ( #10513, #2887, #4726, #8480, #2229 ) ) ;
#7558 = CARTESIAN_POINT ( 'NONE',  ( -18.12648707791699820, -1.451164127919717828, 7.500000000000001776 ) ) ;
#7559 = CARTESIAN_POINT ( 'NONE',  ( 19.40975672110861439, 2.755666939284762584, 1.700000000000001510 ) ) ;
#7560 = CARTESIAN_POINT ( 'NONE',  ( 19.34078176714803021, 2.955031238549030270, 28.54953946371257700 ) ) ;
#7561 = DIRECTION ( 'NONE',  ( 0.4999999999999995004, 0.8660254037844388186, 0.000000000000000000 ) ) ;
#7562 = FACE_OUTER_BOUND ( 'NONE', #1302, .T. ) ;
#7563 = ORIENTED_EDGE ( 'NONE', *, *, #2422, .T. ) ;
#7564 = DIRECTION ( 'NONE',  ( -0.8660254037844380415, -0.5000000000000008882, 0.000000000000000000 ) ) ;
#7565 = EDGE_CURVE ( 'NONE', #1106, #182, #1524, .T. ) ;
#7566 = EDGE_CURVE ( 'NONE', #9239, #116, #4804, .T. ) ;
#7567 = ORIENTED_EDGE ( 'NONE', *, *, #803, .T. ) ;
#7568 = CARTESIAN_POINT ( 'NONE',  ( 12.01119697378132045, 18.77034832448961410, 7.500000000000001776 ) ) ;
#7569 = CARTESIAN_POINT ( 'NONE',  ( 12.10193237011269396, 15.37315796766104725, 28.50247168883749893 ) ) ;
#7570 = ORIENTED_EDGE ( 'NONE', *, *, #747, .T. ) ;
#7571 = CARTESIAN_POINT ( 'NONE',  ( -66.92105222701388811, -25.53103640711522004, 28.20000000000000284 ) ) ;
#7572 = AXIS2_PLACEMENT_3D ( 'NONE', #8576, #10182, #6971 ) ;
#7573 = CARTESIAN_POINT ( 'NONE',  ( 8.677480116372958463, 15.34451529956970361, 28.20000000000000284 ) ) ;
#7574 = ORIENTED_EDGE ( 'NONE', *, *, #5750, .T. ) ;
#7575 = CARTESIAN_POINT ( 'NONE',  ( -12.15098058551727966, 15.23099992859396323, 28.51086745970724223 ) ) ;
#7576 = CARTESIAN_POINT ( 'NONE',  ( -6.934180715092714387, -18.29550489522968704, 28.63639683538298186 ) ) ;
#7577 = ORIENTED_EDGE ( 'NONE', *, *, #4315, .F. ) ;
#7578 = ADVANCED_FACE ( 'NONE', ( #10271 ), #7053, .F. ) ;
#7579 = ORIENTED_EDGE ( 'NONE', *, *, #5801, .F. ) ;
#7580 = VECTOR ( 'NONE', #6529, 1000.000000000000114 ) ;
#7581 = CARTESIAN_POINT ( 'NONE',  ( 18.35842450629319345, -20.04040790171517017, 15.97060556894868633 ) ) ;
#7582 = CARTESIAN_POINT ( 'NONE',  ( 13.66860244792058943, 16.29963783453756321, 1.700000000000000178 ) ) ;
#7583 = DIRECTION ( 'NONE',  ( -0.5000000000000008882, 0.8660254037844381525, 0.000000000000000000 ) ) ;
#7584 = CARTESIAN_POINT ( 'NONE',  ( 19.18865161327888558, 3.195800619698260014, 28.94531325076175676 ) ) ;
#7585 = TOROIDAL_SURFACE ( 'NONE', #6218, 11.99999999999999822, 0.5000000000000000000 ) ;
#7586 = CYLINDRICAL_SURFACE ( 'NONE', #3365, 5.000000000000006217 ) ;
#7587 = CARTESIAN_POINT ( 'NONE',  ( -11.30222350350320148, -19.84040790171520641, 7.499999999999999112 ) ) ;
#7588 = VERTEX_POINT ( 'NONE', #1426 ) ;
#7589 = CARTESIAN_POINT ( 'NONE',  ( -12.31409224149681059, 14.88917371444038018, 29.04530972837447678 ) ) ;
#7590 = EDGE_CURVE ( 'NONE', #1300, #4681, #7519, .T. ) ;
#7591 = CARTESIAN_POINT ( 'NONE',  ( -6.773688899269095565, -18.24571132334207135, 28.94712732550065581 ) ) ;
#7592 = AXIS2_PLACEMENT_3D ( 'NONE', #5036, #9103, #1764 ) ;
#7593 = ORIENTED_EDGE ( 'NONE', *, *, #5672, .T. ) ;
#7594 = EDGE_CURVE ( 'NONE', #1268, #4821, #7103, .T. ) ;
#7595 = CARTESIAN_POINT ( 'NONE',  ( -6.758127610327770540, -18.19065378867996330, 28.77723580915904478 ) ) ;
#7596 = DIRECTION ( 'NONE',  ( -0.8660254037844381525, -0.5000000000000009992, 0.000000000000000000 ) ) ;
#7597 = CARTESIAN_POINT ( 'NONE',  ( -19.19245046129476506, 3.021299102946285231, 28.62217470251765405 ) ) ;
#7598 = CARTESIAN_POINT ( 'NONE',  ( 0.000000000000000000, 30.00000000000000000, 0.1999999999999996503 ) ) ;
#7599 = CARTESIAN_POINT ( 'NONE',  ( 18.81340747546159875, 3.040019797729733853, 29.20665703117110112 ) ) ;
#7600 = CARTESIAN_POINT ( 'NONE',  ( -6.944506166266915415, -18.04749999509673231, 29.36993923061176659 ) ) ;
#7601 = CARTESIAN_POINT ( 'NONE',  ( 13.47153309346263939, 16.24097196907353435, 28.99837095140254206 ) ) ;
#7602 = EDGE_CURVE ( 'NONE', #2905, #7781, #5305, .T. ) ;
#7603 = CARTESIAN_POINT ( 'NONE',  ( -6.965418459998183209, -18.12080801599703150, 29.38599438256277097 ) ) ;
#7604 = DIRECTION ( 'NONE',  ( -1.015854067532018234E-14, 1.000000000000000000, -0.000000000000000000 ) ) ;
#7605 = EDGE_LOOP ( 'NONE', ( #5910, #7456 ) ) ;
#7606 = FACE_OUTER_BOUND ( 'NONE', #9017, .T. ) ;
#7607 = CARTESIAN_POINT ( 'NONE',  ( -25.45788823199284323, -20.31868182166525472, 9.736953239954157624 ) ) ;
#7608 = ORIENTED_EDGE ( 'NONE', *, *, #1496, .T. ) ;
#7609 = DIRECTION ( 'NONE',  ( -0.8660254037844414832, 0.4999999999999951705, 0.000000000000000000 ) ) ;
#7610 = DIRECTION ( 'NONE',  ( 1.000000000000000000, 0.000000000000000000, 0.000000000000000000 ) ) ;
#7611 = DIRECTION ( 'NONE',  ( 0.5000000000000012212, -0.8660254037844379305, 0.000000000000000000 ) ) ;
#7612 = EDGE_CURVE ( 'NONE', #3452, #7894, #160, .T. ) ;
#7613 = CARTESIAN_POINT ( 'NONE',  ( 19.34348504554405679, 2.955365647189341249, 28.54902542740325799 ) ) ;
#7614 = DIRECTION ( 'NONE',  ( -1.026956297778269800E-14, 1.000000000000000000, -0.000000000000000000 ) ) ;
#7615 = CARTESIAN_POINT ( 'NONE',  ( -12.22826243805937274, 17.76486062276836719, 31.79166666666666430 ) ) ;
#7616 = ORIENTED_EDGE ( 'NONE', *, *, #518, .F. ) ;
#7617 = CARTESIAN_POINT ( 'NONE',  ( 7.205419334449444158, -18.27908408540935170, 28.52756662170710911 ) ) ;
#7618 = AXIS2_PLACEMENT_3D ( 'NONE', #5640, #9056, #9753 ) ;
#7619 = VERTEX_POINT ( 'NONE', #5823 ) ;
#7620 = CARTESIAN_POINT ( 'NONE',  ( 12.21599012151848740, 15.12640072404656699, 28.55311225895595584 ) ) ;
#7621 = DIRECTION ( 'NONE',  ( 0.8660254037844381525, 0.5000000000000008882, -0.000000000000000000 ) ) ;
#7622 = CARTESIAN_POINT ( 'NONE',  ( 12.10229319185738106, 15.43646150477988677, 28.49924516019568443 ) ) ;
#7623 = ORIENTED_EDGE ( 'NONE', *, *, #4792, .F. ) ;
#7624 = AXIS2_PLACEMENT_3D ( 'NONE', #2040, #3702, #5310 ) ;
#7625 = CARTESIAN_POINT ( 'NONE',  ( 17.45427503561601412, -0.2573394281716202547, 7.499999999999999112 ) ) ;
#7626 = VERTEX_POINT ( 'NONE', #5718 ) ;
#7627 = CARTESIAN_POINT ( 'NONE',  ( -12.25337629301088249, 15.20627494874256769, 28.54902542740326510 ) ) ;
#7628 = ORIENTED_EDGE ( 'NONE', *, *, #6684, .F. ) ;
#7629 = CARTESIAN_POINT ( 'NONE',  ( -7.064544298337438022, -18.28286430107696248, 28.54902542740328286 ) ) ;
#7630 = ORIENTED_EDGE ( 'NONE', *, *, #7927, .F. ) ;
#7631 = ORIENTED_EDGE ( 'NONE', *, *, #2875, .F. ) ;
#7632 = CARTESIAN_POINT ( 'NONE',  ( 0.000000000000000000, 30.00000000000000000, 0.1999999999999996503 ) ) ;
#7633 = CARTESIAN_POINT ( 'NONE',  ( -19.26491323779541176, 3.116695182366956640, 28.81694562764969447 ) ) ;
#7634 = DIRECTION ( 'NONE',  ( -1.000000000000000000, -1.101697372407250679E-15, 0.000000000000000000 ) ) ;
#7635 = CARTESIAN_POINT ( 'NONE',  ( 19.16796736354339359, 3.183944451724938673, 28.89814397474025753 ) ) ;
#7636 = FACE_OUTER_BOUND ( 'NONE', #3748, .T. ) ;
#7637 = ADVANCED_FACE ( 'NONE', ( #4161 ), #4106, .F. ) ;
#7638 = CARTESIAN_POINT ( 'NONE',  ( 56.99033417765470233, -13.31346813379172112, 0.000000000000000000 ) ) ;
#7639 = EDGE_LOOP ( 'NONE', ( #6995, #4472, #4086 ) ) ;
#7640 = CARTESIAN_POINT ( 'NONE',  ( -12.37340003723119075, 14.95057205873350625, 28.89633730326110950 ) ) ;
#7641 = CARTESIAN_POINT ( 'NONE',  ( -6.785784998665981504, -18.26932605869930981, 28.89513481003776718 ) ) ;
#7642 = VERTEX_POINT ( 'NONE', #4049 ) ;
#7643 = FACE_OUTER_BOUND ( 'NONE', #9453, .T. ) ;
#7644 = ORIENTED_EDGE ( 'NONE', *, *, #5218, .F. ) ;
#7645 = DIRECTION ( 'NONE',  ( -1.000000000000000000, -1.101697372407250679E-15, 0.000000000000000000 ) ) ;
#7646 = CARTESIAN_POINT ( 'NONE',  ( -19.20146946222144635, 3.015775969740529305, 28.62489153006523424 ) ) ;
#7647 = CARTESIAN_POINT ( 'NONE',  ( 13.87969844625101423, 15.93483473755721036, 28.79044496189066393 ) ) ;
#7648 = CARTESIAN_POINT ( 'NONE',  ( 19.12887388302548075, 3.027955703188605963, 29.33136663874322636 ) ) ;
#7649 = EDGE_CURVE ( 'NONE', #9307, #10038, #6616, .T. ) ;
#7650 = CARTESIAN_POINT ( 'NONE',  ( 17.72748011637278864, -0.3305445089283945426, 28.19999999999999929 ) ) ;
#7651 = AXIS2_PLACEMENT_3D ( 'NONE', #8761, #2287, #3841 ) ;
#7652 = DIRECTION ( 'NONE',  ( 0.5000000000000008882, -0.8660254037844380415, 0.000000000000000000 ) ) ;
#7653 = CARTESIAN_POINT ( 'NONE',  ( -6.896608143090197984, -18.27774654645636687, 29.33287930512287645 ) ) ;
#7654 = CARTESIAN_POINT ( 'NONE',  ( 6.506433299657666147, -18.04040790171482911, 28.32430540817895448 ) ) ;
#7655 = LINE ( 'NONE', #314, #1769 ) ;
#7656 = ORIENTED_EDGE ( 'NONE', *, *, #7594, .F. ) ;
#7657 = CIRCLE ( 'NONE', #7485, 1.099999999999998757 ) ;
#7658 = B_SPLINE_CURVE_WITH_KNOTS ( 'NONE', 3,
 ( #1513, #8908, #3332, #2374, #3985, #759, #3281, #3224 ),
 .UNSPECIFIED., .F., .F.,
 ( 4, 2, 2, 4 ),
 ( 0.000000000000000000, 0.2500000000000234257, 0.5000000000000468514, 1.000000000000000000 ),
 .UNSPECIFIED. ) ;
#7660 = EDGE_CURVE ( 'NONE', #341, #1725, #10597, .T. ) ;
#7659 = CARTESIAN_POINT ( 'NONE',  ( -39.97329120819144777, -42.75833186246224926, 7.000000000000000000 ) ) ;
#7661 = CARTESIAN_POINT ( 'NONE',  ( 5.107028647302719548, -83.17798937697743611, 3.500000000000000000 ) ) ;
#7662 = DIRECTION ( 'NONE',  ( -1.000000000000000000, 0.000000000000000000, 0.000000000000000000 ) ) ;
#7663 = CARTESIAN_POINT ( 'NONE',  ( 19.22226572641710973, 2.933308179055147402, 28.50498498197080721 ) ) ;
#7664 = CARTESIAN_POINT ( 'NONE',  ( -12.38121159533216797, 18.32210872145142133, 32.00000000000000000 ) ) ;
#7665 = EDGE_CURVE ( 'NONE', #8536, #1674, #1359, .T. ) ;
#7666 = DIRECTION ( 'NONE',  ( -0.000000000000000000, -0.000000000000000000, -1.000000000000000000 ) ) ;
#7667 = CARTESIAN_POINT ( 'NONE',  ( 7.303648090737865139, -18.29438486064537983, 28.50305900904647771 ) ) ;
#7668 = AXIS2_PLACEMENT_3D ( 'NONE', #9686, #2507, #1596 ) ;
#7669 = EDGE_CURVE ( 'NONE', #6849, #9178, #2902, .T. ) ;
#7670 = EDGE_LOOP ( 'NONE', ( #395, #8857, #6382, #10198, #2589, #3516 ) ) ;
#7671 = DIRECTION ( 'NONE',  ( -1.000000000000000000, 0.000000000000000000, 0.000000000000000000 ) ) ;
#7672 = DIRECTION ( 'NONE',  ( -0.8660254037844380415, -0.5000000000000008882, 0.000000000000000000 ) ) ;
#7673 = AXIS2_PLACEMENT_3D ( 'NONE', #7947, #6243, #6947 ) ;
#7674 = CARTESIAN_POINT ( 'NONE',  ( -19.41356797664481348, 2.719546362032309261, 28.30000000000000071 ) ) ;
#7675 = ORIENTED_EDGE ( 'NONE', *, *, #653, .T. ) ;
#7676 = FACE_OUTER_BOUND ( 'NONE', #2638, .T. ) ;
#7677 = AXIS2_PLACEMENT_3D ( 'NONE', #2323, #8263, #5596 ) ;
#7678 = ORIENTED_EDGE ( 'NONE', *, *, #5379, .F. ) ;
#7679 = CARTESIAN_POINT ( 'NONE',  ( -12.23268535862447415, 15.13450417009515014, 28.56015679831218890 ) ) ;
#7680 = ORIENTED_EDGE ( 'NONE', *, *, #2188, .T. ) ;
#7681 = CIRCLE ( 'NONE', #7511, 0.2000000000000005107 ) ;
#7682 = TOROIDAL_SURFACE ( 'NONE', #1691, 11.99999999999999822, 0.5000000000000000000 ) ;
#7683 = ORIENTED_EDGE ( 'NONE', *, *, #4464, .F. ) ;
#7684 = EDGE_LOOP ( 'NONE', ( #5582, #484, #6896, #576 ) ) ;
#7685 = AXIS2_PLACEMENT_3D ( 'NONE', #589, #7779, #1347 ) ;
#7686 = CARTESIAN_POINT ( 'NONE',  ( -20.73939949211492006, 3.983532971394684097, 28.83919285551124645 ) ) ;
#7687 = DIRECTION ( 'NONE',  ( 1.000000000000000000, 0.000000000000000000, 0.000000000000000000 ) ) ;
#7688 = DIRECTION ( 'NONE',  ( -1.000000000000000000, -1.734723475976810250E-14, 0.000000000000000000 ) ) ;
#7689 = CIRCLE ( 'NONE', #6323, 0.2000000000000005107 ) ;
#7690 = CARTESIAN_POINT ( 'NONE',  ( 19.24233655054937486, 3.175345910299979924, 28.79535185817420384 ) ) ;
#7691 = AXIS2_PLACEMENT_3D ( 'NONE', #9862, #5804, #8853 ) ;
#7692 = DIRECTION ( 'NONE',  ( -0.8660254037844291597, 0.5000000000000162093, 0.000000000000000000 ) ) ;
#7693 = CARTESIAN_POINT ( 'NONE',  ( -61.24605222701394780, -35.36042474006845993, 38.50000000000000000 ) ) ;
#7694 = ORIENTED_EDGE ( 'NONE', *, *, #5501, .F. ) ;
#7695 = CARTESIAN_POINT ( 'NONE',  ( -12.36049752745062591, 14.93638818232239096, 28.89877349666168627 ) ) ;
#7696 = CARTESIAN_POINT ( 'NONE',  ( -6.807323227081554684, -18.25682923454208861, 28.80653270698292090 ) ) ;
#7697 = AXIS2_PLACEMENT_3D ( 'NONE', #6838, #10154, #2658 ) ;
#7698 = VERTEX_POINT ( 'NONE', #1635 ) ;
#7699 = DIRECTION ( 'NONE',  ( -0.000000000000000000, -0.000000000000000000, -1.000000000000000000 ) ) ;
#7700 = ORIENTED_EDGE ( 'NONE', *, *, #8773, .T. ) ;
#7701 = EDGE_CURVE ( 'NONE', #9471, #1787, #5643, .T. ) ;
#7702 = DIRECTION ( 'NONE',  ( -0.8660254037844380415, -0.5000000000000008882, 0.000000000000000000 ) ) ;
#7703 = CARTESIAN_POINT ( 'NONE',  ( -19.27351515182124331, 3.069176397386109034, 28.71352172009458315 ) ) ;
#7704 = DIRECTION ( 'NONE',  ( 0.000000000000000000, 0.000000000000000000, 1.000000000000000000 ) ) ;
#7705 = CARTESIAN_POINT ( 'NONE',  ( 19.06507886647549554, 3.011841297222761504, 29.31786264863563929 ) ) ;
#7706 = CARTESIAN_POINT ( 'NONE',  ( 15.57735124696931805, 8.993587935699105529, 0.000000000000000000 ) ) ;
#7707 = CARTESIAN_POINT ( 'NONE',  ( -17.31198659095687375, -10.04040790171521103, 32.00000000000000000 ) ) ;
#7708 = CARTESIAN_POINT ( 'NONE',  ( -6.796679961969065431, -18.28467923908724657, 29.12158795116021537 ) ) ;
#7709 = DIRECTION ( 'NONE',  ( -0.4999999999999976130, 0.8660254037844400399, 0.000000000000000000 ) ) ;
#7710 = ORIENTED_EDGE ( 'NONE', *, *, #10280, .T. ) ;
#7711 = CARTESIAN_POINT ( 'NONE',  ( 20.55783677239524465, 3.948700289214094106, 28.82123573477627687 ) ) ;
#7712 = EDGE_CURVE ( 'NONE', #2989, #3784, #9915, .T. ) ;
#7713 = ORIENTED_EDGE ( 'NONE', *, *, #855, .F. ) ;
#7714 = CARTESIAN_POINT ( 'NONE',  ( -19.23448241293104033, 2.735793921832635700, 28.44193585643863997 ) ) ;
#7715 = DIRECTION ( 'NONE',  ( -0.8660254037844401509, -0.4999999999999976685, 2.168404344970997824E-15 ) ) ;
#7716 = FACE_OUTER_BOUND ( 'NONE', #8098, .T. ) ;
#7717 = CARTESIAN_POINT ( 'NONE',  ( 19.32865267083782967, 3.003204882472540138, 28.57420530526131941 ) ) ;
#7718 = DIRECTION ( 'NONE',  ( 0.000000000000000000, 0.000000000000000000, 1.000000000000000000 ) ) ;
#7719 = DIRECTION ( 'NONE',  ( -0.4999999999999967804, 0.8660254037844407060, 4.336808689941987759E-15 ) ) ;
#7720 = AXIS2_PLACEMENT_3D ( 'NONE', #8567, #10225, #6750 ) ;
#7721 = CARTESIAN_POINT ( 'NONE',  ( 6.994103402428923921, -17.93855445507429991, 29.33484040554764150 ) ) ;
#7722 = EDGE_CURVE ( 'NONE', #2861, #7321, #6247, .T. ) ;
#7723 = ADVANCED_FACE ( 'NONE', ( #29 ), #3296, .F. ) ;
#7724 = ADVANCED_FACE ( 'NONE', ( #9776 ), #5010, .F. ) ;
#7725 = ORIENTED_EDGE ( 'NONE', *, *, #9343, .F. ) ;
#7726 = LINE ( 'NONE', #2698, #8019 ) ;
#7727 = CARTESIAN_POINT ( 'NONE',  ( 12.06375875737717429, 15.02278257151819219, 29.35919704513157669 ) ) ;
#7728 = CARTESIAN_POINT ( 'NONE',  ( -12.58340901608238838, 17.74972870549825643, 28.19999999999999929 ) ) ;
#7729 = ORIENTED_EDGE ( 'NONE', *, *, #8514, .T. ) ;
#7730 = DIRECTION ( 'NONE',  ( 0.5000000000000008882, -0.8660254037844381525, 0.000000000000000000 ) ) ;
#7731 = ORIENTED_EDGE ( 'NONE', *, *, #2489, .T. ) ;
#7732 = CARTESIAN_POINT ( 'NONE',  ( -12.28326232971269860, 15.15979373111262163, 28.57740905904213591 ) ) ;
#7733 = CIRCLE ( 'NONE', #4489, 0.1999999999999987899 ) ;
#7734 = ORIENTED_EDGE ( 'NONE', *, *, #1434, .T. ) ;
#7735 = VERTEX_POINT ( 'NONE', #882 ) ;
#7736 = EDGE_LOOP ( 'NONE', ( #6864, #2864, #6953, #9719, #10406 ) ) ;
#7737 = CARTESIAN_POINT ( 'NONE',  ( -8.584938923639290564, 15.77518261715986370, 31.90173821473732474 ) ) ;
#7738 = VECTOR ( 'NONE', #8153, 1000.000000000000000 ) ;
#7739 = DIRECTION ( 'NONE',  ( -1.000000000000000000, -1.734723475976810250E-14, 0.000000000000000000 ) ) ;
#7740 = CARTESIAN_POINT ( 'NONE',  ( 19.21407739459277764, 3.167981524988347175, 28.80111115727597948 ) ) ;
#7741 = CARTESIAN_POINT ( 'NONE',  ( -18.12648707791692715, -1.451164127919591262, 28.20000000000000284 ) ) ;
#7742 = CARTESIAN_POINT ( 'NONE',  ( -8.101391827406565938, 15.97103625952987827, 32.00000000000000000 ) ) ;
#7743 = VERTEX_POINT ( 'NONE', #3189 ) ;
#7744 = CARTESIAN_POINT ( 'NONE',  ( -12.36965317253085139, 14.93879134817263399, 28.94678776237392270 ) ) ;
#7745 = CARTESIAN_POINT ( 'NONE',  ( -6.819017507434299574, -18.28743735782274626, 28.79870817635570646 ) ) ;
#7746 = AXIS2_PLACEMENT_3D ( 'NONE', #530, #1547, #3153 ) ;
#7747 = ORIENTED_EDGE ( 'NONE', *, *, #9891, .T. ) ;
#7748 = DIRECTION ( 'NONE',  ( -0.5000000000000005551, 0.8660254037844384856, 0.000000000000000000 ) ) ;
#7749 = EDGE_LOOP ( 'NONE', ( #5685, #3172, #7951, #460 ) ) ;
#7750 = CYLINDRICAL_SURFACE ( 'NONE', #2687, 1.099999999999998535 ) ;
#7751 = VECTOR ( 'NONE', #10377, 1000.000000000000000 ) ;
#7752 = CARTESIAN_POINT ( 'NONE',  ( -19.15211678380599380, 3.086915788091318280, 28.72002014351270205 ) ) ;
#7753 = CARTESIAN_POINT ( 'NONE',  ( 13.59121082004470438, 15.76262467783066334, 29.16904674026384470 ) ) ;
#7754 = CARTESIAN_POINT ( 'NONE',  ( 19.18073753974001505, 3.132859031398685712, 29.24058553974050767 ) ) ;
#7755 = CIRCLE ( 'NONE', #373, 0.1999999999999996503 ) ;
#7756 = DIRECTION ( 'NONE',  ( 0.000000000000000000, 0.000000000000000000, 1.000000000000000000 ) ) ;
#7757 = EDGE_CURVE ( 'NONE', #4277, #5502, #6848, .T. ) ;
#7758 = CARTESIAN_POINT ( 'NONE',  ( 18.92748011637290517, -2.409005478011159607, 7.499999999999999112 ) ) ;
#7759 = CIRCLE ( 'NONE', #9985, 0.1999999999999996503 ) ;
#7760 = CARTESIAN_POINT ( 'NONE',  ( -6.834026911711713836, -18.27161447448190756, 29.24354352653971389 ) ) ;
#7761 = DIRECTION ( 'NONE',  ( -0.8660254037844413721, 0.4999999999999951705, -0.000000000000000000 ) ) ;
#7762 = ORIENTED_EDGE ( 'NONE', *, *, #7669, .T. ) ;
#7763 = CARTESIAN_POINT ( 'NONE',  ( 12.07598911176079248, 15.21272216989742532, 28.45793782530210692 ) ) ;
#7764 = ORIENTED_EDGE ( 'NONE', *, *, #9173, .F. ) ;
#7765 = CARTESIAN_POINT ( 'NONE',  ( -19.39868202278787734, 2.681143021640298052, 28.49668716920876577 ) ) ;
#7766 = CARTESIAN_POINT ( 'NONE',  ( 21.65915657934286287, -7.540407901715163064, 32.00000000000000000 ) ) ;
#7767 = CARTESIAN_POINT ( 'NONE',  ( 11.39777649649675517, -15.24040790171518367, 7.500000000000001776 ) ) ;
#7768 = CARTESIAN_POINT ( 'NONE',  ( 19.33921880523534043, 2.954858289824382478, 28.54983368754996320 ) ) ;
#7769 = CARTESIAN_POINT ( 'NONE',  ( 18.73804737282513955, 3.519101658430714430, 28.30000000000000071 ) ) ;
#7770 = B_SPLINE_CURVE_WITH_KNOTS ( 'NONE', 3,
 ( #1022, #9322, #3597, #8519 ),
 .UNSPECIFIED., .F., .F.,
 ( 4, 4 ),
 ( 0.000000000000000000, 1.000000000000000000 ),
 .UNSPECIFIED. ) ;
#7771 = AXIS2_PLACEMENT_3D ( 'NONE', #1217, #4490, #7748 ) ;
#7772 = CARTESIAN_POINT ( 'NONE',  ( -7.250364055851522771, -18.17220307738780960, 28.49151031559278024 ) ) ;
#7773 = CARTESIAN_POINT ( 'NONE',  ( 18.27748011637280001, -1.283172453091278920, 28.19999999999999929 ) ) ;
#7774 = ADVANCED_FACE ( 'NONE', ( #6461 ), #9738, .T. ) ;
#7775 = CARTESIAN_POINT ( 'NONE',  ( 7.036770383371582227, -18.18786166992827447, 28.55588490173023786 ) ) ;
#7776 = VECTOR ( 'NONE', #2826, 1000.000000000000000 ) ;
#7777 = ORIENTED_EDGE ( 'NONE', *, *, #1499, .F. ) ;
#7778 = DIRECTION ( 'NONE',  ( 0.4999152911825501810, -0.8658786838087580984, -0.01840669898376373279 ) ) ;
#7779 = DIRECTION ( 'NONE',  ( -0.5000000000000008882, 0.8660254037844380415, 0.000000000000000000 ) ) ;
#7780 = CARTESIAN_POINT ( 'NONE',  ( 12.15212288496415205, 15.28318610141196388, 28.51588197282040582 ) ) ;
#7781 = VERTEX_POINT ( 'NONE', #2392 ) ;
#7782 = FACE_OUTER_BOUND ( 'NONE', #597, .T. ) ;
#7783 = ORIENTED_EDGE ( 'NONE', *, *, #10069, .F. ) ;
#7784 = CARTESIAN_POINT ( 'NONE',  ( -12.25604370148437461, 15.20968198735617705, 28.54817830278664204 ) ) ;
#7785 = VERTEX_POINT ( 'NONE', #7312 ) ;
#7786 = ORIENTED_EDGE ( 'NONE', *, *, #4044, .T. ) ;
#7787 = CARTESIAN_POINT ( 'NONE',  ( 25.98928359826505385, -5.040407901715157735, 32.00000000000000000 ) ) ;
#7788 = CARTESIAN_POINT ( 'NONE',  ( 7.026008460274313805, -18.01214486509053003, 29.35919704513254658 ) ) ;
#7789 = VECTOR ( 'NONE', #4964, 1000.000000000000000 ) ;
#7790 = EDGE_CURVE ( 'NONE', #4657, #9002, #10581, .T. ) ;
#7791 = CARTESIAN_POINT ( 'NONE',  ( 7.184385800462383287, -18.11770646187424560, 28.45793782530176941 ) ) ;
#7792 = CARTESIAN_POINT ( 'NONE',  ( 19.20458172327896307, 3.166468835542024074, 28.80341115091632886 ) ) ;
#7793 = EDGE_CURVE ( 'NONE', #548, #182, #291, .T. ) ;
#7794 = DIRECTION ( 'NONE',  ( 0.5000000000000012212, -0.8660254037844379305, 0.000000000000000000 ) ) ;
#7795 = ORIENTED_EDGE ( 'NONE', *, *, #1192, .T. ) ;
#7796 = CARTESIAN_POINT ( 'NONE',  ( -12.43230623097832854, 14.98598344344610034, 28.94292798232860164 ) ) ;
#7797 = CARTESIAN_POINT ( 'NONE',  ( -6.788929334094609302, -18.28494068197512945, 28.89364451891332308 ) ) ;
#7798 = EDGE_LOOP ( 'NONE', ( #6098, #8450, #2611, #5374 ) ) ;
#7799 = DIRECTION ( 'NONE',  ( 1.000000000000000000, 0.000000000000000000, 0.000000000000000000 ) ) ;
#7800 = EDGE_CURVE ( 'NONE', #221, #2905, #9189, .T. ) ;
#7801 = DIRECTION ( 'NONE',  ( 1.224646799147353207E-16, 1.000000000000000000, -0.000000000000000000 ) ) ;
#7802 = CARTESIAN_POINT ( 'NONE',  ( -19.13739767555130200, 3.089595437224768038, 29.12407849163544071 ) ) ;
#7803 = FACE_BOUND ( 'NONE', #2740, .T. ) ;
#7804 = CARTESIAN_POINT ( 'NONE',  ( 18.99810313319267507, 3.145701009420178274, 29.07646262610668231 ) ) ;
#7805 = DIRECTION ( 'NONE',  ( -0.8660254037844413721, 0.4999999999999952260, -0.000000000000000000 ) ) ;
#7806 = CARTESIAN_POINT ( 'NONE',  ( 7.189582822788679550, 27.52162900850187555, 14.09604470083658079 ) ) ;
#7807 = CARTESIAN_POINT ( 'NONE',  ( -6.822637514988993956, -18.18777628058349194, 29.23616197257677385 ) ) ;
#7808 = DIRECTION ( 'NONE',  ( -0.000000000000000000, -0.000000000000000000, 1.000000000000000000 ) ) ;
#7809 = CIRCLE ( 'NONE', #3016, 2.700000000002148681 ) ;
#7810 = ORIENTED_EDGE ( 'NONE', *, *, #10145, .T. ) ;
#7811 = CYLINDRICAL_SURFACE ( 'NONE', #6222, 1.099999999999998979 ) ;
#7812 = ORIENTED_EDGE ( 'NONE', *, *, #2696, .F. ) ;
#7813 = CARTESIAN_POINT ( 'NONE',  ( 20.38929697658826257, 3.659053448735056779, 29.39571968233660471 ) ) ;
#7814 = CARTESIAN_POINT ( 'NONE',  ( -35.86949083591573384, -7.015170464835084552, 0.000000000000000000 ) ) ;
#7815 = AXIS2_PLACEMENT_3D ( 'NONE', #6614, #2494, #5662 ) ;
#7816 = CARTESIAN_POINT ( 'NONE',  ( 19.37091022247022565, 2.787422339445010611, 28.49937737617140954 ) ) ;
#7817 = CARTESIAN_POINT ( 'NONE',  ( 18.71214049626274090, 3.676749617267927484, 28.79559556019621169 ) ) ;
#7818 = CARTESIAN_POINT ( 'NONE',  ( -12.33002117357423089, 14.92845492561614051, 29.11918155663655128 ) ) ;
#7819 = CARTESIAN_POINT ( 'NONE',  ( -25.98076211353316367, -14.99999999999999467, 5.000000000000000000 ) ) ;
#7820 = CARTESIAN_POINT ( 'NONE',  ( 39.99033417765404863, -42.75833186246229900, 7.000000000000000000 ) ) ;
#7821 = CARTESIAN_POINT ( 'NONE',  ( 6.863007906459404062, -18.23853310391458038, 28.98736433793420630 ) ) ;
#7822 = VECTOR ( 'NONE', #7501, 1000.000000000000000 ) ;
#7823 = VERTEX_POINT ( 'NONE', #9347 ) ;
#7824 = DIRECTION ( 'NONE',  ( 0.000000000000000000, 0.000000000000000000, -1.000000000000000000 ) ) ;
#7825 = EDGE_CURVE ( 'NONE', #4503, #1850, #7180, .T. ) ;
#7826 = DIRECTION ( 'NONE',  ( 0.8660254037844389297, -0.4999999999999996114, 0.000000000000000000 ) ) ;
#7827 = CARTESIAN_POINT ( 'NONE',  ( 12.21525921696364847, 15.16131262593743756, 28.56525298411509795 ) ) ;
#7828 = ORIENTED_EDGE ( 'NONE', *, *, #3787, .T. ) ;
#7829 = DIRECTION ( 'NONE',  ( -0.8660254037844382635, -0.5000000000000008882, 0.000000000000000000 ) ) ;
#7830 = AXIS2_PLACEMENT_3D ( 'NONE', #2991, #1438, #4710 ) ;
#7831 = VERTEX_POINT ( 'NONE', #9296 ) ;
#7832 = CARTESIAN_POINT ( 'NONE',  ( -12.17667101298927079, 15.28467423980505124, 28.51255707549962537 ) ) ;
#7833 = ORIENTED_EDGE ( 'NONE', *, *, #6237, .T. ) ;
#7834 = ORIENTED_EDGE ( 'NONE', *, *, #6942, .T. ) ;
#7835 = ADVANCED_FACE ( 'NONE', ( #5121 ), #189, .T. ) ;
#7836 = CARTESIAN_POINT ( 'NONE',  ( 27.00051689216706308, -29.48515466406566077, 0.000000000000000000 ) ) ;
#7837 = PLANE ( 'NONE',  #4936 ) ;
#7838 = CARTESIAN_POINT ( 'NONE',  ( 6.936171692610717088, -18.07048240806830819, 28.40676796069462284 ) ) ;
#7839 = CARTESIAN_POINT ( 'NONE',  ( 19.11890036228131606, 3.165063803963193756, 28.78419057182921748 ) ) ;
#7840 = AXIS2_PLACEMENT_3D ( 'NONE', #2865, #600, #10306 ) ;
#7841 = CARTESIAN_POINT ( 'NONE',  ( -35.03565413799301353, -8.137892744340318174, 7.236709157896865641 ) ) ;
#7842 = FACE_BOUND ( 'NONE', #9605, .T. ) ;
#7843 = ORIENTED_EDGE ( 'NONE', *, *, #6095, .F. ) ;
#7844 = CARTESIAN_POINT ( 'NONE',  ( -12.35078133940096023, 14.95689584400314409, 28.81078252675395035 ) ) ;
#7845 = CARTESIAN_POINT ( 'NONE',  ( -6.787357460668304476, -18.27664869918834611, 28.89440768571620310 ) ) ;
#7846 = EDGE_CURVE ( 'NONE', #4437, #5759, #1208, .T. ) ;
#7847 = AXIS2_PLACEMENT_3D ( 'NONE', #148, #9651, #10451 ) ;
#7848 = ORIENTED_EDGE ( 'NONE', *, *, #4044, .F. ) ;
#7849 = ORIENTED_EDGE ( 'NONE', *, *, #2439, .T. ) ;
#7850 = ADVANCED_FACE ( 'NONE', ( #9398 ), #8554, .T. ) ;
#7851 = AXIS2_PLACEMENT_3D ( 'NONE', #5737, #8994, #1605 ) ;
#7852 = VECTOR ( 'NONE', #9069, 1000.000000000000000 ) ;
#7853 = FACE_BOUND ( 'NONE', #5127, .T. ) ;
#7854 = ADVANCED_FACE ( 'NONE', ( #1960 ), #4481, .F. ) ;
#7855 = CARTESIAN_POINT ( 'NONE',  ( -19.21380985514985440, 3.136402835036611325, 28.99153281729078202 ) ) ;
#7856 = CARTESIAN_POINT ( 'NONE',  ( 9.794570841305715092, -15.12932599668799760, 32.00000000000000000 ) ) ;
#7857 = CARTESIAN_POINT ( 'NONE',  ( 19.23030389054274281, 3.197926241299329231, 29.12167673825768333 ) ) ;
#7858 = AXIS2_PLACEMENT_3D ( 'NONE', #86, #5664, #8922 ) ;
#7859 = CARTESIAN_POINT ( 'NONE',  ( 13.66860244792058943, 16.29963783453756321, 28.30000000000000071 ) ) ;
#7860 = CARTESIAN_POINT ( 'NONE',  ( -6.776274138322241569, -18.17316076317752405, 29.11632209014462092 ) ) ;
#7861 = SPHERICAL_SURFACE ( 'NONE', #4129, 0.2000000000000000111 ) ;
#7862 = AXIS2_PLACEMENT_3D ( 'NONE', #8598, #454, #3513 ) ;
#7863 = ORIENTED_EDGE ( 'NONE', *, *, #5705, .T. ) ;
#7864 = DIRECTION ( 'NONE',  ( 0.8660254037844380415, 0.5000000000000008882, -0.000000000000000000 ) ) ;
#7865 = DIRECTION ( 'NONE',  ( 0.000000000000000000, 0.000000000000000000, -1.000000000000000000 ) ) ;
#7866 = ORIENTED_EDGE ( 'NONE', *, *, #2362, .F. ) ;
#7867 = CARTESIAN_POINT ( 'NONE',  ( -19.29529772232838880, 2.712748685289967376, 28.47025049436915012 ) ) ;
#7868 = DIRECTION ( 'NONE',  ( -0.000000000000000000, -0.000000000000000000, 1.000000000000000000 ) ) ;
#7869 = CARTESIAN_POINT ( 'NONE',  ( 19.35347983311608289, 2.844500681498165928, 28.51214689833576088 ) ) ;
#7870 = CARTESIAN_POINT ( 'NONE',  ( -12.35524326107298876, 14.94986011034308149, 29.12062072675463753 ) ) ;
#7871 = CARTESIAN_POINT ( 'NONE',  ( -7.270624290268025369, -18.20664278596104424, 28.49712918849862220 ) ) ;
#7872 = DIRECTION ( 'NONE',  ( 0.4999999999999986677, 0.8660254037844392627, 0.000000000000000000 ) ) ;
#7873 = CARTESIAN_POINT ( 'NONE',  ( 6.865241400385357018, -18.16508539169995373, 29.12026169245266161 ) ) ;
#7874 = CIRCLE ( 'NONE', #9926, 0.2000000000000000111 ) ;
#7875 = ORIENTED_EDGE ( 'NONE', *, *, #5379, .T. ) ;
#7876 = DIRECTION ( 'NONE',  ( -3.252606517456514091E-15, -5.633679745264343064E-15, 1.000000000000000000 ) ) ;
#7877 = DIRECTION ( 'NONE',  ( -0.8660254037844381525, -0.5000000000000009992, 0.000000000000000000 ) ) ;
#7878 = CYLINDRICAL_SURFACE ( 'NONE', #4537, 1.099999999999998979 ) ;
#7879 = CARTESIAN_POINT ( 'NONE',  ( 12.21045422394724689, 15.11228208190857991, 28.55344514878122197 ) ) ;
#7880 = EDGE_LOOP ( 'NONE', ( #9225, #7206, #1157, #7422 ) ) ;
#7881 = AXIS2_PLACEMENT_3D ( 'NONE', #8298, #7496, #7709 ) ;
#7882 = CARTESIAN_POINT ( 'NONE',  ( 7.343012437561155181, -18.24040790171481063, 28.49953455754358345 ) ) ;
#7883 = ADVANCED_FACE ( 'NONE', ( #400 ), #3673, .F. ) ;
#7884 = VERTEX_POINT ( 'NONE', #8440 ) ;
#7885 = CARTESIAN_POINT ( 'NONE',  ( -12.20717968530295927, 15.30380025259535159, 28.51074021025985061 ) ) ;
#7886 = ORIENTED_EDGE ( 'NONE', *, *, #9074, .T. ) ;
#7887 = ORIENTED_EDGE ( 'NONE', *, *, #1836, .F. ) ;
#7888 = CARTESIAN_POINT ( 'NONE',  ( -27.31198659095687731, -10.04040790171521103, 32.00000000000000000 ) ) ;
#7889 = CARTESIAN_POINT ( 'NONE',  ( 7.400766122507561384, 38.54331398641249251, 7.000000000000000000 ) ) ;
#7890 = CARTESIAN_POINT ( 'NONE',  ( 19.21979801789384013, 3.150462315344419562, 28.75986578164874885 ) ) ;
#7891 = ORIENTED_EDGE ( 'NONE', *, *, #1186, .T. ) ;
#7892 = B_SPLINE_CURVE_WITH_KNOTS ( 'NONE', 3,
 ( #6282, #1350, #542, #6181 ),
 .UNSPECIFIED., .F., .F.,
 ( 4, 4 ),
 ( 0.000000000000000000, 1.000000000000000000 ),
 .UNSPECIFIED. ) ;
#7893 = DIRECTION ( 'NONE',  ( -0.8660254037844380415, -0.5000000000000008882, 0.000000000000000000 ) ) ;
#7894 = VERTEX_POINT ( 'NONE', #3623 ) ;
#7895 = CARTESIAN_POINT ( 'NONE',  ( -12.36823818263284203, 14.98233106363318967, 28.80282004946302976 ) ) ;
#7896 = CARTESIAN_POINT ( 'NONE',  ( -6.898784765580583844, -18.29447523412628129, 28.67301824093013707 ) ) ;
#7897 = APPLICATION_CONTEXT ( 'automotive_design' ) ;
#7898 = EDGE_CURVE ( 'NONE', #7735, #9708, #8201, .T. ) ;
#7899 = VECTOR ( 'NONE', #5015, 1000.000000000000000 ) ;
#7900 = ORIENTED_EDGE ( 'NONE', *, *, #2267, .F. ) ;
#7901 = ORIENTED_EDGE ( 'NONE', *, *, #7594, .T. ) ;
#7902 = AXIS2_PLACEMENT_3D ( 'NONE', #1878, #9159, #7392 ) ;
#7903 = CIRCLE ( 'NONE', #6891, 1.300000000000000044 ) ;
#7904 = CARTESIAN_POINT ( 'NONE',  ( -16.99147851343124316, 43.06410000294339824, 0.000000000000000000 ) ) ;
#7905 = CARTESIAN_POINT ( 'NONE',  ( -19.08932215755217143, 3.125395424483085272, 28.84722866083920678 ) ) ;
#7906 = CARTESIAN_POINT ( 'NONE',  ( -12.57056283532523366, 14.17197894325301810, 28.72500000000000142 ) ) ;
#7907 = CARTESIAN_POINT ( 'NONE',  ( 19.12138997374549021, 3.154632748921352814, 29.11781973295803638 ) ) ;
#7908 = CARTESIAN_POINT ( 'NONE',  ( -7.170859462442423116, -18.25637717897943446, 28.51250555631701644 ) ) ;
#7909 = CARTESIAN_POINT ( 'NONE',  ( 20.60202684857812727, 3.890594502160992452, 28.69938302371408767 ) ) ;
#7910 = CARTESIAN_POINT ( 'NONE',  ( -18.19555104132327727, 3.429213578488559122, 28.72500000000000142 ) ) ;
#7911 = CIRCLE ( 'NONE', #47, 11.99999999999999822 ) ;
#7912 = CARTESIAN_POINT ( 'NONE',  ( -6.786383059931921480, -18.24749547560748653, 29.09616697309173716 ) ) ;
#7913 = DIRECTION ( 'NONE',  ( 0.000000000000000000, 1.000000000000000000, 0.000000000000000000 ) ) ;
#7914 = CARTESIAN_POINT ( 'NONE',  ( -6.331488897901747848, -18.38369787481993356, 28.92845686198165467 ) ) ;
#7915 = EDGE_CURVE ( 'NONE', #4571, #2321, #4955, .T. ) ;
#7916 = ORIENTED_EDGE ( 'NONE', *, *, #583, .F. ) ;
#7917 = TOROIDAL_SURFACE ( 'NONE', #8776, 11.99999999999999822, 0.5000000000000000000 ) ;
#7918 = DIRECTION ( 'NONE',  ( 0.8660254037844389297, -0.4999999999999996114, 0.000000000000000000 ) ) ;
#7919 = LINE ( 'NONE', #5463, #7140 ) ;
#7920 = CARTESIAN_POINT ( 'NONE',  ( 19.34477385762070156, 2.787740194679229067, 28.49656263493209707 ) ) ;
#7921 = EDGE_CURVE ( 'NONE', #404, #4028, #7007, .T. ) ;
#7922 = DIRECTION ( 'NONE',  ( -0.4999999999999958367, -0.8660254037844411501, 0.000000000000000000 ) ) ;
#7923 = CARTESIAN_POINT ( 'NONE',  ( -12.40684935196646599, 14.98697689622676421, 29.12167673825767977 ) ) ;
#7924 = CIRCLE ( 'NONE', #8261, 0.1999999999999987899 ) ;
#7925 = CARTESIAN_POINT ( 'NONE',  ( -12.08432652864027901, 15.34663469940820413, 28.49712918849862575 ) ) ;
#7926 = CARTESIAN_POINT ( 'NONE',  ( 17.32902956042066478, -10.04040790171517195, 17.00000000000000000 ) ) ;
#7927 = EDGE_CURVE ( 'NONE', #5542, #8283, #10096, .T. ) ;
#7928 = CARTESIAN_POINT ( 'NONE',  ( 6.896268898545164561, -18.05638962105476608, 29.23836482941219472 ) ) ;
#7929 = ORIENTED_EDGE ( 'NONE', *, *, #8348, .F. ) ;
#7930 = ADVANCED_FACE ( 'NONE', ( #2821 ), #10431, .T. ) ;
#7931 = DIRECTION ( 'NONE',  ( -1.000000000000000000, 0.000000000000000000, 0.000000000000000000 ) ) ;
#7932 = DIRECTION ( 'NONE',  ( 1.734723475976809934E-14, -1.000000000000000000, -1.504632769052539669E-28 ) ) ;
#7933 = LINE ( 'NONE', #7983, #6941 ) ;
#7934 = CARTESIAN_POINT ( 'NONE',  ( 12.21042942862710134, 15.11994007898948489, 28.55598528102780520 ) ) ;
#7935 = EDGE_LOOP ( 'NONE', ( #6874, #8385, #4045, #2937 ) ) ;
#7936 = CYLINDRICAL_SURFACE ( 'NONE', #7241, 4.999999999999997335 ) ;
#7937 = VERTEX_POINT ( 'NONE', #4374 ) ;
#7938 = CARTESIAN_POINT ( 'NONE',  ( -12.11761179625747964, 15.30866308376705121, 28.49834978833304078 ) ) ;
#7939 = VERTEX_POINT ( 'NONE', #3565 ) ;
#7940 = ORIENTED_EDGE ( 'NONE', *, *, #6073, .T. ) ;
#7941 = ORIENTED_EDGE ( 'NONE', *, *, #9485, .F. ) ;
#7942 = DIRECTION ( 'NONE',  ( -0.8660254037844381525, -0.5000000000000009992, 0.000000000000000000 ) ) ;
#7943 = DIRECTION ( 'NONE',  ( 0.8660254037844464792, -0.4999999999999863998, 0.000000000000000000 ) ) ;
#7944 = CARTESIAN_POINT ( 'NONE',  ( 19.25878972486296803, 3.105148904367856844, 28.67760897406091658 ) ) ;
#7945 = ORIENTED_EDGE ( 'NONE', *, *, #6976, .T. ) ;
#7946 = DIRECTION ( 'NONE',  ( -0.8660254037844246078, 0.5000000000000245359, 0.000000000000000000 ) ) ;
#7947 = CARTESIAN_POINT ( 'NONE',  ( -10.20222350350320006, -20.04040790171520570, 7.499999999999999112 ) ) ;
#7948 = EDGE_LOOP ( 'NONE', ( #985, #7700, #5557, #9916, #1849 ) ) ;
#7949 = CARTESIAN_POINT ( 'NONE',  ( -12.35324635500560397, 14.99003889660177968, 28.76424777521334875 ) ) ;
#7950 = CARTESIAN_POINT ( 'NONE',  ( -6.852626153897794836, -18.23809417035349156, 28.70015874718222904 ) ) ;
#7951 = ORIENTED_EDGE ( 'NONE', *, *, #3402, .F. ) ;
#7952 = TOROIDAL_SURFACE ( 'NONE', #1121, 1.300000000000000266, 0.2000000000000000111 ) ;
#7953 = ORIENTED_EDGE ( 'NONE', *, *, #3577, .F. ) ;
#7954 = CARTESIAN_POINT ( 'NONE',  ( 9.275795893297436479, 33.90820197496642407, 0.000000000000000000 ) ) ;
#7955 = CARTESIAN_POINT ( 'NONE',  ( -19.25036895569680695, 2.912610630725140481, 29.40086266491183409 ) ) ;
#7956 = CARTESIAN_POINT ( 'NONE',  ( -11.95922902224672946, 14.42599116410568350, 29.07072846575200487 ) ) ;
#7957 = CARTESIAN_POINT ( 'NONE',  ( 19.24896637212881956, 3.208701030066799742, 29.12167673825768333 ) ) ;
#7958 = EDGE_CURVE ( 'NONE', #4566, #611, #10103, .T. ) ;
#7959 = CARTESIAN_POINT ( 'NONE',  ( -7.166493295413849829, -18.23816668393249074, 28.51233286333611971 ) ) ;
#7960 = CARTESIAN_POINT ( 'NONE',  ( 20.85515707462698032, 3.852160089712981073, 28.81958237729068628 ) ) ;
#7961 = CARTESIAN_POINT ( 'NONE',  ( -33.00505192882414462, -19.05547561572357651, 7.000000000000000000 ) ) ;
#7962 = AXIS2_PLACEMENT_3D ( 'NONE', #5252, #1938, #8520 ) ;
#7963 = CARTESIAN_POINT ( 'NONE',  ( -6.779338726230220935, -18.25390167342772330, 29.04646520213531957 ) ) ;
#7964 = CARTESIAN_POINT ( 'NONE',  ( 56.99033417765470233, 48.46410000294404341, 3.500000000000000444 ) ) ;
#7965 = CYLINDRICAL_SURFACE ( 'NONE', #9299, 0.1999999999999996503 ) ;
#7967 = EDGE_CURVE ( 'NONE', #4037, #2517, #3420, .T. ) ;
#7966 = DIRECTION ( 'NONE',  ( 0.000000000000000000, -1.000000000000000000, 0.000000000000000000 ) ) ;
#7968 = ORIENTED_EDGE ( 'NONE', *, *, #1695, .F. ) ;
#7969 = CARTESIAN_POINT ( 'NONE',  ( -19.23766187425527008, 2.820088208420246101, 28.47565460581831331 ) ) ;
#7970 = DIRECTION ( 'NONE',  ( 0.000000000000000000, -1.000000000000000000, 0.000000000000000000 ) ) ;
#7971 = CARTESIAN_POINT ( 'NONE',  ( 19.33863432039201058, 2.845022564098771856, 28.51142093226493301 ) ) ;
#7972 = CARTESIAN_POINT ( 'NONE',  ( 19.23655164035172760, 2.655666939284763828, 1.500000000000001332 ) ) ;
#7973 = CARTESIAN_POINT ( 'NONE',  ( -12.35060839331649696, 14.93855834993955156, 29.09588413953154529 ) ) ;
#7974 = FACE_OUTER_BOUND ( 'NONE', #544, .T. ) ;
#7975 = FACE_OUTER_BOUND ( 'NONE', #10200, .T. ) ;
#7976 = CARTESIAN_POINT ( 'NONE',  ( 6.805032047424018238, -18.12268071221645371, 28.97622085783817170 ) ) ;
#7977 = EDGE_CURVE ( 'NONE', #9239, #5481, #9407, .T. ) ;
#7978 = VECTOR ( 'NONE', #1210, 1000.000000000000000 ) ;
#7979 = EDGE_LOOP ( 'NONE', ( #1564, #929, #6126, #7713 ) ) ;
#7980 = DIRECTION ( 'NONE',  ( 0.8660254037844389297, -0.4999999999999996114, 0.000000000000000000 ) ) ;
#7981 = EDGE_CURVE ( 'NONE', #6932, #9193, #4787, .T. ) ;
#7982 = FACE_OUTER_BOUND ( 'NONE', #9922, .T. ) ;
#7983 = CARTESIAN_POINT ( 'NONE',  ( -17.31198659095685954, -20.04040790171521280, 32.00000000000000000 ) ) ;
#7984 = CARTESIAN_POINT ( 'NONE',  ( 12.31177352299327588, 15.19656340939786787, 28.61203790365516753 ) ) ;
#7985 = CARTESIAN_POINT ( 'NONE',  ( 9.898392247106460928, -20.01129487029115950, 32.00000000000000000 ) ) ;
#7986 = ORIENTED_EDGE ( 'NONE', *, *, #3526, .T. ) ;
#7987 = CARTESIAN_POINT ( 'NONE',  ( -12.13828318287833952, 15.32727740451532661, 28.50089138127211186 ) ) ;
#7988 = EDGE_CURVE ( 'NONE', #9307, #7258, #6990, .T. ) ;
#7989 = TOROIDAL_SURFACE ( 'NONE', #628, 20.00000000000000355, 10.00000000000000000 ) ;
#7990 = ORIENTED_EDGE ( 'NONE', *, *, #2422, .F. ) ;
#7991 = ORIENTED_EDGE ( 'NONE', *, *, #4203, .F. ) ;
#7992 = DIRECTION ( 'NONE',  ( 1.000000000000000000, 0.000000000000000000, 0.000000000000000000 ) ) ;
#7993 = DIRECTION ( 'NONE',  ( 0.4999999999999995559, 0.8660254037844389297, 0.000000000000000000 ) ) ;
#7994 = FACE_BOUND ( 'NONE', #3576, .T. ) ;
#7995 = CARTESIAN_POINT ( 'NONE',  ( 19.17121824790570273, 3.107803853273468864, 28.66825318885491214 ) ) ;
#7996 = EDGE_LOOP ( 'NONE', ( #7786, #8594, #4085 ) ) ;
#7997 = CARTESIAN_POINT ( 'NONE',  ( 19.23828923957077564, 3.227194366136479253, 28.94042354627012870 ) ) ;
#7998 = DIRECTION ( 'NONE',  ( 1.000000000000000000, 1.015854067532018234E-14, 0.000000000000000000 ) ) ;
#7999 = CARTESIAN_POINT ( 'NONE',  ( 7.071715600440895422, -19.54040790171519504, 29.39427216176076740 ) ) ;
#8000 = ORIENTED_EDGE ( 'NONE', *, *, #8290, .F. ) ;
#8001 = CARTESIAN_POINT ( 'NONE',  ( -12.36177786712571525, 14.97384285383819424, 28.80547381357849090 ) ) ;
#8002 = CARTESIAN_POINT ( 'NONE',  ( -6.913821823800383015, -18.26997641700020480, 28.64951965287666269 ) ) ;
#8003 = AXIS2_PLACEMENT_3D ( 'NONE', #8933, #5622, #845 ) ;
#8004 = EDGE_LOOP ( 'NONE', ( #5197, #8095, #6915, #510 ) ) ;
#8005 = ORIENTED_EDGE ( 'NONE', *, *, #9272, .F. ) ;
#8006 = AXIS2_PLACEMENT_3D ( 'NONE', #1360, #1305, #9610 ) ;
#8007 = CARTESIAN_POINT ( 'NONE',  ( 23.28076211353166514, -14.99999999999999467, 0.1999999999999996503 ) ) ;
#8008 = CARTESIAN_POINT ( 'NONE',  ( -7.499692158673950892, 17.35498459382403524, 28.19999999999999929 ) ) ;
#8009 = CARTESIAN_POINT ( 'NONE',  ( -12.56244086233767732, 14.29882254548620502, 28.79559556019324162 ) ) ;
#8010 = CARTESIAN_POINT ( 'NONE',  ( 19.22827091260398191, 3.203177283158714417, 29.09653242434187348 ) ) ;
#8011 = B_SPLINE_CURVE_WITH_KNOTS ( 'NONE', 3,
 ( #73, #3501, #280, #5107 ),
 .UNSPECIFIED., .F., .F.,
 ( 4, 4 ),
 ( 0.000000000000000000, 1.000000000000000000 ),
 .UNSPECIFIED. ) ;
#8012 = CARTESIAN_POINT ( 'NONE',  ( -7.170792716047036386, -18.25563522550516282, 28.51255707549964669 ) ) ;
#8013 = DIRECTION ( 'NONE',  ( 0.5000000000000008882, -0.8660254037844381525, 0.000000000000000000 ) ) ;
#8014 = DIRECTION ( 'NONE',  ( 1.224646799147353207E-16, 1.000000000000000000, -0.000000000000000000 ) ) ;
#8015 = CARTESIAN_POINT ( 'NONE',  ( -6.780701655980195142, -18.26313040192401616, 29.04635745566390170 ) ) ;
#8016 = EDGE_CURVE ( 'NONE', #4115, #863, #5745, .T. ) ;
#8017 = AXIS2_PLACEMENT_3D ( 'NONE', #9662, #10566, #4890 ) ;
#8018 = CARTESIAN_POINT ( 'NONE',  ( 56.09884018471340283, -44.30517680368672728, 28.20000000000000284 ) ) ;
#8019 = VECTOR ( 'NONE', #1087, 1000.000000000000000 ) ;
#8020 = ADVANCED_FACE ( 'NONE', ( #10257 ), #6346, .T. ) ;
#8021 = CARTESIAN_POINT ( 'NONE',  ( -12.96649280851817387, 7.486208113443304057, 0.000000000000000000 ) ) ;
#8022 = CARTESIAN_POINT ( 'NONE',  ( -19.36499018982039999, 2.749972325028219977, 28.50265007820144092 ) ) ;
#8023 = DIRECTION ( 'NONE',  ( -0.4999999999999995559, -0.8660254037844389297, 0.000000000000000000 ) ) ;
#8024 = AXIS2_PLACEMENT_3D ( 'NONE', #9120, #6655, #9924 ) ;
#8025 = CARTESIAN_POINT ( 'NONE',  ( 19.37939151253317505, 2.789412149389530082, 28.50048045059582336 ) ) ;
#8026 = DIRECTION ( 'NONE',  ( 0.000000000000000000, 0.000000000000000000, -1.000000000000000000 ) ) ;
#8027 = VECTOR ( 'NONE', #9697, 1000.000000000000000 ) ;
#8028 = AXIS2_PLACEMENT_3D ( 'NONE', #7359, #7522, #7301 ) ;
#8029 = CARTESIAN_POINT ( 'NONE',  ( -12.33840949625454009, 14.92786554766867368, 29.09535839950417468 ) ) ;
#8030 = CARTESIAN_POINT ( 'NONE',  ( 12.56119697378139932, 17.81772038032661243, 28.20000000000000284 ) ) ;
#8031 = CARTESIAN_POINT ( 'NONE',  ( -4.900113594256481520, 34.32448614867037406, 8.232875920853560459 ) ) ;
#8032 = CARTESIAN_POINT ( 'NONE',  ( 6.893230539260460255, -18.31708183186712446, 28.84429709697153044 ) ) ;
#8033 = VECTOR ( 'NONE', #6037, 1000.000000000000114 ) ;
#8034 = EDGE_CURVE ( 'NONE', #999, #6563, #8589, .T. ) ;
#8035 = ORIENTED_EDGE ( 'NONE', *, *, #8627, .T. ) ;
#8036 = DIRECTION ( 'NONE',  ( 0.8660254037844382635, 0.5000000000000008882, -0.000000000000000000 ) ) ;
#8037 = CARTESIAN_POINT ( 'NONE',  ( -25.98076211353316367, -14.99999999999999467, 0.1999999999999996503 ) ) ;
#8038 = DIRECTION ( 'NONE',  ( -1.026956297778269800E-14, 1.000000000000000000, 0.000000000000000000 ) ) ;
#8039 = DIRECTION ( 'NONE',  ( 1.026956297778269800E-14, -1.000000000000000000, -0.000000000000000000 ) ) ;
#8040 = CARTESIAN_POINT ( 'NONE',  ( 12.38689995292352997, 15.05565279460003048, 29.14997117058486964 ) ) ;
#8041 = DIRECTION ( 'NONE',  ( 0.000000000000000000, 0.000000000000000000, 1.000000000000000000 ) ) ;
#8042 = ADVANCED_FACE ( 'NONE', ( #3880 ), #4544, .T. ) ;
#8043 = AXIS2_PLACEMENT_3D ( 'NONE', #3104, #10499, #5527 ) ;
#8044 = ORIENTED_EDGE ( 'NONE', *, *, #5129, .T. ) ;
#8045 = CARTESIAN_POINT ( 'NONE',  ( -12.10582596597026495, 15.27697224704755463, 28.49482959153985107 ) ) ;
#8046 = EDGE_CURVE ( 'NONE', #1802, #3387, #1234, .T. ) ;
#8047 = VERTEX_POINT ( 'NONE', #7889 ) ;
#8048 = ORIENTED_EDGE ( 'NONE', *, *, #9473, .T. ) ;
#8049 = DIRECTION ( 'NONE',  ( -0.5267826876426342508, 0.000000000000000000, 0.8500000000000016431 ) ) ;
#8050 = CARTESIAN_POINT ( 'NONE',  ( -8.651732553112513102, 24.95959209828479786, 32.00000000000000000 ) ) ;
#8051 = CARTESIAN_POINT ( 'NONE',  ( 18.27748011637290304, -1.283172453091389942, 7.499999999999999112 ) ) ;
#8052 = DIRECTION ( 'NONE',  ( 0.4999999999999996114, 0.8660254037844389297, 0.000000000000000000 ) ) ;
#8053 = ORIENTED_EDGE ( 'NONE', *, *, #4655, .T. ) ;
#8054 = CARTESIAN_POINT ( 'NONE',  ( -6.778607722595141993, -19.95572190462443629, 28.98279996358742139 ) ) ;
#8055 = EDGE_CURVE ( 'NONE', #10456, #2388, #5855, .T. ) ;
#8056 = FACE_OUTER_BOUND ( 'NONE', #3937, .T. ) ;
#8057 = DIRECTION ( 'NONE',  ( 0.8660254037844382635, 0.5000000000000008882, -0.000000000000000000 ) ) ;
#8058 = ORIENTED_EDGE ( 'NONE', *, *, #440, .T. ) ;
#8059 = CARTESIAN_POINT ( 'NONE',  ( -12.35926061438740220, 14.99975610632490586, 28.76056851090181610 ) ) ;
#8060 = CARTESIAN_POINT ( 'NONE',  ( -6.879377261212526129, -18.26682947667861256, 28.68643271070607170 ) ) ;
#8061 = EDGE_LOOP ( 'NONE', ( #7886, #178, #6902, #435, #284, #5216, #4316, #2541, #6833, #10366, #7094, #2058 ) ) ;
#8062 = ORIENTED_EDGE ( 'NONE', *, *, #287, .F. ) ;
#8063 = DIRECTION ( 'NONE',  ( -0.4999999999999941158, -0.8660254037844421493, 0.000000000000000000 ) ) ;
#8064 = CARTESIAN_POINT ( 'NONE',  ( -18.87137507325864405, 2.851052838369340758, 29.29660611564258588 ) ) ;
#8065 = CARTESIAN_POINT ( 'NONE',  ( -12.66697006195575348, 14.57335964736202705, 28.91493863717537138 ) ) ;
#8066 = CARTESIAN_POINT ( 'NONE',  ( 19.18869753512583998, 3.184700608825360213, 29.09638363188625831 ) ) ;
#8067 = B_SPLINE_CURVE_WITH_KNOTS ( 'NONE', 3,
 ( #1276, #9518, #5453, #7806, #468, #8715, #6465, #5667 ),
 .UNSPECIFIED., .F., .F.,
 ( 4, 2, 2, 4 ),
 ( 8.673617379884035472E-19, 0.004967717048780020787, 0.007451575573170030747, 0.009935434097560039840 ),
 .UNSPECIFIED. ) ;
#8068 = CARTESIAN_POINT ( 'NONE',  ( -7.023036966521345903, -18.16685655721645531, 28.50498498197078590 ) ) ;
#8069 = CARTESIAN_POINT ( 'NONE',  ( -26.36587588163779472, -5.722204159278295954, 16.21272988621878497 ) ) ;
#8070 = DIRECTION ( 'NONE',  ( -0.000000000000000000, -0.000000000000000000, -1.000000000000000000 ) ) ;
#8071 = CARTESIAN_POINT ( 'NONE',  ( -6.761673710752440059, -18.19300533059151803, 29.02200159692203840 ) ) ;
#8072 = CARTESIAN_POINT ( 'NONE',  ( -12.19022538919396226, 14.96660225069075878, 29.32698445422835931 ) ) ;
#8073 = FACE_OUTER_BOUND ( 'NONE', #8274, .T. ) ;
#8074 = CARTESIAN_POINT ( 'NONE',  ( -19.38685527495534799, 2.726274064648921858, 28.50103270118073695 ) ) ;
#8075 = EDGE_CURVE ( 'NONE', #6695, #2527, #3124, .T. ) ;
#8076 = CARTESIAN_POINT ( 'NONE',  ( 18.76907524960683915, 2.964480057692363779, 29.23849492710517950 ) ) ;
#8077 = CARTESIAN_POINT ( 'NONE',  ( 19.37914635071812697, 2.742340845019166640, 28.49723300795889003 ) ) ;
#8078 = VECTOR ( 'NONE', #7614, 1000.000000000000000 ) ;
#8079 = DIRECTION ( 'NONE',  ( 1.101697372407250679E-15, -1.000000000000000000, -0.000000000000000000 ) ) ;
#8080 = CARTESIAN_POINT ( 'NONE',  ( 12.18676823882944582, 14.91108365823758675, 28.39316016287147448 ) ) ;
#8081 = CARTESIAN_POINT ( 'NONE',  ( 13.49898735028731167, 15.83885363886781583, 29.35062527440967273 ) ) ;
#8082 = CARTESIAN_POINT ( 'NONE',  ( -4.746095424604683366, 33.30854087611255920, 8.870019631576907315 ) ) ;
#8083 = LINE ( 'NONE', #4181, #1092 ) ;
#8084 = AXIS2_PLACEMENT_3D ( 'NONE', #9614, #363, #3637 ) ;
#8085 = ORIENTED_EDGE ( 'NONE', *, *, #7846, .F. ) ;
#8086 = PLANE ( 'NONE',  #5467 ) ;
#8087 = CARTESIAN_POINT ( 'NONE',  ( 6.979764971508182647, -18.31012240383580902, 29.32328829242069190 ) ) ;
#8088 = CARTESIAN_POINT ( 'NONE',  ( 22.29317946452298216, 1.361432247991448241, 32.00000000000000000 ) ) ;
#8089 = CIRCLE ( 'NONE', #2627, 5.000000000000002665 ) ;
#8090 = CARTESIAN_POINT ( 'NONE',  ( -13.38569377100473190, 15.76013074783483248, 29.39571968233659760 ) ) ;
#8091 = CARTESIAN_POINT ( 'NONE',  ( 12.35108535895250093, 15.03046797073208829, 29.14015495533909572 ) ) ;
#8092 = ADVANCED_FACE ( 'NONE', ( #6397 ), #10357, .T. ) ;
#8093 = DIRECTION ( 'NONE',  ( 1.000000000000000000, 8.673617379884087537E-15, -0.000000000000000000 ) ) ;
#8094 = VECTOR ( 'NONE', #8958, 1000.000000000000114 ) ;
#8095 = ORIENTED_EDGE ( 'NONE', *, *, #580, .T. ) ;
#8096 = CARTESIAN_POINT ( 'NONE',  ( 17.85267220802046850, -0.9473835723679546739, 32.00000000000000000 ) ) ;
#8097 = CIRCLE ( 'NONE', #9125, 0.1999999999999982070 ) ;
#8098 = EDGE_LOOP ( 'NONE', ( #5088, #1569, #8125, #5708 ) ) ;
#8099 = ORIENTED_EDGE ( 'NONE', *, *, #1837, .T. ) ;
#8100 = DIRECTION ( 'NONE',  ( -0.000000000000000000, 0.000000000000000000, -1.000000000000000000 ) ) ;
#8101 = CARTESIAN_POINT ( 'NONE',  ( -10.03934400441925057, -15.04040790171520214, 32.00000000000000000 ) ) ;
#8102 = DIRECTION ( 'NONE',  ( 0.000000000000000000, 0.000000000000000000, 1.000000000000000000 ) ) ;
#8103 = EDGE_LOOP ( 'NONE', ( #5603, #2054, #9947, #9246, #6558, #7307 ) ) ;
#8104 = CARTESIAN_POINT ( 'NONE',  ( 13.41228773750820302, 7.743587935699104641, 38.50000000000000000 ) ) ;
#8105 = DIRECTION ( 'NONE',  ( -2.857191607799910219E-15, -1.000000000000000000, 0.000000000000000000 ) ) ;
#8106 = FACE_OUTER_BOUND ( 'NONE', #170, .T. ) ;
#8107 = ORIENTED_EDGE ( 'NONE', *, *, #7915, .T. ) ;
#8108 = CARTESIAN_POINT ( 'NONE',  ( -12.32268788227237977, 14.90692982934899113, 28.78419057182918550 ) ) ;
#8109 = CARTESIAN_POINT ( 'NONE',  ( -6.881598683749972523, -18.26956239597162224, 28.68503550434548899 ) ) ;
#8110 = ORIENTED_EDGE ( 'NONE', *, *, #5835, .F. ) ;
#8111 = EDGE_LOOP ( 'NONE', ( #1998, #7875 ) ) ;
#8112 = ADVANCED_FACE ( 'NONE', ( #7994, #5597 ), #2429, .F. ) ;
#8113 = CARTESIAN_POINT ( 'NONE',  ( 6.248193568529516462, -17.54040790171481845, 28.81326161142435183 ) ) ;
#8114 = CARTESIAN_POINT ( 'NONE',  ( -18.92016754542854073, 2.905641153206829586, 29.28252189345876744 ) ) ;
#8115 = CARTESIAN_POINT ( 'NONE',  ( 6.841038575308588499, -17.88568050526008690, 29.22072941136057977 ) ) ;
#8116 = EDGE_CURVE ( 'NONE', #5797, #10576, #5864, .T. ) ;
#8117 = CARTESIAN_POINT ( 'NONE',  ( 19.18194677473088916, 3.190289987724841847, 29.04639232172489116 ) ) ;
#8118 = CARTESIAN_POINT ( 'NONE',  ( -7.165553568801687589, -18.23608755817413041, 28.51214689833586746 ) ) ;
#8119 = DIRECTION ( 'NONE',  ( 1.000000000000000000, 1.261617073437679508E-14, 0.000000000000000000 ) ) ;
#8120 = CARTESIAN_POINT ( 'NONE',  ( -28.68076211353531235, -14.99999999999999467, 0.1999999999999996503 ) ) ;
#8121 = CARTESIAN_POINT ( 'NONE',  ( -6.792326059764560497, -18.30699175306055437, 29.09653242434187703 ) ) ;
#8122 = CARTESIAN_POINT ( 'NONE',  ( -12.26469882041909898, 14.92428010798598770, 29.23117318121860109 ) ) ;
#8123 = AXIS2_PLACEMENT_3D ( 'NONE', #5120, #4319, #2657 ) ;
#8124 = EDGE_CURVE ( 'NONE', #2002, #8688, #7658, .T. ) ;
#8125 = ORIENTED_EDGE ( 'NONE', *, *, #6165, .F. ) ;
#8126 = CARTESIAN_POINT ( 'NONE',  ( 20.89539736716372076, 3.382461858527878285, 1.500000000000001332 ) ) ;
#8127 = DIRECTION ( 'NONE',  ( 0.000000000000000000, 0.000000000000000000, 1.000000000000000000 ) ) ;
#8128 = ADVANCED_FACE ( 'NONE', ( #7249 ), #120, .F. ) ;
#8129 = CARTESIAN_POINT ( 'NONE',  ( -19.26259217965580817, 2.762272575698391464, 28.46742885282195701 ) ) ;
#8130 = CARTESIAN_POINT ( 'NONE',  ( 19.04725391201265339, 2.936871675963147688, 29.36071699482411645 ) ) ;
#8131 = AXIS2_PLACEMENT_3D ( 'NONE', #966, #4239, #6760 ) ;
#8132 = B_SPLINE_CURVE_WITH_KNOTS ( 'NONE', 3,
 ( #9839, #9734, #5837, #8180, #9950, #895 ),
 .UNSPECIFIED., .F., .F.,
 ( 4, 2, 4 ),
 ( 0.000000000000000000, 0.0004057138013021314559, 0.0008114276026042629118 ),
 .UNSPECIFIED. ) ;
#8133 = FACE_OUTER_BOUND ( 'NONE', #3063, .T. ) ;
#8134 = CARTESIAN_POINT ( 'NONE',  ( 7.529375709731993105, -20.04040790171481135, 28.30000000000000071 ) ) ;
#8135 = CYLINDRICAL_SURFACE ( 'NONE', #1751, 0.2000000000000016209 ) ;
#8136 = DIRECTION ( 'NONE',  ( -1.000000000000000000, 0.000000000000000000, 0.000000000000000000 ) ) ;
#8137 = DIRECTION ( 'NONE',  ( -0.4999999999999952260, -0.8660254037844413721, 0.000000000000000000 ) ) ;
#8138 = CARTESIAN_POINT ( 'NONE',  ( 6.944671589016842006, -17.83616529793705041, 29.29691915821674186 ) ) ;
#8139 = EDGE_LOOP ( 'NONE', ( #6767, #5495, #1521, #5871 ) ) ;
#8140 = CARTESIAN_POINT ( 'NONE',  ( 13.56860244792058801, 16.47284291529445355, 1.700000000000000178 ) ) ;
#8141 = CARTESIAN_POINT ( 'NONE',  ( 24.38529481986687486, -20.06716612362047414, 10.66124132065233354 ) ) ;
#8142 = DIRECTION ( 'NONE',  ( 0.5000000000000005551, -0.8660254037844382635, 0.000000000000000000 ) ) ;
#8143 = DIRECTION ( 'NONE',  ( 0.000000000000000000, -0.000000000000000000, -1.000000000000000000 ) ) ;
#8144 = CARTESIAN_POINT ( 'NONE',  ( 12.25966416377642609, 14.85448314533765135, 28.97523300974817673 ) ) ;
#8145 = ORIENTED_EDGE ( 'NONE', *, *, #4521, .F. ) ;
#8146 = FACE_OUTER_BOUND ( 'NONE', #2928, .T. ) ;
#8147 = CIRCLE ( 'NONE', #3539, 1.299999999999998712 ) ;
#8148 = ORIENTED_EDGE ( 'NONE', *, *, #9735, .T. ) ;
#8149 = EDGE_CURVE ( 'NONE', #9439, #687, #2788, .T. ) ;
#8150 = EDGE_LOOP ( 'NONE', ( #592, #9861, #6432, #4840 ) ) ;
#8151 = CARTESIAN_POINT ( 'NONE',  ( 19.38051527310400601, 2.738784381407808333, 28.49712918849862220 ) ) ;
#8152 = FACE_OUTER_BOUND ( 'NONE', #6536, .T. ) ;
#8153 = DIRECTION ( 'NONE',  ( 1.026956297778269800E-14, -1.000000000000000000, 0.000000000000000000 ) ) ;
#8154 = AXIS2_PLACEMENT_3D ( 'NONE', #2929, #2123, #2977 ) ;
#8155 = VERTEX_POINT ( 'NONE', #10516 ) ;
#8156 = CARTESIAN_POINT ( 'NONE',  ( 28.86095822575248349, -8.855855283831317593, 11.56520041711609892 ) ) ;
#8157 = CARTESIAN_POINT ( 'NONE',  ( -12.43679018834242811, 14.97821700147251356, 29.04799146136921451 ) ) ;
#8158 = DIRECTION ( 'NONE',  ( -1.101697372407250679E-15, 1.000000000000000000, 0.000000000000000000 ) ) ;
#8159 = ORIENTED_EDGE ( 'NONE', *, *, #4889, .F. ) ;
#8160 = CARTESIAN_POINT ( 'NONE',  ( -12.27779233759528310, 15.14266241275977976, 28.58268923410728846 ) ) ;
#8161 = CARTESIAN_POINT ( 'NONE',  ( -6.996198531493297068, -18.27115681469383190, 28.58310512903454637 ) ) ;
#8162 = EDGE_CURVE ( 'NONE', #4503, #9239, #1752, .T. ) ;
#8163 = ORIENTED_EDGE ( 'NONE', *, *, #7261, .T. ) ;
#8164 = ORIENTED_EDGE ( 'NONE', *, *, #9158, .F. ) ;
#8165 = AXIS2_PLACEMENT_3D ( 'NONE', #9374, #8307, #5095 ) ;
#8166 = CARTESIAN_POINT ( 'NONE',  ( -56.12105222701394780, -44.23718512885896104, 7.499999999999999112 ) ) ;
#8167 = CARTESIAN_POINT ( 'NONE',  ( -18.98006944026116116, 2.995583665062092837, 29.22455260020036150 ) ) ;
#8168 = DIRECTION ( 'NONE',  ( 0.8660254037844389297, -0.4999999999999996114, 0.000000000000000000 ) ) ;
#8169 = CARTESIAN_POINT ( 'NONE',  ( 19.24257183602940913, 3.219776691481807784, 29.04568301858808255 ) ) ;
#8170 = CARTESIAN_POINT ( 'NONE',  ( -7.243569933800854344, -18.17788317230621686, 28.49073423466813892 ) ) ;
#8171 = DIRECTION ( 'NONE',  ( 1.026956297778269800E-14, -1.000000000000000000, -0.000000000000000000 ) ) ;
#8172 = CARTESIAN_POINT ( 'NONE',  ( -12.30382486559268784, 14.84711522694512631, 28.95152937505118729 ) ) ;
#8173 = CARTESIAN_POINT ( 'NONE',  ( -6.784301289529060419, -18.31243326868169419, 28.94292798232860875 ) ) ;
#8174 = CARTESIAN_POINT ( 'NONE',  ( -12.30779414825657447, 14.96255780898447441, 29.23851741520170933 ) ) ;
#8175 = VECTOR ( 'NONE', #7020, 999.9999999999998863 ) ;
#8176 = EDGE_CURVE ( 'NONE', #3282, #1944, #8247, .T. ) ;
#8177 = ORIENTED_EDGE ( 'NONE', *, *, #1127, .F. ) ;
#8178 = EDGE_CURVE ( 'NONE', #5993, #3084, #9448, .T. ) ;
#8179 = CARTESIAN_POINT ( 'NONE',  ( -12.06437010642049223, 14.92686520816612017, 29.34896699802095910 ) ) ;
#8180 = CARTESIAN_POINT ( 'NONE',  ( -12.19426192620275984, 14.87225329337370816, 28.39934941922715339 ) ) ;
#8181 = CARTESIAN_POINT ( 'NONE',  ( -19.28574403407016646, 2.797382900716716581, 28.49353938512255269 ) ) ;
#8182 = CIRCLE ( 'NONE', #4432, 0.3000000000000003220 ) ;
#8183 = LINE ( 'NONE', #3151, #3562 ) ;
#8184 = CARTESIAN_POINT ( 'NONE',  ( 19.33655164035172547, 2.482461858527876153, 28.30000000000000071 ) ) ;
#8185 = CARTESIAN_POINT ( 'NONE',  ( -10.20222350350305796, -19.84040790171520641, 28.19999999999999929 ) ) ;
#8186 = CIRCLE ( 'NONE', #9899, 11.49999999999999467 ) ;
#8187 = CYLINDRICAL_SURFACE ( 'NONE', #2124, 4.999999999999997335 ) ;
#8188 = DIRECTION ( 'NONE',  ( -0.000000000000000000, -0.000000000000000000, 1.000000000000000000 ) ) ;
#8189 = CARTESIAN_POINT ( 'NONE',  ( 12.18440205453818237, 18.87034832448960131, 7.500000000000001776 ) ) ;
#8190 = AXIS2_PLACEMENT_3D ( 'NONE', #2752, #1995, #5915 ) ;
#8191 = B_SPLINE_CURVE_WITH_KNOTS ( 'NONE', 3,
 ( #9970, #6919, #1076, #374 ),
 .UNSPECIFIED., .F., .F.,
 ( 4, 4 ),
 ( 0.000000000000000000, 0.0003526191071291318794 ),
 .UNSPECIFIED. ) ;
#8192 = CARTESIAN_POINT ( 'NONE',  ( 12.05174179047459049, 15.32883903681933724, 28.48202342101896534 ) ) ;
#8193 = ORIENTED_EDGE ( 'NONE', *, *, #3577, .T. ) ;
#8194 = DIRECTION ( 'NONE',  ( -1.026956297778269800E-14, 1.000000000000000000, 0.000000000000000000 ) ) ;
#8195 = CIRCLE ( 'NONE', #3589, 11.99999999999999822 ) ;
#8196 = CARTESIAN_POINT ( 'NONE',  ( 25.23673490328697255, -20.24435878604187167, 9.941104610089288585 ) ) ;
#8197 = CIRCLE ( 'NONE', #9055, 2.500000000000004441 ) ;
#8198 = DIRECTION ( 'NONE',  ( -0.8660254037844389297, 0.4999999999999996114, -0.000000000000000000 ) ) ;
#8199 = CARTESIAN_POINT ( 'NONE',  ( 19.26637946009364200, 3.104768497752546264, 28.67462904606507124 ) ) ;
#8200 = CARTESIAN_POINT ( 'NONE',  ( 12.02403168002676104, 14.87927209607449619, 29.28260443448914785 ) ) ;
#8201 = CIRCLE ( 'NONE', #3594, 0.2000000000000005107 ) ;
#8202 = ORIENTED_EDGE ( 'NONE', *, *, #1540, .F. ) ;
#8203 = CARTESIAN_POINT ( 'NONE',  ( 31.33008013980989759, -37.75833186246210005, 3.500000000000000000 ) ) ;
#8204 = CIRCLE ( 'NONE', #6495, 0.5000000000000011102 ) ;
#8205 = ORIENTED_EDGE ( 'NONE', *, *, #9366, .T. ) ;
#8206 = EDGE_LOOP ( 'NONE', ( #4600, #2598, #8590, #6392, #9113, #3236, #370, #6147, #8633, #8327, #6900, #6978, #4209, #3371 ) ) ;
#8207 = DIRECTION ( 'NONE',  ( -1.000000000000000000, 0.000000000000000000, 0.000000000000000000 ) ) ;
#8208 = DIRECTION ( 'NONE',  ( 0.000000000000000000, 0.000000000000000000, 1.000000000000000000 ) ) ;
#8209 = DIRECTION ( 'NONE',  ( 1.026956297778269800E-14, -1.000000000000000000, -0.000000000000000000 ) ) ;
#8210 = EDGE_CURVE ( 'NONE', #2165, #5318, #8760, .T. ) ;
#8211 = EDGE_LOOP ( 'NONE', ( #1683, #7421, #6791, #10226 ) ) ;
#8212 = CARTESIAN_POINT ( 'NONE',  ( 12.08607665108100271, 15.39647184674914548, 28.49984473210476210 ) ) ;
#8213 = CARTESIAN_POINT ( 'NONE',  ( -6.978038751388506711, 55.26510000294451430, 29.39571968233660471 ) ) ;
#8214 = FACE_OUTER_BOUND ( 'NONE', #4969, .T. ) ;
#8215 = EDGE_LOOP ( 'NONE', ( #10094, #8557, #4729, #3876 ) ) ;
#8216 = CARTESIAN_POINT ( 'NONE',  ( -12.31657206843000019, 15.06591490094891661, 28.65090257796835260 ) ) ;
#8217 = CARTESIAN_POINT ( 'NONE',  ( -7.008998637303348822, -18.28508139966480073, 28.57757612190031793 ) ) ;
#8218 = ORIENTED_EDGE ( 'NONE', *, *, #5966, .F. ) ;
#8219 = EDGE_LOOP ( 'NONE', ( #409, #698, #7656, #5530 ) ) ;
#8220 = LINE ( 'NONE', #4104, #459 ) ;
#8221 = DIRECTION ( 'NONE',  ( 0.8660254037844380415, 0.5000000000000008882, -0.000000000000000000 ) ) ;
#8222 = DIRECTION ( 'NONE',  ( 0.000000000000000000, -0.000000000000000000, -1.000000000000000000 ) ) ;
#8223 = CARTESIAN_POINT ( 'NONE',  ( 19.19950875757406905, 3.192308689261201593, 28.89440768571612494 ) ) ;
#8224 = DIRECTION ( 'NONE',  ( 0.000000000000000000, -1.000000000000000000, 0.000000000000000000 ) ) ;
#8225 = EDGE_CURVE ( 'NONE', #9318, #8804, #870, .T. ) ;
#8226 = DIRECTION ( 'NONE',  ( -0.8660254037844246078, -0.5000000000000245359, 0.000000000000000000 ) ) ;
#8227 = AXIS2_PLACEMENT_3D ( 'NONE', #5896, #4872, #4231 ) ;
#8228 = CARTESIAN_POINT ( 'NONE',  ( -12.32659905550633006, 14.90352929191284304, 29.04614486556389963 ) ) ;
#8229 = CARTESIAN_POINT ( 'NONE',  ( -6.772767325489480683, -18.23186499170785169, 29.02185115523096215 ) ) ;
#8230 = CARTESIAN_POINT ( 'NONE',  ( -12.20215502337711122, 15.07203672187042898, 29.39252822737534387 ) ) ;
#8231 = B_SPLINE_CURVE_WITH_KNOTS ( 'NONE', 3,
 ( #7093, #6141, #9403, #6350, #3678, #4689, #2065, #8550 ),
 .UNSPECIFIED., .F., .F.,
 ( 4, 2, 2, 4 ),
 ( 0.000000000000000000, 0.2500000000000000000, 0.5000000000000000000, 1.000000000000000000 ),
 .UNSPECIFIED. ) ;
#8232 = ORIENTED_EDGE ( 'NONE', *, *, #10287, .T. ) ;
#8233 = CARTESIAN_POINT ( 'NONE',  ( -12.24406460469503166, 15.09990799345204238, 29.39498270244655842 ) ) ;
#8234 = CARTESIAN_POINT ( 'NONE',  ( 36.47160686437763388, -6.128361707078958887, 7.000000000000000888 ) ) ;
#8235 = CARTESIAN_POINT ( 'NONE',  ( -19.25656319194531108, 2.931334419193532437, 28.56451453570659638 ) ) ;
#8236 = CARTESIAN_POINT ( 'NONE',  ( 19.13924248261636762, 2.955799057877065206, 29.38340163665451854 ) ) ;
#8237 = CARTESIAN_POINT ( 'NONE',  ( 19.41921750124225099, 2.756878278196399190, 28.49996611647303979 ) ) ;
#8238 = FACE_OUTER_BOUND ( 'NONE', #10161, .T. ) ;
#8239 = CARTESIAN_POINT ( 'NONE',  ( 12.65356630836799923, 14.65366738294876647, 28.91885614559774709 ) ) ;
#8240 = CARTESIAN_POINT ( 'NONE',  ( -6.899861369503896391, -18.16541618651292822, 29.33549628215135741 ) ) ;
#8241 = FACE_OUTER_BOUND ( 'NONE', #7036, .T. ) ;
#8242 = CARTESIAN_POINT ( 'NONE',  ( 6.977746305785082370, -17.89990657167750854, 29.32240613628837878 ) ) ;
#8243 = AXIS2_PLACEMENT_3D ( 'NONE', #5070, #2716, #7479 ) ;
#8244 = CARTESIAN_POINT ( 'NONE',  ( -33.00505192882414462, -19.05547561572357651, 0.000000000000000000 ) ) ;
#8245 = EDGE_LOOP ( 'NONE', ( #2827, #3719, #2524, #343 ) ) ;
#8246 = VECTOR ( 'NONE', #2831, 999.9999999999998863 ) ;
#8247 = CIRCLE ( 'NONE', #3285, 1.100000000000001199 ) ;
#8249 = ADVANCED_FACE ( 'NONE', ( #17 ), #4891, .T. ) ;
#8248 = DIRECTION ( 'NONE',  ( 1.101697372407250679E-15, -1.000000000000000000, -0.000000000000000000 ) ) ;
#8250 = CARTESIAN_POINT ( 'NONE',  ( -17.31198659095687375, -10.04040790171521103, 17.00000000000000000 ) ) ;
#8251 = FACE_OUTER_BOUND ( 'NONE', #1163, .T. ) ;
#8252 = CARTESIAN_POINT ( 'NONE',  ( 19.26109799889388086, 3.078548491410435073, 28.64782806934806914 ) ) ;
#8253 = CARTESIAN_POINT ( 'NONE',  ( 12.24952025952876156, 14.92522345157688335, 29.11222800498635266 ) ) ;
#8254 = ADVANCED_FACE ( 'NONE', ( #4839 ), #6034, .T. ) ;
#8255 = ORIENTED_EDGE ( 'NONE', *, *, #1310, .T. ) ;
#8256 = CARTESIAN_POINT ( 'NONE',  ( 9.388454410272055739, -19.54040790171519149, 31.79166666666666785 ) ) ;
#8257 = AXIS2_PLACEMENT_3D ( 'NONE', #2275, #652, #6105 ) ;
#8258 = ADVANCED_FACE ( 'NONE', ( #9865 ), #4089, .F. ) ;
#8259 = EDGE_LOOP ( 'NONE', ( #6439, #6625, #646 ) ) ;
#8260 = ORIENTED_EDGE ( 'NONE', *, *, #2681, .T. ) ;
#8261 = AXIS2_PLACEMENT_3D ( 'NONE', #8120, #8014, #8823 ) ;
#8262 = DIRECTION ( 'NONE',  ( -1.000000000000000000, 0.000000000000000000, 0.000000000000000000 ) ) ;
#8263 = DIRECTION ( 'NONE',  ( 0.8660254037844389297, -0.4999999999999996114, 0.000000000000000000 ) ) ;
#8264 = EDGE_CURVE ( 'NONE', #4833, #2452, #4335, .T. ) ;
#8265 = CARTESIAN_POINT ( 'NONE',  ( -18.29969215867381038, -1.351164127919593394, 28.20000000000000284 ) ) ;
#8266 = ORIENTED_EDGE ( 'NONE', *, *, #260, .T. ) ;
#8267 = CARTESIAN_POINT ( 'NONE',  ( 33.71300375832035456, -9.095496744896605534, 7.662430245785791350 ) ) ;
#8268 = AXIS2_PLACEMENT_3D ( 'NONE', #971, #864, #9000 ) ;
#8269 = CARTESIAN_POINT ( 'NONE',  ( -12.40392464058851374, 15.03514180000087563, 28.74532320453973711 ) ) ;
#8270 = PRESENTATION_STYLE_ASSIGNMENT (( #2648 ) ) ;
#8271 = EDGE_LOOP ( 'NONE', ( #9525, #3005, #4522, #3669 ) ) ;
#8272 = CARTESIAN_POINT ( 'NONE',  ( -12.34421016427119255, 15.06479812768722049, 28.67462904606510321 ) ) ;
#8273 = CARTESIAN_POINT ( 'NONE',  ( -6.964078809543055470, -18.24307273888536685, 28.59326734218237576 ) ) ;
#8274 = EDGE_LOOP ( 'NONE', ( #9063, #2019, #7338, #4945, #6016, #8757 ) ) ;
#8275 = ORIENTED_EDGE ( 'NONE', *, *, #10488, .T. ) ;
#8276 = CARTESIAN_POINT ( 'NONE',  ( -19.23005439790791726, 2.948165740763158293, 28.55311225895596650 ) ) ;
#8277 = DIRECTION ( 'NONE',  ( 0.8660254037844413721, -0.4999999999999951705, 0.000000000000000000 ) ) ;
#8278 = DIRECTION ( 'NONE',  ( 6.123233995736761105E-17, 1.060575238724907285E-16, 1.000000000000000000 ) ) ;
#8279 = CARTESIAN_POINT ( 'NONE',  ( 19.19092929431223382, 3.196620160373865538, 28.94515120338867575 ) ) ;
#8280 = B_SPLINE_CURVE_WITH_KNOTS ( 'NONE', 3,
 ( #4506, #2038, #10442, #9527, #3908, #1389 ),
 .UNSPECIFIED., .F., .F.,
 ( 4, 2, 4 ),
 ( -4.472146664851192517E-06, 0.0003123412476762522797, 0.0006291546420173557697 ),
 .UNSPECIFIED. ) ;
#8281 = CARTESIAN_POINT ( 'NONE',  ( 19.23839231025010577, 2.652478805500818382, 28.49996611647302203 ) ) ;
#8282 = LINE ( 'NONE', #293, #6031 ) ;
#8283 = VERTEX_POINT ( 'NONE', #704 ) ;
#8284 = CARTESIAN_POINT ( 'NONE',  ( -12.35102734251232270, 14.92770476325911311, 29.04663559663375594 ) ) ;
#8285 = CARTESIAN_POINT ( 'NONE',  ( -6.761714255158977060, -18.20516974263648180, 28.90391048942164787 ) ) ;
#8286 = CARTESIAN_POINT ( 'NONE',  ( -12.20860222691561425, 15.07669233938396758, 29.39315144937302193 ) ) ;
#8287 = AXIS2_PLACEMENT_3D ( 'NONE', #4907, #8171, #8873 ) ;
#8288 = ORIENTED_EDGE ( 'NONE', *, *, #7071, .T. ) ;
#8289 = CARTESIAN_POINT ( 'NONE',  ( 19.26281875765590357, 3.009317913127554700, 29.39529401309134116 ) ) ;
#8290 = EDGE_CURVE ( 'NONE', #10576, #3177, #3807, .T. ) ;
#8291 = FACE_OUTER_BOUND ( 'NONE', #4184, .T. ) ;
#8292 = CARTESIAN_POINT ( 'NONE',  ( -19.30091826149814338, 2.920404243707928504, 28.56666728119295939 ) ) ;
#8293 = CARTESIAN_POINT ( 'NONE',  ( 19.20579100746837398, 2.979949618268597167, 29.39291813971768264 ) ) ;
#8294 = CARTESIAN_POINT ( 'NONE',  ( 19.36436261409599879, 2.742269312710050144, 28.49483732229388977 ) ) ;
#8295 = CARTESIAN_POINT ( 'NONE',  ( 18.03881985881124450, -0.4207287952748415272, 31.85167049528329741 ) ) ;
#8296 = CARTESIAN_POINT ( 'NONE',  ( 7.377480116372955088, 17.59618134940923895, 28.20000000000000284 ) ) ;
#8297 = CARTESIAN_POINT ( 'NONE',  ( -6.895200779257122825, -18.13741228134818328, 29.33198943315051110 ) ) ;
#8298 = CARTESIAN_POINT ( 'NONE',  ( 19.40975672110861439, 2.755666939284762140, 28.30000000000000071 ) ) ;
#8299 = VERTEX_POINT ( 'NONE', #6500 ) ;
#8300 = CARTESIAN_POINT ( 'NONE',  ( 7.033171625172779606, 38.39461194331640570, 7.000000000000000888 ) ) ;
#8301 = EDGE_CURVE ( 'NONE', #2215, #8406, #5173, .T. ) ;
#8302 = CARTESIAN_POINT ( 'NONE',  ( -50.47810067980762483, -9.563468133790975045, 3.500000000000000000 ) ) ;
#8303 = VERTEX_POINT ( 'NONE', #7728 ) ;
#8304 = AXIS2_PLACEMENT_3D ( 'NONE', #5479, #5533, #1151 ) ;
#8305 = CIRCLE ( 'NONE', #5922, 0.4000000000000011324 ) ;
#8306 = CARTESIAN_POINT ( 'NONE',  ( -18.76025941512615702, 3.451109983602373976, 28.30000000000000071 ) ) ;
#8307 = DIRECTION ( 'NONE',  ( -0.000000000000000000, 0.000000000000000000, 1.000000000000000000 ) ) ;
#8308 = CARTESIAN_POINT ( 'NONE',  ( 19.26386998876338197, 3.077970872292367766, 28.64668381365771310 ) ) ;
#8309 = CARTESIAN_POINT ( 'NONE',  ( -13.00148707791700176, 7.425596260870780618, 38.50000000000000000 ) ) ;
#8310 = LINE ( 'NONE', #1079, #1255 ) ;
#8311 = ORIENTED_EDGE ( 'NONE', *, *, #8460, .T. ) ;
#8312 = DIRECTION ( 'NONE',  ( 0.000000000000000000, 0.8380880140562089187, 0.5455350407584463879 ) ) ;
#8313 = EDGE_CURVE ( 'NONE', #3177, #2817, #4150, .T. ) ;
#8314 = EDGE_CURVE ( 'NONE', #5285, #6751, #9278, .T. ) ;
#8315 = ORIENTED_EDGE ( 'NONE', *, *, #6464, .F. ) ;
#8316 = ORIENTED_EDGE ( 'NONE', *, *, #9505, .F. ) ;
#8317 = CARTESIAN_POINT ( 'NONE',  ( -22.45661409683913590, 1.048835872080384979, 28.20000000000000284 ) ) ;
#8318 = LINE ( 'NONE', #3443, #9721 ) ;
#8319 = CARTESIAN_POINT ( 'NONE',  ( 12.05705159979616070, 15.33025885934773846, 28.48360206924208171 ) ) ;
#8320 = EDGE_LOOP ( 'NONE', ( #3053, #127 ) ) ;
#8321 = CARTESIAN_POINT ( 'NONE',  ( 27.38233135750300207, -7.429442402202344198, 14.24047693322036778 ) ) ;
#8322 = EDGE_CURVE ( 'NONE', #7937, #161, #892, .T. ) ;
#8323 = CARTESIAN_POINT ( 'NONE',  ( -12.43618896611065594, 14.97925834892458141, 28.94042354627013580 ) ) ;
#8324 = ORIENTED_EDGE ( 'NONE', *, *, #4423, .F. ) ;
#8325 = CARTESIAN_POINT ( 'NONE',  ( -12.26914853369385305, 15.09937350214704566, 28.59326734218236510 ) ) ;
#8326 = CARTESIAN_POINT ( 'NONE',  ( -6.977726208136207475, -18.25428881140539872, 28.58956492107390090 ) ) ;
#8327 = ORIENTED_EDGE ( 'NONE', *, *, #3201, .T. ) ;
#8328 = ORIENTED_EDGE ( 'NONE', *, *, #1810, .F. ) ;
#8329 = CIRCLE ( 'NONE', #3024, 0.1999999999999987899 ) ;
#8330 = FACE_OUTER_BOUND ( 'NONE', #9976, .T. ) ;
#8331 = DIRECTION ( 'NONE',  ( 0.5000000000000008882, -0.8660254037844380415, -0.000000000000000000 ) ) ;
#8332 = CARTESIAN_POINT ( 'NONE',  ( 6.793535291629531514, -18.08653924370917565, 29.02640432078187516 ) ) ;
#8333 = CARTESIAN_POINT ( 'NONE',  ( 19.05766788874229789, 3.178635253528538929, 28.95152937505131518 ) ) ;
#8334 = CARTESIAN_POINT ( 'NONE',  ( -7.274262030994593786, -18.23767768936443900, 28.49994974110118662 ) ) ;
#8335 = DIRECTION ( 'NONE',  ( -1.000000000000000000, -1.015854067532018234E-14, 0.000000000000000000 ) ) ;
#8336 = VERTEX_POINT ( 'NONE', #4469 ) ;
#8337 = CARTESIAN_POINT ( 'NONE',  ( -12.32018465922754125, 14.89642668996280506, 29.04581233160117293 ) ) ;
#8338 = CARTESIAN_POINT ( 'NONE',  ( -6.754312834009014388, -18.19228333646874773, 28.95130519092491639 ) ) ;
#8339 = CARTESIAN_POINT ( 'NONE',  ( -12.32000863791652279, 14.97220315464964635, 29.23997667390560551 ) ) ;
#8340 = CIRCLE ( 'NONE', #2866, 11.99999999999999645 ) ;
#8341 = VERTEX_POINT ( 'NONE', #10092 ) ;
#8342 = CARTESIAN_POINT ( 'NONE',  ( -21.63340901608224698, 2.074668897000151890, 28.20000000000000284 ) ) ;
#8343 = CARTESIAN_POINT ( 'NONE',  ( -19.22927956979212283, 2.896647189881615958, 28.51710654835589764 ) ) ;
#8344 = CARTESIAN_POINT ( 'NONE',  ( 17.00852148289529708, 40.09113717595204918, 0.000000000000000000 ) ) ;
#8345 = CARTESIAN_POINT ( 'NONE',  ( 19.12948267006503755, 3.113719479173322924, 29.23475643499866194 ) ) ;
#8346 = CARTESIAN_POINT ( 'NONE',  ( -11.84036289588799384, 15.43672233804204552, 1.500000000000001332 ) ) ;
#8347 = CIRCLE ( 'NONE', #7668, 0.2000000000000005107 ) ;
#8348 = EDGE_CURVE ( 'NONE', #1177, #6122, #6259, .T. ) ;
#8349 = FACE_OUTER_BOUND ( 'NONE', #1970, .T. ) ;
#8350 = CARTESIAN_POINT ( 'NONE',  ( -6.963788316974617310, -18.11355993165571832, 29.38474030247031266 ) ) ;
#8351 = CARTESIAN_POINT ( 'NONE',  ( 6.643268684317573225, -18.04457554005850994, 28.34963024200234827 ) ) ;
#8352 = ADVANCED_FACE ( 'NONE', ( #1089 ), #10605, .F. ) ;
#8353 = ORIENTED_EDGE ( 'NONE', *, *, #9460, .T. ) ;
#8354 = CARTESIAN_POINT ( 'NONE',  ( -12.03340901608232549, 18.70235664966126166, 7.499999999999999112 ) ) ;
#8355 = DIRECTION ( 'NONE',  ( 0.8660254037844413721, -0.4999999999999951705, 0.000000000000000000 ) ) ;
#8356 = ORIENTED_EDGE ( 'NONE', *, *, #8314, .F. ) ;
#8357 = CARTESIAN_POINT ( 'NONE',  ( -12.28805384638121190, 18.66129886569883567, 32.00000000000000000 ) ) ;
#8358 = CARTESIAN_POINT ( 'NONE',  ( 39.99033417765404863, -42.75833186246229900, 7.000000000000000000 ) ) ;
#8359 = VECTOR ( 'NONE', #5749, 1000.000000000000114 ) ;
#8360 = CARTESIAN_POINT ( 'NONE',  ( 0.000000000000000000, 30.00000000000000000, 5.000000000000000000 ) ) ;
#8361 = CARTESIAN_POINT ( 'NONE',  ( 19.31817414862867821, 3.004488323006501815, 28.57740905904211459 ) ) ;
#8362 = DIRECTION ( 'NONE',  ( 1.000000000000000000, 0.000000000000000000, 0.000000000000000000 ) ) ;
#8363 = CARTESIAN_POINT ( 'NONE',  ( -8.526487077917002111, 15.17652362474151673, 7.499999999999999112 ) ) ;
#8364 = ADVANCED_FACE ( 'NONE', ( #5691 ), #1242, .T. ) ;
#8365 = EDGE_LOOP ( 'NONE', ( #10352, #9410, #8949, #10050 ) ) ;
#8366 = CARTESIAN_POINT ( 'NONE',  ( 7.380412634256785509, -18.24936383301927734, 28.49923837352875466 ) ) ;
#8367 = CIRCLE ( 'NONE', #661, 0.2000000000000005107 ) ;
#8368 = AXIS2_PLACEMENT_3D ( 'NONE', #8317, #10030, #7515 ) ;
#8369 = VECTOR ( 'NONE', #9181, 1000.000000000000000 ) ;
#8370 = VERTEX_POINT ( 'NONE', #9218 ) ;
#8371 = DIRECTION ( 'NONE',  ( 0.4249999999999965472, 0.7361215932167748388, -0.5267826876426371374 ) ) ;
#8372 = DIRECTION ( 'NONE',  ( 1.101697372407250679E-15, -1.000000000000000000, -0.000000000000000000 ) ) ;
#8373 = EDGE_CURVE ( 'NONE', #8427, #4081, #718, .T. ) ;
#8374 = CARTESIAN_POINT ( 'NONE',  ( 12.07113530509434618, 15.24226032134507314, 28.46514168363514230 ) ) ;
#8375 = ORIENTED_EDGE ( 'NONE', *, *, #10083, .F. ) ;
#8376 = DIRECTION ( 'NONE',  ( -0.8660254037844382635, -0.5000000000000008882, 0.000000000000000000 ) ) ;
#8377 = DIRECTION ( 'NONE',  ( 0.5000000000000005551, -0.8660254037844382635, 0.000000000000000000 ) ) ;
#8378 = CIRCLE ( 'NONE', #7862, 1.099999999999998757 ) ;
#8379 = ORIENTED_EDGE ( 'NONE', *, *, #4838, .F. ) ;
#8380 = ADVANCED_FACE ( 'NONE', ( #1184 ), #6762, .F. ) ;
#8381 = CARTESIAN_POINT ( 'NONE',  ( -12.28723101065057577, 15.23726109597303235, 28.54298074442859701 ) ) ;
#8382 = CARTESIAN_POINT ( 'NONE',  ( -7.014733739653204125, -18.29254667571223081, 28.57471318643952785 ) ) ;
#8383 = AXIS2_PLACEMENT_3D ( 'NONE', #8489, #5873, #1852 ) ;
#8384 = ORIENTED_EDGE ( 'NONE', *, *, #8832, .F. ) ;
#8385 = ORIENTED_EDGE ( 'NONE', *, *, #8917, .T. ) ;
#8386 = CARTESIAN_POINT ( 'NONE',  ( -8.297217398889493722, 15.85771902331891958, 32.00000000000000000 ) ) ;
#8387 = CARTESIAN_POINT ( 'NONE',  ( 9.197776496496659959, -19.84040790171517799, 28.20000000000000284 ) ) ;
#8388 = EDGE_CURVE ( 'NONE', #7147, #2957, #1378, .T. ) ;
#8389 = CARTESIAN_POINT ( 'NONE',  ( -7.065847071325322304, -18.11171079575757403, 28.45309165528606243 ) ) ;
#8390 = CARTESIAN_POINT ( 'NONE',  ( 19.21534785839830661, 3.206257877155994418, 28.94354312917896266 ) ) ;
#8391 = CARTESIAN_POINT ( 'NONE',  ( -7.226105317173020737, -18.16728594307588907, 28.48692695881641868 ) ) ;
#8392 = DIRECTION ( 'NONE',  ( 0.000000000000000000, 0.000000000000000000, 1.000000000000000000 ) ) ;
#8393 = VERTEX_POINT ( 'NONE', #1135 ) ;
#8394 = CARTESIAN_POINT ( 'NONE',  ( -12.41732598367126350, 14.97634004969418520, 29.01997792675009791 ) ) ;
#8395 = CARTESIAN_POINT ( 'NONE',  ( -6.777830605653520024, -18.26321703518497941, 28.94571405697833910 ) ) ;
#8396 = EDGE_LOOP ( 'NONE', ( #3277, #4366 ) ) ;
#8397 = CARTESIAN_POINT ( 'NONE',  ( 19.14204989412066382, 2.955575880257852894, 29.38462329228585190 ) ) ;
#8398 = DIRECTION ( 'NONE',  ( 0.5000000000000008882, -0.8660254037844380415, 0.000000000000000000 ) ) ;
#8399 = CARTESIAN_POINT ( 'NONE',  ( -19.23551091813654423, 2.939725364515161310, 28.56018073993780249 ) ) ;
#8400 = CARTESIAN_POINT ( 'NONE',  ( 10.01533131646632313, -15.04040790171518260, 32.00000000000000000 ) ) ;
#8401 = CARTESIAN_POINT ( 'NONE',  ( 19.29832540148365538, 3.123208683411914599, 29.33287930512287289 ) ) ;
#8402 = CARTESIAN_POINT ( 'NONE',  ( -6.010224411393549460, -17.54040790171494280, 28.72500000000000497 ) ) ;
#8403 = CARTESIAN_POINT ( 'NONE',  ( 20.38929697658826612, 3.659053448735055003, 29.39571968233660115 ) ) ;
#8404 = CARTESIAN_POINT ( 'NONE',  ( -6.966497212609112921, -18.12593662467095612, 29.38682461120498246 ) ) ;
#8405 = FACE_OUTER_BOUND ( 'NONE', #5370, .T. ) ;
#8406 = VERTEX_POINT ( 'NONE', #1990 ) ;
#8407 = CARTESIAN_POINT ( 'NONE',  ( -6.309626684425766463, -18.32458936113985359, 28.91493863717537138 ) ) ;
#8408 = EDGE_CURVE ( 'NONE', #9487, #1356, #5346, .T. ) ;
#8409 = CARTESIAN_POINT ( 'NONE',  ( -24.13250881959557859, -20.04040790171521635, 10.85903262034628192 ) ) ;
#8410 = ORIENTED_EDGE ( 'NONE', *, *, #3733, .T. ) ;
#8411 = CARTESIAN_POINT ( 'NONE',  ( 22.81119697378128208, 0.06419960274587493965, 28.19999999999999929 ) ) ;
#8412 = DIRECTION ( 'NONE',  ( 1.000000000000000000, 0.000000000000000000, 0.000000000000000000 ) ) ;
#8413 = LINE ( 'NONE', #4296, #1129 ) ;
#8414 = CARTESIAN_POINT ( 'NONE',  ( 19.29917318149973937, 3.008701074325913272, 28.58310512903453926 ) ) ;
#8415 = DIRECTION ( 'NONE',  ( 1.000000000000000000, 0.000000000000000000, 0.000000000000000000 ) ) ;
#8416 = CARTESIAN_POINT ( 'NONE',  ( 17.00852148289529708, 55.26410000294389846, 0.000000000000000000 ) ) ;
#8417 = ORIENTED_EDGE ( 'NONE', *, *, #9921, .F. ) ;
#8418 = CARTESIAN_POINT ( 'NONE',  ( 6.887027079464369095, -17.81095286227234098, 29.25474978903322665 ) ) ;
#8419 = VECTOR ( 'NONE', #403, 1000.000000000000000 ) ;
#8420 = VECTOR ( 'NONE', #2575, 999.9999999999998863 ) ;
#8421 = AXIS2_PLACEMENT_3D ( 'NONE', #1078, #968, #5852 ) ;
#8422 = VERTEX_POINT ( 'NONE', #272 ) ;
#8423 = CARTESIAN_POINT ( 'NONE',  ( 17.32902956042068610, -20.04040790171517372, 17.00000000000000000 ) ) ;
#8424 = ADVANCED_FACE ( 'NONE', ( #9972 ), #6813, .F. ) ;
#8425 = DIRECTION ( 'NONE',  ( -0.4999999999999985567, -0.8660254037844395958, 0.000000000000000000 ) ) ;
#8426 = CARTESIAN_POINT ( 'NONE',  ( -10.20222350350310769, -15.24040790171519966, 28.19999999999999929 ) ) ;
#8427 = VERTEX_POINT ( 'NONE', #2691 ) ;
#8428 = CARTESIAN_POINT ( 'NONE',  ( -10.20222350350310769, -15.24040790171519966, 28.19999999999999929 ) ) ;
#8429 = TOROIDAL_SURFACE ( 'NONE', #8768, 0.3000000000000000444, 0.2000000000000000111 ) ;
#8430 = CARTESIAN_POINT ( 'NONE',  ( -7.142565629400793092, -18.13383826391242692, 28.46938304771101969 ) ) ;
#8431 = VERTEX_POINT ( 'NONE', #2800 ) ;
#8432 = CARTESIAN_POINT ( 'NONE',  ( -12.16236181011860396, 15.27036317153096867, 28.51214689833580351 ) ) ;
#8433 = CARTESIAN_POINT ( 'NONE',  ( -7.061428071239630455, -18.27590943492472775, 28.55056779011843204 ) ) ;
#8434 = ORIENTED_EDGE ( 'NONE', *, *, #4379, .F. ) ;
#8435 = EDGE_CURVE ( 'NONE', #9182, #9391, #7903, .T. ) ;
#8436 = ORIENTED_EDGE ( 'NONE', *, *, #982, .T. ) ;
#8437 = AXIS2_PLACEMENT_3D ( 'NONE', #9766, #5753, #9010 ) ;
#8438 = DIRECTION ( 'NONE',  ( 1.000000000000000000, 0.000000000000000000, 0.000000000000000000 ) ) ;
#8439 = DIRECTION ( 'NONE',  ( 0.000000000000000000, 0.000000000000000000, -1.000000000000000000 ) ) ;
#8440 = CARTESIAN_POINT ( 'NONE',  ( 17.32902956042067544, -15.04040790171517905, 0.000000000000000000 ) ) ;
#8441 = CARTESIAN_POINT ( 'NONE',  ( 19.15678736430640328, 3.186327517167258261, 28.94788551875329929 ) ) ;
#8442 = AXIS2_PLACEMENT_3D ( 'NONE', #9683, #5206, #5256 ) ;
#8443 = CARTESIAN_POINT ( 'NONE',  ( -7.470624290268027323, -18.04040790171496056, 28.50000000000000000 ) ) ;
#8444 = LINE ( 'NONE', #7638, #7776 ) ;
#8445 = ORIENTED_EDGE ( 'NONE', *, *, #2267, .T. ) ;
#8446 = CARTESIAN_POINT ( 'NONE',  ( -12.36357250350511627, 14.93998277504909744, 28.89814397474032148 ) ) ;
#8447 = CARTESIAN_POINT ( 'NONE',  ( -6.742775950516001870, -18.17398958790580821, 28.81791463472499970 ) ) ;
#8448 = CIRCLE ( 'NONE', #5886, 1.100000000000001643 ) ;
#8449 = EDGE_CURVE ( 'NONE', #4397, #4156, #6645, .T. ) ;
#8450 = ORIENTED_EDGE ( 'NONE', *, *, #3106, .T. ) ;
#8451 = LINE ( 'NONE', #9356, #8246 ) ;
#8452 = ORIENTED_EDGE ( 'NONE', *, *, #6073, .F. ) ;
#8453 = ADVANCED_FACE ( 'NONE', ( #3542 ), #4298, .T. ) ;
#8454 = CARTESIAN_POINT ( 'NONE',  ( -11.91356797664488276, 15.36351725728515660, 28.30000000000000071 ) ) ;
#8455 = CARTESIAN_POINT ( 'NONE',  ( -19.41511943636941950, 2.857110481941603997, 28.52533389698557187 ) ) ;
#8456 = CARTESIAN_POINT ( 'NONE',  ( 13.69561915385689055, 15.85284334793024819, 28.76246116571126166 ) ) ;
#8457 = CARTESIAN_POINT ( 'NONE',  ( 19.18110355339998563, 3.049232829092622943, 29.33714389456462612 ) ) ;
#8458 = DIRECTION ( 'NONE',  ( -1.000000000000000000, -1.015854067532018234E-14, 0.000000000000000000 ) ) ;
#8459 = CARTESIAN_POINT ( 'NONE',  ( 20.43421085311876340, 3.762333193229531414, 29.33713232603204091 ) ) ;
#8460 = EDGE_CURVE ( 'NONE', #5980, #1416, #2581, .T. ) ;
#8461 = CARTESIAN_POINT ( 'NONE',  ( -6.977861797642962216, -18.23277324156326173, 29.39558262291641810 ) ) ;
#8462 = CARTESIAN_POINT ( 'NONE',  ( -12.24089094351311857, 15.03878260596104077, 28.55232788439266045 ) ) ;
#8463 = ORIENTED_EDGE ( 'NONE', *, *, #1372, .T. ) ;
#8464 = FACE_OUTER_BOUND ( 'NONE', #7557, .T. ) ;
#8465 = EDGE_CURVE ( 'NONE', #10299, #2960, #2746, .T. ) ;
#8466 = CARTESIAN_POINT ( 'NONE',  ( -27.68487883463526700, -21.91617996693401693, 7.936945742143365123 ) ) ;
#8467 = EDGE_LOOP ( 'NONE', ( #10228, #10195, #4887, #6442, #754 ) ) ;
#8468 = CARTESIAN_POINT ( 'NONE',  ( -10.20222350350324980, -15.24040790171519966, 7.499999999999999112 ) ) ;
#8469 = DIRECTION ( 'NONE',  ( 0.5000000000000006661, -0.8660254037844381525, 0.000000000000000000 ) ) ;
#8470 = DIRECTION ( 'NONE',  ( 0.4999999999999996669, 0.8660254037844388186, 0.000000000000000000 ) ) ;
#8471 = CARTESIAN_POINT ( 'NONE',  ( 19.38724719503085936, 2.969191619088033196, 28.54298074442858635 ) ) ;
#8472 = CARTESIAN_POINT ( 'NONE',  ( -12.38131642648536257, 18.21566429129138243, 32.00000000000000000 ) ) ;
#8473 = LINE ( 'NONE', #9219, #6730 ) ;
#8474 = CARTESIAN_POINT ( 'NONE',  ( 7.287719647521007538, -18.26649014383763614, 28.50210028669980034 ) ) ;
#8475 = CIRCLE ( 'NONE', #4372, 10.00000000000000178 ) ;
#8476 = ORIENTED_EDGE ( 'NONE', *, *, #6370, .T. ) ;
#8477 = CARTESIAN_POINT ( 'NONE',  ( 31.33064391108925051, -31.98515466406566432, 7.000000000000000000 ) ) ;
#8478 = DIRECTION ( 'NONE',  ( -0.8660254037844381525, -0.5000000000000009992, 0.000000000000000000 ) ) ;
#8479 = CARTESIAN_POINT ( 'NONE',  ( 12.15375465814014611, 15.46072286082483949, 28.49868176105873019 ) ) ;
#8480 = ORIENTED_EDGE ( 'NONE', *, *, #2949, .F. ) ;
#8481 = CIRCLE ( 'NONE', #4885, 11.49999999999999645 ) ;
#8482 = LINE ( 'NONE', #5974, #4677 ) ;
#8483 = VERTEX_POINT ( 'NONE', #4353 ) ;
#8484 = CARTESIAN_POINT ( 'NONE',  ( -12.28572870918228510, 15.16586565700024103, 28.57541295217091104 ) ) ;
#8485 = ORIENTED_EDGE ( 'NONE', *, *, #1192, .F. ) ;
#8486 = EDGE_CURVE ( 'NONE', #3613, #1952, #9325, .T. ) ;
#8487 = ORIENTED_EDGE ( 'NONE', *, *, #9918, .T. ) ;
#8488 = ORIENTED_EDGE ( 'NONE', *, *, #306, .F. ) ;
#8489 = CARTESIAN_POINT ( 'NONE',  ( -11.38340901608232514, 19.82818967458103998, 7.499999999999999112 ) ) ;
#8490 = FACE_OUTER_BOUND ( 'NONE', #1253, .T. ) ;
#8491 = DIRECTION ( 'NONE',  ( -1.026956297778269800E-14, 1.000000000000000000, 0.000000000000000000 ) ) ;
#8492 = CARTESIAN_POINT ( 'NONE',  ( 19.21748754664804437, 3.168642037191047311, 28.80029899059491783 ) ) ;
#8493 = CARTESIAN_POINT ( 'NONE',  ( -10.20222350350305796, -19.84040790171520641, 28.19999999999999929 ) ) ;
#8494 = DIRECTION ( 'NONE',  ( -0.5000000000000009992, 0.8660254037844381525, 0.000000000000000000 ) ) ;
#8495 = ORIENTED_EDGE ( 'NONE', *, *, #6547, .F. ) ;
#8496 = EDGE_CURVE ( 'NONE', #2890, #7353, #1775, .T. ) ;
#8497 = CARTESIAN_POINT ( 'NONE',  ( -12.36743984419732811, 14.93661633635192842, 28.94703554307199411 ) ) ;
#8498 = CARTESIAN_POINT ( 'NONE',  ( -6.816842777120641017, -18.28038546122123620, 28.80029899059452703 ) ) ;
#8499 = CIRCLE ( 'NONE', #9690, 2.499999999999999556 ) ;
#8500 = ORIENTED_EDGE ( 'NONE', *, *, #4110, .F. ) ;
#8501 = LINE ( 'NONE', #8556, #411 ) ;
#8502 = ORIENTED_EDGE ( 'NONE', *, *, #9294, .F. ) ;
#8503 = DIRECTION ( 'NONE',  ( 1.026956297778269800E-14, -1.000000000000000000, -0.000000000000000000 ) ) ;
#8504 = CARTESIAN_POINT ( 'NONE',  ( -19.18587054207125320, 3.108496204016514497, 28.84933697923703022 ) ) ;
#8505 = FACE_OUTER_BOUND ( 'NONE', #10034, .T. ) ;
#8506 = CARTESIAN_POINT ( 'NONE',  ( 19.25676366515586224, 3.005389365097820953, 29.39558262291634705 ) ) ;
#8507 = DIRECTION ( 'NONE',  ( -1.000000000000000000, 0.000000000000000000, 0.000000000000000000 ) ) ;
#8508 = CARTESIAN_POINT ( 'NONE',  ( -19.44051118501205977, 2.719355693669884388, 28.49953455754358345 ) ) ;
#8509 = EDGE_CURVE ( 'NONE', #1413, #3617, #1068, .T. ) ;
#8510 = CARTESIAN_POINT ( 'NONE',  ( -6.821919207330003232, -18.18408525647550178, 29.23570562211343571 ) ) ;
#8511 = CARTESIAN_POINT ( 'NONE',  ( 10.29777649649675553, -15.24040790171518545, 7.500000000000001776 ) ) ;
#8512 = EDGE_LOOP ( 'NONE', ( #351, #2213, #3406, #8653, #10175, #4778, #6710, #10419 ) ) ;
#8513 = CARTESIAN_POINT ( 'NONE',  ( 20.60202684857812727, 3.890594502160988899, 28.69938302371408412 ) ) ;
#8514 = EDGE_CURVE ( 'NONE', #8704, #4235, #2265, .T. ) ;
#8515 =( BOUNDED_SURFACE ( )  B_SPLINE_SURFACE ( 3, 2, ( 
 ( #721, #7906, #514 ),
 ( #5611, #8009, #8870 ),
 ( #5395, #2176, #4698 ),
 ( #6360, #8065, #7211 ),
 ( #7956, #10369, #8818 ),
 ( #2339, #2126, #10478 ),
 ( #2979, #6303, #3030 ),
 ( #4595, #9574, #3139 ) ),
 .UNSPECIFIED., .F., .F., .T. ) 
 B_SPLINE_SURFACE_WITH_KNOTS ( ( 4, 2, 2, 4 ),
 ( 3, 3 ),
 ( 0.003954194195918686074, 0.004451794748634050822, 0.004700595024991732762, 0.004949395301349414703 ),
 ( 0.000000000000000000, 1.000000000000000000 ),
 .UNSPECIFIED. ) 
 GEOMETRIC_REPRESENTATION_ITEM ( )  RATIONAL_B_SPLINE_SURFACE ( (
 ( 1.000000000000000000, 0.7071067811865482389, 1.000000000000000000),
 ( 1.000000000000000000, 0.6690556486998919805, 1.000000000000000000),
 ( 1.000000000000000000, 0.6284388346623280830, 1.000000000000000000),
 ( 1.000000000000000000, 0.5613352979808204912, 1.000000000000000000),
 ( 1.000000000000000000, 0.5377691402914031027, 1.000000000000000000),
 ( 1.000000000000000000, 0.4886680682764852346, 1.000000000000000000),
 ( 1.000000000000000000, 0.4634483138217323495, 1.000000000000000000),
 ( 1.000000000000000000, 0.4379152334966600058, 1.000000000000000000) ) ) 
 REPRESENTATION_ITEM ( '' )  SURFACE ( )  );
#8516 = ORIENTED_EDGE ( 'NONE', *, *, #5075, .F. ) ;
#8517 = AXIS2_PLACEMENT_3D ( 'NONE', #9588, #9426, #1334 ) ;
#8518 = FACE_OUTER_BOUND ( 'NONE', #237, .T. ) ;
#8519 = CARTESIAN_POINT ( 'NONE',  ( 7.184385800462279370, -18.11770646187447298, 28.45793782530211047 ) ) ;
#8520 = DIRECTION ( 'NONE',  ( -1.000000000000000000, 2.168404344971022121E-14, 0.000000000000000000 ) ) ;
#8521 = CARTESIAN_POINT ( 'NONE',  ( 19.33590384122742378, 2.954586945943892484, 28.55056779011838586 ) ) ;
#8522 = DIRECTION ( 'NONE',  ( 0.5000000000000008882, -0.8660254037844381525, 0.000000000000000000 ) ) ;
#8523 = CARTESIAN_POINT ( 'NONE',  ( -13.84508176246783329, 15.79507541205220278, 28.98279996358742139 ) ) ;
#8524 = CARTESIAN_POINT ( 'NONE',  ( 12.32565478500248446, 18.62569141861765587, 32.00000000000000000 ) ) ;
#8525 = CARTESIAN_POINT ( 'NONE',  ( 7.264816004265503224, -18.23218931920294850, 28.50553624585260692 ) ) ;
#8526 = CIRCLE ( 'NONE', #10063, 1.099999999999999867 ) ;
#8527 = ORIENTED_EDGE ( 'NONE', *, *, #7825, .F. ) ;
#8528 = DIRECTION ( 'NONE',  ( -1.000000000000000000, 0.000000000000000000, 0.000000000000000000 ) ) ;
#8529 = DIRECTION ( 'NONE',  ( 0.4999999999999995004, 0.8660254037844388186, 0.000000000000000000 ) ) ;
#8530 = CARTESIAN_POINT ( 'NONE',  ( 12.03417710969800325, 15.23662299211474291, 28.44199842221667751 ) ) ;
#8531 = VERTEX_POINT ( 'NONE', #1237 ) ;
#8532 = DIRECTION ( 'NONE',  ( 0.8660254037844243857, 0.5000000000000246470, 0.000000000000000000 ) ) ;
#8533 = TOROIDAL_SURFACE ( 'NONE', #5284, 1.300000000000000266, 0.2000000000000000111 ) ;
#8534 = ORIENTED_EDGE ( 'NONE', *, *, #8301, .F. ) ;
#8535 = CARTESIAN_POINT ( 'NONE',  ( -12.24992729578686834, 15.20158517420661148, 28.55017081357746989 ) ) ;
#8536 = VERTEX_POINT ( 'NONE', #2191 ) ;
#8537 = AXIS2_PLACEMENT_3D ( 'NONE', #8477, #1033, #7671 ) ;
#8538 = CIRCLE ( 'NONE', #2548, 0.5000000000000011102 ) ;
#8539 = ORIENTED_EDGE ( 'NONE', *, *, #6210, .F. ) ;
#8540 = ORIENTED_EDGE ( 'NONE', *, *, #2464, .T. ) ;
#8541 = EDGE_CURVE ( 'NONE', #3620, #5599, #2947, .T. ) ;
#8542 = CIRCLE ( 'NONE', #2555, 2.500000000002149836 ) ;
#8543 = CARTESIAN_POINT ( 'NONE',  ( 21.52152892731469080, -20.04040790171517017, 12.95499663904785237 ) ) ;
#8544 = CARTESIAN_POINT ( 'NONE',  ( -17.31198659095687375, -10.04040790171521103, 32.00000000000000000 ) ) ;
#8545 = CARTESIAN_POINT ( 'NONE',  ( -9.102223503503973134, 55.26510000294449299, 7.499999999999999112 ) ) ;
#8546 = AXIS2_PLACEMENT_3D ( 'NONE', #7558, #6808, #9213 ) ;
#8547 = CARTESIAN_POINT ( 'NONE',  ( 19.11630614374113080, 3.170459199605959899, 28.82398119184969332 ) ) ;
#8548 = CIRCLE ( 'NONE', #3930, 0.1999999999999986233 ) ;
#8549 = PLANE ( 'NONE',  #7274 ) ;
#8550 = CARTESIAN_POINT ( 'NONE',  ( 19.38051527310400601, 2.738784381407808333, 28.49712918849862220 ) ) ;
#8551 = VERTEX_POINT ( 'NONE', #4664 ) ;
#8552 = CARTESIAN_POINT ( 'NONE',  ( -12.32211982289815033, 14.88411593718761772, 28.82450158673660567 ) ) ;
#8553 = CARTESIAN_POINT ( 'NONE',  ( -6.782544157908993121, -18.25705099296019540, 28.89657593214030840 ) ) ;
#8554 = TOROIDAL_SURFACE ( 'NONE', #844, 1.299999999999999378, 0.2000000000000000111 ) ;
#8555 = ORIENTED_EDGE ( 'NONE', *, *, #1730, .F. ) ;
#8556 = CARTESIAN_POINT ( 'NONE',  ( 2.500000000000000000, 30.00000000000000000, 5.000000000000000000 ) ) ;
#8557 = ORIENTED_EDGE ( 'NONE', *, *, #4182, .F. ) ;
#8558 = CARTESIAN_POINT ( 'NONE',  ( -10.20222350350383067, 55.26510000294447877, 28.19999999999999929 ) ) ;
#8559 = CARTESIAN_POINT ( 'NONE',  ( -19.09874046014146032, 3.111532328354585264, 28.97952457874333376 ) ) ;
#8560 = CARTESIAN_POINT ( 'NONE',  ( 13.79081742827618129, 15.83786312003604912, 29.05162968331426043 ) ) ;
#8561 = CARTESIAN_POINT ( 'NONE',  ( 19.21112465978304940, 3.188250436257363152, 29.12158795116022958 ) ) ;
#8562 = EDGE_CURVE ( 'NONE', #7831, #1994, #4999, .T. ) ;
#8563 = CARTESIAN_POINT ( 'NONE',  ( 19.30214039191502806, 3.116600926154414086, 28.65825201690173429 ) ) ;
#8564 = AXIS2_PLACEMENT_3D ( 'NONE', #9100, #1762, #4017 ) ;
#8565 = CARTESIAN_POINT ( 'NONE',  ( 12.27883646465942036, 15.19973580307385497, 29.39427216176076030 ) ) ;
#8566 = CARTESIAN_POINT ( 'NONE',  ( -6.830235032593237499, -18.23692723661878290, 29.24108934703824758 ) ) ;
#8567 = CARTESIAN_POINT ( 'NONE',  ( 7.329375709731973387, -18.04040790171480779, 28.30000000000000071 ) ) ;
#8568 = VERTEX_POINT ( 'NONE', #6921 ) ;
#8569 = DIRECTION ( 'NONE',  ( -1.000000000000000000, 0.000000000000000000, 0.000000000000000000 ) ) ;
#8570 = ORIENTED_EDGE ( 'NONE', *, *, #3009, .F. ) ;
#8571 = CARTESIAN_POINT ( 'NONE',  ( -19.36327455772380901, 2.685558433314242155, 28.49083063785899128 ) ) ;
#8572 = DIRECTION ( 'NONE',  ( -1.101697372407250679E-15, 1.000000000000000000, 0.000000000000000000 ) ) ;
#8573 = ADVANCED_FACE ( 'NONE', ( #2140 ), #5466, .F. ) ;
#8574 = CARTESIAN_POINT ( 'NONE',  ( -17.31198659095686665, -15.04040790171521280, 0.000000000000000000 ) ) ;
#8575 = CARTESIAN_POINT ( 'NONE',  ( 19.32696494860505609, 3.003344043704217814, 28.57471318643951363 ) ) ;
#8576 = CARTESIAN_POINT ( 'NONE',  ( -16.89860139494699709, 9.675596260870763743, 38.50000000000000000 ) ) ;
#8577 =( NAMED_UNIT ( * ) PLANE_ANGLE_UNIT ( ) SI_UNIT ( $, .RADIAN. ) );
#8578 = VECTOR ( 'NONE', #1930, 1000.000000000000000 ) ;
#8579 = CARTESIAN_POINT ( 'NONE',  ( 7.131867761840251951, -18.19264198059218174, 28.52222265274844304 ) ) ;
#8580 = EDGE_CURVE ( 'NONE', #6029, #9002, #1405, .T. ) ;
#8581 = ORIENTED_EDGE ( 'NONE', *, *, #4713, .T. ) ;
#8582 = DIRECTION ( 'NONE',  ( -0.8660254037844389297, 0.4999999999999996114, -0.000000000000000000 ) ) ;
#8583 = EDGE_CURVE ( 'NONE', #2100, #865, #381, .T. ) ;
#8584 = CARTESIAN_POINT ( 'NONE',  ( 12.24996584047728554, 15.25129140499516822, 28.56026364947695484 ) ) ;
#8585 = VERTEX_POINT ( 'NONE', #376 ) ;
#8586 = DIRECTION ( 'NONE',  ( 1.000000000000000000, 0.000000000000000000, 0.000000000000000000 ) ) ;
#8587 = ORIENTED_EDGE ( 'NONE', *, *, #2282, .F. ) ;
#8588 = CARTESIAN_POINT ( 'NONE',  ( -12.17647041563339094, 15.08242147537841937, 28.49763560990099620 ) ) ;
#8589 = CIRCLE ( 'NONE', #6709, 5.000000000000000888 ) ;
#8590 = ORIENTED_EDGE ( 'NONE', *, *, #4502, .T. ) ;
#8591 = EDGE_CURVE ( 'NONE', #1631, #9487, #6204, .T. ) ;
#8592 = ORIENTED_EDGE ( 'NONE', *, *, #2819, .F. ) ;
#8593 = ADVANCED_FACE ( 'NONE', ( #3809 ), #9951, .T. ) ;
#8594 = ORIENTED_EDGE ( 'NONE', *, *, #2654, .T. ) ;
#8595 = CARTESIAN_POINT ( 'NONE',  ( 7.056527575634209626, -18.08272988866751163, 29.38249564221041865 ) ) ;
#8596 = AXIS2_PLACEMENT_3D ( 'NONE', #811, #4146, #3176 ) ;
#8597 = CARTESIAN_POINT ( 'NONE',  ( 19.23440554005132341, 3.206324294148056087, 28.89164846083752991 ) ) ;
#8598 = CARTESIAN_POINT ( 'NONE',  ( 8.027480116372956331, 16.47034832448947128, 28.20000000000000284 ) ) ;
#8599 = LINE ( 'NONE', #3728, #3051 ) ;
#8600 = ORIENTED_EDGE ( 'NONE', *, *, #3737, .F. ) ;
#8601 = CARTESIAN_POINT ( 'NONE',  ( -12.38957974227019854, 14.95646132892542468, 28.94484905524020135 ) ) ;
#8602 = CARTESIAN_POINT ( 'NONE',  ( -6.809885628147951842, -18.23494183026016202, 28.77428108138870044 ) ) ;
#8603 = VECTOR ( 'NONE', #1816, 1000.000000000000000 ) ;
#8604 = ORIENTED_EDGE ( 'NONE', *, *, #914, .F. ) ;
#8605 = DIRECTION ( 'NONE',  ( 0.5000000000000008882, -0.8660254037844380415, 0.000000000000000000 ) ) ;
#8606 = CARTESIAN_POINT ( 'NONE',  ( 0.000000000000000000, 30.00000000000000000, 5.000000000000000000 ) ) ;
#8607 = CIRCLE ( 'NONE', #9977, 0.1999999999999996503 ) ;
#8608 = CARTESIAN_POINT ( 'NONE',  ( -19.19765273085999269, 3.110274542610576454, 28.84912762590761304 ) ) ;
#8609 = FACE_OUTER_BOUND ( 'NONE', #1738, .T. ) ;
#8610 = CARTESIAN_POINT ( 'NONE',  ( 19.13694168169001131, 3.159291691935947721, 29.11891590180910327 ) ) ;
#8611 = CIRCLE ( 'NONE', #6369, 1.300000000000000711 ) ;
#8612 = CARTESIAN_POINT ( 'NONE',  ( 20.48380351222870743, 3.940002851905418435, 29.04858670496081885 ) ) ;
#8613 = CIRCLE ( 'NONE', #8268, 4.999999999999993783 ) ;
#8614 = CARTESIAN_POINT ( 'NONE',  ( -6.791836491282577271, -18.24480637621996948, 29.12068124188864005 ) ) ;
#8615 = VERTEX_POINT ( 'NONE', #3045 ) ;
#8616 = CARTESIAN_POINT ( 'NONE',  ( 56.64884018471332183, -43.35254885952397075, 7.500000000000001776 ) ) ;
#8617 = EDGE_CURVE ( 'NONE', #2583, #548, #5686, .T. ) ;
#8618 = EDGE_LOOP ( 'NONE', ( #6091, #5803, #7458, #4311, #2830, #5977, #4637, #2630, #5853, #1141, #3251, #8850, #67, #6878 ) ) ;
#8619 = DIRECTION ( 'NONE',  ( 1.000000000000000000, 0.000000000000000000, 0.000000000000000000 ) ) ;
#8620 = PLANE ( 'NONE',  #4072 ) ;
#8621 = CARTESIAN_POINT ( 'NONE',  ( 19.33093553833478850, 2.792234666482973804, 28.49482959153985817 ) ) ;
#8622 = CARTESIAN_POINT ( 'NONE',  ( 11.98364241922126538, 14.21807421296751350, 28.30000000000000071 ) ) ;
#8623 = CARTESIAN_POINT ( 'NONE',  ( -12.24552059576580199, 14.81199775752402914, 29.07646262610704113 ) ) ;
#8624 = TOROIDAL_SURFACE ( 'NONE', #243, 1.300000000000000266, 0.2000000000000000111 ) ;
#8625 = CARTESIAN_POINT ( 'NONE',  ( -19.14059074467872534, 2.877000771012508284, 29.38249564221042220 ) ) ;
#8626 = CARTESIAN_POINT ( 'NONE',  ( -17.31198659095685954, -20.04040790171521280, 32.00000000000000000 ) ) ;
#8627 = EDGE_CURVE ( 'NONE', #548, #2583, #223, .T. ) ;
#8628 = CARTESIAN_POINT ( 'NONE',  ( 6.816361826132728119, -18.16162449571687176, 28.84704064029127935 ) ) ;
#8629 = ORIENTED_EDGE ( 'NONE', *, *, #10512, .F. ) ;
#8630 = CARTESIAN_POINT ( 'NONE',  ( 55.54884018471340568, -45.25780474784961172, 28.20000000000000284 ) ) ;
#8631 = DIRECTION ( 'NONE',  ( 6.123233995736761105E-17, 1.060575238724907285E-16, 1.000000000000000000 ) ) ;
#8632 = CARTESIAN_POINT ( 'NONE',  ( 12.18846333131948434, 15.24555717354905049, 28.53511154121778048 ) ) ;
#8633 = ORIENTED_EDGE ( 'NONE', *, *, #8682, .T. ) ;
#8634 = DIRECTION ( 'NONE',  ( 0.000000000000000000, -1.000000000000000000, 0.000000000000000000 ) ) ;
#8635 = EDGE_CURVE ( 'NONE', #4170, #611, #5357, .T. ) ;
#8636 = ORIENTED_EDGE ( 'NONE', *, *, #7988, .T. ) ;
#8637 = CARTESIAN_POINT ( 'NONE',  ( -12.13255791582654197, 15.32409043048542152, 28.50095341772938440 ) ) ;
#8638 = VECTOR ( 'NONE', #6565, 1000.000000000000000 ) ;
#8639 = ORIENTED_EDGE ( 'NONE', *, *, #3853, .F. ) ;
#8640 = ADVANCED_FACE ( 'NONE', ( #4608 ), #3815, .T. ) ;
#8641 = EDGE_CURVE ( 'NONE', #1802, #7049, #1759, .T. ) ;
#8642 = ORIENTED_EDGE ( 'NONE', *, *, #9655, .T. ) ;
#8643 = CARTESIAN_POINT ( 'NONE',  ( -17.31198659095687375, -10.04040790171521103, 32.00000000000000000 ) ) ;
#8644 = LINE ( 'NONE', #5544, #1533 ) ;
#8645 = CIRCLE ( 'NONE', #1985, 1.300000000000000711 ) ;
#8646 = CARTESIAN_POINT ( 'NONE',  ( 7.995497625631204031, 16.12574362340678391, 32.00000000000000000 ) ) ;
#8647 = CARTESIAN_POINT ( 'NONE',  ( 19.20747576202836626, 3.195093398335894452, 28.89364451891332308 ) ) ;
#8648 = DIRECTION ( 'NONE',  ( 0.000000000000000000, 0.000000000000000000, 1.000000000000000000 ) ) ;
#8649 = DIRECTION ( 'NONE',  ( 0.4999999999999996114, 0.8660254037844389297, 0.000000000000000000 ) ) ;
#8650 = ORIENTED_EDGE ( 'NONE', *, *, #3607, .F. ) ;
#8651 = CARTESIAN_POINT ( 'NONE',  ( -12.38973173665490712, 14.96586219942473406, 28.89402095766432410 ) ) ;
#8652 = CARTESIAN_POINT ( 'NONE',  ( -6.818313933499545065, -18.28507995177035284, 28.79922579099952884 ) ) ;
#8653 = ORIENTED_EDGE ( 'NONE', *, *, #8696, .T. ) ;
#8654 = ORIENTED_EDGE ( 'NONE', *, *, #2767, .F. ) ;
#8655 = CARTESIAN_POINT ( 'NONE',  ( -19.13791202673779424, 2.879920037502408547, 28.43009633628225430 ) ) ;
#8656 = CARTESIAN_POINT ( 'NONE',  ( -19.30225687100572429, 3.078834300868789065, 28.70392584551190751 ) ) ;
#8657 = FACE_BOUND ( 'NONE', #8111, .T. ) ;
#8658 = CARTESIAN_POINT ( 'NONE',  ( 19.16025172011833178, 3.173429415518950414, 29.09588413953139963 ) ) ;
#8659 = CARTESIAN_POINT ( 'NONE',  ( -9.102223503503060087, -19.84040790171520641, 28.19999999999999929 ) ) ;
#8660 = CARTESIAN_POINT ( 'NONE',  ( -6.827723652619543948, -18.21798211880541984, 29.23946325439861837 ) ) ;
#8661 = CARTESIAN_POINT ( 'NONE',  ( -16.99147851343125026, 55.26410000294399794, 7.000000000000000000 ) ) ;
#8662 = AXIS2_PLACEMENT_3D ( 'NONE', #4915, #4173, #1755 ) ;
#8663 = EDGE_LOOP ( 'NONE', ( #2843, #2413, #1954, #5661 ) ) ;
#8664 = CARTESIAN_POINT ( 'NONE',  ( 56.09884018471332467, -44.30517680368685518, 7.500000000000001776 ) ) ;
#8665 = CARTESIAN_POINT ( 'NONE',  ( -22.45661409683921050, 1.048835872080257525, 7.500000000000001776 ) ) ;
#8666 = ORIENTED_EDGE ( 'NONE', *, *, #6745, .T. ) ;
#8667 = CARTESIAN_POINT ( 'NONE',  ( -19.26407825879321933, 2.726840545722410525, 28.45739365051831626 ) ) ;
#8668 = EDGE_CURVE ( 'NONE', #8904, #5856, #4327, .T. ) ;
#8669 = CARTESIAN_POINT ( 'NONE',  ( 17.32902956042066478, -10.04040790171517195, 6.999999999999999112 ) ) ;
#8670 = CIRCLE ( 'NONE', #2347, 0.1999999999999987899 ) ;
#8671 = CARTESIAN_POINT ( 'NONE',  ( 19.39709052783071641, 2.799251546900581644, 28.50080372683360608 ) ) ;
#8672 = DIRECTION ( 'NONE',  ( -1.101697372407250679E-15, 1.000000000000000000, 0.000000000000000000 ) ) ;
#8673 = CARTESIAN_POINT ( 'NONE',  ( -12.36630492585321939, 14.95122717868786388, 29.09625827074997062 ) ) ;
#8674 = DIRECTION ( 'NONE',  ( -0.8660254037844382635, -0.5000000000000008882, 0.000000000000000000 ) ) ;
#8675 = CARTESIAN_POINT ( 'NONE',  ( -5.166248869439352909, 35.08992149875965083, 7.833992264359133095 ) ) ;
#8676 = CARTESIAN_POINT ( 'NONE',  ( 6.790108400003559197, -18.10596644528781241, 28.97552119618522326 ) ) ;
#8677 = AXIS2_PLACEMENT_3D ( 'NONE', #7559, #7715, #1131 ) ;
#8678 = ORIENTED_EDGE ( 'NONE', *, *, #10538, .F. ) ;
#8679 = DIRECTION ( 'NONE',  ( 1.000000000000000000, 0.000000000000000000, 0.000000000000000000 ) ) ;
#8680 = DIRECTION ( 'NONE',  ( -1.000000000000000000, 0.000000000000000000, 0.000000000000000000 ) ) ;
#8681 = CARTESIAN_POINT ( 'NONE',  ( 12.19806597060847331, 15.26958197033759568, 28.53446753164570282 ) ) ;
#8682 = EDGE_CURVE ( 'NONE', #8733, #5538, #5529, .T. ) ;
#8683 = ORIENTED_EDGE ( 'NONE', *, *, #8348, .T. ) ;
#8684 = CARTESIAN_POINT ( 'NONE',  ( 7.329375709731975164, -18.17519624387358590, 28.48906993330934512 ) ) ;
#8685 = CIRCLE ( 'NONE', #1170, 0.5000000000000004441 ) ;
#8686 = VERTEX_POINT ( 'NONE', #1442 ) ;
#8687 = CARTESIAN_POINT ( 'NONE',  ( -12.17728019034871956, 15.28510302061619797, 28.51250555631699868 ) ) ;
#8688 = VERTEX_POINT ( 'NONE', #6578 ) ;
#8689 = ORIENTED_EDGE ( 'NONE', *, *, #4782, .F. ) ;
#8690 = AXIS2_PLACEMENT_3D ( 'NONE', #505, #7045, #1625 ) ;
#8691 = FACE_OUTER_BOUND ( 'NONE', #9131, .T. ) ;
#8692 = DIRECTION ( 'NONE',  ( 8.673617379884087537E-15, -1.000000000000000000, 0.000000000000000000 ) ) ;
#8693 = CARTESIAN_POINT ( 'NONE',  ( 19.23019375665021258, 3.171753575909704193, 28.79760145956874595 ) ) ;
#8694 = AXIS2_PLACEMENT_3D ( 'NONE', #4035, #8208, #4088 ) ;
#8695 = ORIENTED_EDGE ( 'NONE', *, *, #9534, .T. ) ;
#8696 = EDGE_CURVE ( 'NONE', #357, #10299, #7172, .T. ) ;
#8697 = VECTOR ( 'NONE', #2049, 999.9999999999998863 ) ;
#8698 = CARTESIAN_POINT ( 'NONE',  ( -30.22823208574049758, -9.456542255644590611, 9.906687549706900242 ) ) ;
#8699 = DIRECTION ( 'NONE',  ( -0.8660254037844389297, 0.4999999999999996114, -0.000000000000000000 ) ) ;
#8700 = ORIENTED_EDGE ( 'NONE', *, *, #9828, .F. ) ;
#8701 = CARTESIAN_POINT ( 'NONE',  ( -12.36470670640333935, 14.97776720132234907, 28.80424298901426283 ) ) ;
#8702 = CARTESIAN_POINT ( 'NONE',  ( -6.885894382305306927, -18.27516150472413514, 28.68220484227246203 ) ) ;
#8703 = CIRCLE ( 'NONE', #4091, 1.300000000000001155 ) ;
#8704 = VERTEX_POINT ( 'NONE', #5731 ) ;
#8705 = ORIENTED_EDGE ( 'NONE', *, *, #3348, .F. ) ;
#8706 = ADVANCED_FACE ( 'NONE', ( #8833 ), #5623, .F. ) ;
#8707 = AXIS2_PLACEMENT_3D ( 'NONE', #7500, #3431, #7451 ) ;
#8708 = AXIS2_PLACEMENT_3D ( 'NONE', #7573, #1288, #4562 ) ;
#8709 = CARTESIAN_POINT ( 'NONE',  ( -8.049692158673945386, 16.40235664966115792, 28.19999999999999929 ) ) ;
#8710 = CARTESIAN_POINT ( 'NONE',  ( -19.06613086344215091, 3.113048552100020405, 28.97733108234158550 ) ) ;
#8711 = DIRECTION ( 'NONE',  ( -0.000000000000000000, -0.000000000000000000, 1.000000000000000000 ) ) ;
#8712 = CARTESIAN_POINT ( 'NONE',  ( 19.08773200166544726, 3.153582647137263439, 29.09134955568778125 ) ) ;
#8713 = AXIS2_PLACEMENT_3D ( 'NONE', #4856, #8278, #2602 ) ;
#8714 = CARTESIAN_POINT ( 'NONE',  ( -7.226839410506304517, -18.24536902485267476, 28.50086553066540773 ) ) ;
#8715 = CARTESIAN_POINT ( 'NONE',  ( 8.082210482938537055, 25.97555254888099796, 15.82687569980930498 ) ) ;
#8716 = LINE ( 'NONE', #4005, #2963 ) ;
#8717 = CARTESIAN_POINT ( 'NONE',  ( -6.727018083231447676, -18.07892247208855707, 29.07646262610672849 ) ) ;
#8718 = DIRECTION ( 'NONE',  ( 0.000000000000000000, -1.000000000000000000, 0.000000000000000000 ) ) ;
#8719 = CIRCLE ( 'NONE', #7012, 4.999999999999997335 ) ;
#8720 = DIRECTION ( 'NONE',  ( 6.123233995736775897E-17, -1.060575238724906175E-16, 1.000000000000000000 ) ) ;
#8721 = EDGE_CURVE ( 'NONE', #7588, #2002, #8934, .T. ) ;
#8722 = CARTESIAN_POINT ( 'NONE',  ( 8.997776496496610932, -15.04040790171518438, 28.20000000000000284 ) ) ;
#8723 = ORIENTED_EDGE ( 'NONE', *, *, #8668, .T. ) ;
#8724 = CARTESIAN_POINT ( 'NONE',  ( -19.37922093026616466, 2.690550296229365479, 28.49514816298449205 ) ) ;
#8725 = DIRECTION ( 'NONE',  ( -0.8660254037844243857, -0.5000000000000247580, 0.000000000000000000 ) ) ;
#8726 = CARTESIAN_POINT ( 'NONE',  ( 19.38112450901931183, 2.853816124548063105, 28.51203479374194316 ) ) ;
#8727 = CARTESIAN_POINT ( 'NONE',  ( 18.17333899902225980, 3.497205253316897799, 28.72500000000000142 ) ) ;
#8728 = CARTESIAN_POINT ( 'NONE',  ( -12.34368482905929554, 14.93255609590715416, 29.09561133619441620 ) ) ;
#8729 = CYLINDRICAL_SURFACE ( 'NONE', #9224, 0.2000000000000001221 ) ;
#8730 = DIRECTION ( 'NONE',  ( 0.5000000000000007772, -0.8660254037844381525, -0.000000000000000000 ) ) ;
#8731 = CARTESIAN_POINT ( 'NONE',  ( 6.961474317507486020, -18.31728907106973381, 28.70629965679001216 ) ) ;
#8732 = AXIS2_PLACEMENT_3D ( 'NONE', #7773, #431, #1289 ) ;
#8733 = VERTEX_POINT ( 'NONE', #9844 ) ;
#8734 = DIRECTION ( 'NONE',  ( 0.5000000000000016653, 0.8660254037844377084, 0.000000000000000000 ) ) ;
#8735 = CARTESIAN_POINT ( 'NONE',  ( -5.415968405682486164, 30.56410000294340534, 0.000000000000000000 ) ) ;
#8736 = CARTESIAN_POINT ( 'NONE',  ( 10.29777649649665783, -19.84040790171517799, 28.20000000000000284 ) ) ;
#8737 = CARTESIAN_POINT ( 'NONE',  ( 12.21093787250390328, 15.13134600299589749, 28.55930765865270615 ) ) ;
#8738 = ORIENTED_EDGE ( 'NONE', *, *, #9210, .F. ) ;
#8739 = CIRCLE ( 'NONE', #4641, 12.00000000000000000 ) ;
#8740 = CYLINDRICAL_SURFACE ( 'NONE', #5367, 1.099999999999998535 ) ;
#8741 = ORIENTED_EDGE ( 'NONE', *, *, #685, .T. ) ;
#8742 = CARTESIAN_POINT ( 'NONE',  ( -12.18499164404358126, 15.29011774599104001, 28.51200096476311074 ) ) ;
#8743 = EDGE_LOOP ( 'NONE', ( #10042, #5924, #8581, #5038, #8642 ) ) ;
#8744 = EDGE_CURVE ( 'NONE', #765, #9238, #3984, .T. ) ;
#8745 = VERTEX_POINT ( 'NONE', #2509 ) ;
#8746 = ORIENTED_EDGE ( 'NONE', *, *, #2762, .T. ) ;
#8747 = CARTESIAN_POINT ( 'NONE',  ( -56.57571327012630746, -43.44968910196605805, 31.79166666666666785 ) ) ;
#8748 = DIRECTION ( 'NONE',  ( 0.5000000000000004441, -0.8660254037844384856, 0.000000000000000000 ) ) ;
#8749 = CARTESIAN_POINT ( 'NONE',  ( 19.22329014862575391, 3.110338619731436438, 28.69178334849964074 ) ) ;
#8750 = ORIENTED_EDGE ( 'NONE', *, *, #8116, .F. ) ;
#8751 = CARTESIAN_POINT ( 'NONE',  ( 8.668775522576252612, 24.95959209828481207, 32.00000000000000000 ) ) ;
#8752 = CARTESIAN_POINT ( 'NONE',  ( -35.64316418926787122, -40.25833186246143924, 3.500000000000000000 ) ) ;
#8753 = ORIENTED_EDGE ( 'NONE', *, *, #1122, .F. ) ;
#8754 = CARTESIAN_POINT ( 'NONE',  ( -12.41199072196904929, 15.02117093723179941, 28.79409828997233589 ) ) ;
#8755 = CARTESIAN_POINT ( 'NONE',  ( -6.836569300915117608, -18.27929136014225620, 28.75781059279473695 ) ) ;
#8756 = AXIS2_PLACEMENT_3D ( 'NONE', #10311, #10361, #2224 ) ;
#8757 = ORIENTED_EDGE ( 'NONE', *, *, #7530, .F. ) ;
#8758 = VERTEX_POINT ( 'NONE', #8134 ) ;
#8759 = AXIS2_PLACEMENT_3D ( 'NONE', #4970, #3415, #4279 ) ;
#8760 = CIRCLE ( 'NONE', #1571, 0.1999999999999987899 ) ;
#8761 = CARTESIAN_POINT ( 'NONE',  ( -8.651732553112513102, 24.95959209828479786, 32.00000000000000000 ) ) ;
#8762 = CARTESIAN_POINT ( 'NONE',  ( -19.16368535868181056, 2.888212107463813183, 29.38398358094210749 ) ) ;
#8763 = CARTESIAN_POINT ( 'NONE',  ( -13.67241370345687734, 16.26351725728514808, 1.500000000000001332 ) ) ;
#8764 = CARTESIAN_POINT ( 'NONE',  ( 19.08268846321323053, 3.145597863074657496, 29.11384713692284976 ) ) ;
#8765 = CARTESIAN_POINT ( 'NONE',  ( -7.100366386604257229, -18.19086898938105890, 28.50859283430328261 ) ) ;
#8766 = CARTESIAN_POINT ( 'NONE',  ( -12.11356797664488383, 15.36351725728515660, 28.30000000000000071 ) ) ;
#8767 = DIRECTION ( 'NONE',  ( -0.000000000000000000, -0.000000000000000000, 1.000000000000000000 ) ) ;
#8768 = AXIS2_PLACEMENT_3D ( 'NONE', #7601, #10009, #2675 ) ;
#8769 = EDGE_CURVE ( 'NONE', #7698, #8733, #10484, .T. ) ;
#8770 = CARTESIAN_POINT ( 'NONE',  ( -6.753545743039324201, -18.16046093185056165, 29.04435609168752208 ) ) ;
#8771 = CARTESIAN_POINT ( 'NONE',  ( -12.13910126442171489, 15.01700604736229394, 29.38011345024769838 ) ) ;
#8772 = CARTESIAN_POINT ( 'NONE',  ( -7.470624290268006007, -20.04040790171496411, 28.30000000000000071 ) ) ;
#8773 = EDGE_CURVE ( 'NONE', #2215, #817, #4123, .T. ) ;
#8774 = CARTESIAN_POINT ( 'NONE',  ( 6.920638461958689369, -18.31055378005993717, 28.79364059467030401 ) ) ;
#8775 = EDGE_LOOP ( 'NONE', ( #5071, #1038 ) ) ;
#8776 = AXIS2_PLACEMENT_3D ( 'NONE', #6933, #1951, #5213 ) ;
#8777 = CARTESIAN_POINT ( 'NONE',  ( -19.23492584658707472, 2.756833371281577794, 28.44832971578259162 ) ) ;
#8778 = LINE ( 'NONE', #7169, #309 ) ;
#8779 = EDGE_CURVE ( 'NONE', #2606, #6182, #4762, .T. ) ;
#8780 = CARTESIAN_POINT ( 'NONE',  ( 19.35009325029474070, 2.844391314571367069, 28.51182152128778569 ) ) ;
#8781 = DIRECTION ( 'NONE',  ( -0.8660254037844407060, -0.4999999999999967804, -0.000000000000000000 ) ) ;
#8782 = CARTESIAN_POINT ( 'NONE',  ( -12.35589021027504408, 14.95037554980257433, 29.12064670515718490 ) ) ;
#8783 = CARTESIAN_POINT ( 'NONE',  ( 21.91644633313288892, 1.597123270994175392, 31.97592408599769698 ) ) ;
#8784 = CARTESIAN_POINT ( 'NONE',  ( -12.85661409683921086, 17.67652362474149896, 7.499999999999999112 ) ) ;
#8785 = CARTESIAN_POINT ( 'NONE',  ( 6.958287181422452505, -18.29713299987879793, 28.71308219882711299 ) ) ;
#8786 = VERTEX_POINT ( 'NONE', #6474 ) ;
#8787 = CARTESIAN_POINT ( 'NONE',  ( 10.29777649649675553, -15.24040790171518545, 7.500000000000001776 ) ) ;
#8788 = DIRECTION ( 'NONE',  ( 0.4999999999999991118, 0.8660254037844392627, 0.000000000000000000 ) ) ;
#8789 = CARTESIAN_POINT ( 'NONE',  ( 42.76454612787576792, -5.100205573816938731, 0.000000000000000000 ) ) ;
#8790 = CARTESIAN_POINT ( 'NONE',  ( 12.29904526534737741, 14.91536886257756755, 28.84693540698760827 ) ) ;
#8791 = DIRECTION ( 'NONE',  ( -0.8660254037844233865, -0.5000000000000266454, 0.000000000000000000 ) ) ;
#8792 = B_SPLINE_CURVE_WITH_KNOTS ( 'NONE', 3,
 ( #5548, #9665, #3938, #8563, #707, #7997, #2327, #467, #6958, #1977 ),
 .UNSPECIFIED., .F., .F.,
 ( 4, 2, 2, 2, 4 ),
 ( 0.000000000000000000, 0.2500000000000000000, 0.5000000000000000000, 0.7500000000000000000, 1.000000000000000000 ),
 .UNSPECIFIED. ) ;
#8793 = ORIENTED_EDGE ( 'NONE', *, *, #5208, .T. ) ;
#8794 = CARTESIAN_POINT ( 'NONE',  ( -12.22307830819923069, 15.31255099098958006, 28.51001498631007536 ) ) ;
#8795 = AXIS2_PLACEMENT_3D ( 'NONE', #2550, #4164, #7428 ) ;
#8796 = ORIENTED_EDGE ( 'NONE', *, *, #2489, .F. ) ;
#8797 = ORIENTED_EDGE ( 'NONE', *, *, #660, .F. ) ;
#8798 = DIRECTION ( 'NONE',  ( -0.4999999999999971689, 0.8660254037844402619, 0.000000000000000000 ) ) ;
#8799 = CARTESIAN_POINT ( 'NONE',  ( -27.16135149449623754, -7.100008336931100672, 0.000000000000000000 ) ) ;
#8800 = B_SPLINE_CURVE_WITH_KNOTS ( 'NONE', 3,
 ( #4628, #8409, #1072, #4346, #7607, #3534, #6806, #9265, #5200, #8466, #6007, #1933, #2739, #9146, #1809, #6740, #5776, #8930, #894, #8980, #7322, #5726, #4116, #2453 ),
 .UNSPECIFIED., .F., .F.,
 ( 4, 2, 2, 2, 2, 2, 2, 2, 2, 2, 2, 4 ),
 ( 0.000000000000000000, 0.001317720284349751733, 0.002635440568699503466, 0.003953160853049255199, 0.005270881137399006933, 0.005929741279573884534, 0.006588601421748764737, 0.007906321706098519073, 0.008565181848273399276, 0.009224041990448281214, 0.009882902132623159683, 0.01054176227479804162 ),
 .UNSPECIFIED. ) ;
#8801 = CARTESIAN_POINT ( 'NONE',  ( 6.437016998560025627, -18.53201004746893332, 28.92935537564387971 ) ) ;
#8802 = CARTESIAN_POINT ( 'NONE',  ( 19.24467259437155775, 3.106580241500073392, 28.68334702385680046 ) ) ;
#8803 = EDGE_CURVE ( 'NONE', #5285, #8406, #1893, .T. ) ;
#8804 = VERTEX_POINT ( 'NONE', #3101 ) ;
#8805 = DIRECTION ( 'NONE',  ( -1.000000000000000000, -1.156482317317871528E-15, 0.000000000000000000 ) ) ;
#8806 = CARTESIAN_POINT ( 'NONE',  ( -18.19555104132327372, 3.429213578488559122, 28.72500000000000142 ) ) ;
#8807 = EDGE_CURVE ( 'NONE', #2717, #5928, #10599, .T. ) ;
#8808 = DIRECTION ( 'NONE',  ( 0.4999999999999976130, -0.8660254037844400399, 0.000000000000000000 ) ) ;
#8809 = ORIENTED_EDGE ( 'NONE', *, *, #7289, .T. ) ;
#8810 = CARTESIAN_POINT ( 'NONE',  ( -12.36929561712856263, 14.98364351737660094, 28.80241461220755639 ) ) ;
#8811 = CARTESIAN_POINT ( 'NONE',  ( -6.905400773710192119, -18.26130592842930511, 28.65413909972487616 ) ) ;
#8812 = ORIENTED_EDGE ( 'NONE', *, *, #10378, .T. ) ;
#8813 = VECTOR ( 'NONE', #5066, 999.9999999999998863 ) ;
#8814 = ORIENTED_EDGE ( 'NONE', *, *, #333, .T. ) ;
#8815 = AXIS2_PLACEMENT_3D ( 'NONE', #8766, #5398, #9631 ) ;
#8816 = DIRECTION ( 'NONE',  ( -1.000000000000000000, 0.000000000000000000, 0.000000000000000000 ) ) ;
#8817 = CARTESIAN_POINT ( 'NONE',  ( -19.12327196563190057, 2.932983836544593714, 29.33877970635141708 ) ) ;
#8818 = CARTESIAN_POINT ( 'NONE',  ( -12.18875973969594639, 14.88903873585307380, 28.40307432367048435 ) ) ;
#8819 = CARTESIAN_POINT ( 'NONE',  ( 19.10534966601907314, 3.171240344269508515, 29.02176748229633318 ) ) ;
#8820 = EDGE_CURVE ( 'NONE', #932, #8615, #3123, .T. ) ;
#8821 = CARTESIAN_POINT ( 'NONE',  ( -7.214438014325242676, -18.20496786790975108, 28.49685568366080091 ) ) ;
#8822 = DIRECTION ( 'NONE',  ( 0.4999999999999998890, -0.8660254037844387076, 0.000000000000000000 ) ) ;
#8823 = DIRECTION ( 'NONE',  ( -1.000000000000000000, 0.000000000000000000, 0.000000000000000000 ) ) ;
#8824 = CARTESIAN_POINT ( 'NONE',  ( -6.762803651807415051, -18.18579791401608858, 29.04581233160112674 ) ) ;
#8825 = DIRECTION ( 'NONE',  ( 1.000000000000000000, 0.000000000000000000, 0.000000000000000000 ) ) ;
#8826 = DIRECTION ( 'NONE',  ( -0.4999999999999958367, -0.8660254037844411501, 0.000000000000000000 ) ) ;
#8827 = CARTESIAN_POINT ( 'NONE',  ( 11.53440205453825840, 19.99618134940924463, 28.20000000000000284 ) ) ;
#8829 = ADVANCED_FACE ( 'NONE', ( #7329 ), #9794, .F. ) ;
#8828 = CARTESIAN_POINT ( 'NONE',  ( -19.42583626119235163, 2.724771797751434299, 28.50027830112922800 ) ) ;
#8830 = CARTESIAN_POINT ( 'NONE',  ( -18.29969215867388499, -1.351164127919718405, 7.500000000000001776 ) ) ;
#8832 = EDGE_CURVE ( 'NONE', #1964, #9511, #388, .T. ) ;
#8831 = CARTESIAN_POINT ( 'NONE',  ( 19.35575027214657595, 2.844726417258609086, 28.51233286333608064 ) ) ;
#8833 = FACE_OUTER_BOUND ( 'NONE', #4618, .T. ) ;
#8834 = CARTESIAN_POINT ( 'NONE',  ( -12.33123081551684308, 14.92954444513412682, 29.11927413948420451 ) ) ;
#8835 = EDGE_CURVE ( 'NONE', #699, #4235, #1710, .T. ) ;
#8836 = CARTESIAN_POINT ( 'NONE',  ( 20.97228378771734825, 3.649290671716879153, 28.69993223294603979 ) ) ;
#8837 = CARTESIAN_POINT ( 'NONE',  ( 27.17839446395945657, -7.100008336930077490, 0.000000000000000000 ) ) ;
#8838 = VERTEX_POINT ( 'NONE', #7551 ) ;
#8839 = CARTESIAN_POINT ( 'NONE',  ( 6.963959589267314065, -18.33067728716980227, 28.70185683142113575 ) ) ;
#8840 = AXIS2_PLACEMENT_3D ( 'NONE', #7488, #6470, #3253 ) ;
#8841 = ORIENTED_EDGE ( 'NONE', *, *, #2654, .F. ) ;
#8842 = CARTESIAN_POINT ( 'NONE',  ( -18.29969215867381038, -1.351164127919593394, 28.20000000000000284 ) ) ;
#8843 = DIRECTION ( 'NONE',  ( -1.000000000000000000, -1.015854067532018234E-14, 0.000000000000000000 ) ) ;
#8844 = CARTESIAN_POINT ( 'NONE',  ( -19.44086399207709448, 2.811697335652451724, 28.50496736094465788 ) ) ;
#8845 = CARTESIAN_POINT ( 'NONE',  ( 12.24065739251044960, 15.13289406654970648, 29.36656113453462780 ) ) ;
#8846 = DIRECTION ( 'NONE',  ( 1.000000000000000000, 0.000000000000000000, 0.000000000000000000 ) ) ;
#8847 = EDGE_LOOP ( 'NONE', ( #3890, #4515, #5424, #5382 ) ) ;
#8848 = CARTESIAN_POINT ( 'NONE',  ( -12.14780314605975065, 15.33219107897210165, 28.50083898149411610 ) ) ;
#8849 = TOROIDAL_SURFACE ( 'NONE', #4236, 20.00000000000000355, 10.00000000000000000 ) ;
#8850 = ORIENTED_EDGE ( 'NONE', *, *, #4442, .T. ) ;
#8851 = ORIENTED_EDGE ( 'NONE', *, *, #1027, .F. ) ;
#8852 = DIRECTION ( 'NONE',  ( 0.4999999999999877875, -0.8660254037844457020, 0.000000000000000000 ) ) ;
#8853 = DIRECTION ( 'NONE',  ( 1.000000000000000000, -1.734723475976807489E-15, 0.000000000000000000 ) ) ;
#8854 = DIRECTION ( 'NONE',  ( 0.5000000000000007772, -0.8660254037844381525, 0.000000000000000000 ) ) ;
#8855 = CARTESIAN_POINT ( 'NONE',  ( 17.32902956042066478, -10.04040790171517195, 6.999999999999999112 ) ) ;
#8856 = AXIS2_PLACEMENT_3D ( 'NONE', #425, #8572, #5520 ) ;
#8857 = ORIENTED_EDGE ( 'NONE', *, *, #8509, .T. ) ;
#8858 = CARTESIAN_POINT ( 'NONE',  ( -6.890978998580534309, -19.65274188605913608, 29.32853526825796564 ) ) ;
#8859 = CARTESIAN_POINT ( 'NONE',  ( -18.83418740682932579, 3.323062945870953744, 28.32618083136485154 ) ) ;
#8860 = CARTESIAN_POINT ( 'NONE',  ( -7.283508979556624574, -20.04040790171520214, 28.99988140765558597 ) ) ;
#8861 = EDGE_LOOP ( 'NONE', ( #8604, #7849, #5698, #4587, #198 ) ) ;
#8862 = CARTESIAN_POINT ( 'NONE',  ( -12.37280321895708646, 14.98789669667504221, 28.80111115727593329 ) ) ;
#8863 = CARTESIAN_POINT ( 'NONE',  ( -6.833742113696366971, -18.27329652709082808, 28.75986578164874174 ) ) ;
#8864 = ADVANCED_FACE ( 'NONE', ( #1868 ), #9956, .T. ) ;
#8865 = VERTEX_POINT ( 'NONE', #7650 ) ;
#8866 = VERTEX_POINT ( 'NONE', #8402 ) ;
#8867 = AXIS2_PLACEMENT_3D ( 'NONE', #2427, #9863, #5700 ) ;
#8868 = DIRECTION ( 'NONE',  ( 0.4999999999999987788, 0.8660254037844393737, 0.000000000000000000 ) ) ;
#8869 = CARTESIAN_POINT ( 'NONE',  ( -18.82038847251472902, 2.900534999715369544, 29.25053888251047240 ) ) ;
#8870 = CARTESIAN_POINT ( 'NONE',  ( -12.36744159188355852, 14.52379525699056906, 28.32529462521983632 ) ) ;
#8871 = CARTESIAN_POINT ( 'NONE',  ( 19.22636876194853528, 3.210421842299528095, 29.04568301858808255 ) ) ;
#8872 = CARTESIAN_POINT ( 'NONE',  ( -7.167190955780707640, -18.17415909269841734, 28.49032133270143419 ) ) ;
#8873 = DIRECTION ( 'NONE',  ( 1.000000000000000000, 1.387778780781444413E-14, 0.000000000000000000 ) ) ;
#8874 = CYLINDRICAL_SURFACE ( 'NONE', #2546, 4.999999999999993783 ) ;
#8875 = CARTESIAN_POINT ( 'NONE',  ( -6.746168735479757039, -18.15470969870858653, 29.02039068513014897 ) ) ;
#8876 = CARTESIAN_POINT ( 'NONE',  ( -12.20893554430480599, 14.98412120207037113, 29.33136663874762107 ) ) ;
#8877 = AXIS2_PLACEMENT_3D ( 'NONE', #976, #8478, #5263 ) ;
#8878 = CIRCLE ( 'NONE', #8368, 1.299999999999998712 ) ;
#8879 = CIRCLE ( 'NONE', #7513, 0.1999999999999988454 ) ;
#8880 = EDGE_CURVE ( 'NONE', #10113, #716, #2271, .T. ) ;
#8881 = CYLINDRICAL_SURFACE ( 'NONE', #9019, 2.500000000000004885 ) ;
#8882 = CARTESIAN_POINT ( 'NONE',  ( -19.37586625850364186, 2.705764647863381445, 28.49678566867101281 ) ) ;
#8883 = DIRECTION ( 'NONE',  ( -0.8660254037844389297, 0.4999999999999996114, -0.000000000000000000 ) ) ;
#8884 = AXIS2_PLACEMENT_3D ( 'NONE', #1322, #8711, #10321 ) ;
#8885 = CARTESIAN_POINT ( 'NONE',  ( -6.978038751387751759, -18.32767642020609955, 29.39571968233660471 ) ) ;
#8886 = CARTESIAN_POINT ( 'NONE',  ( 0.04777649649675613786, -15.54040790171518083, 38.50000000000000000 ) ) ;
#8887 = AXIS2_PLACEMENT_3D ( 'NONE', #4376, #5988, #2116 ) ;
#8888 = CARTESIAN_POINT ( 'NONE',  ( 12.07598911176054202, 15.21272216989739867, 28.45793782530176586 ) ) ;
#8889 = FACE_OUTER_BOUND ( 'NONE', #7639, .T. ) ;
#8890 = DIRECTION ( 'NONE',  ( 1.000000000000000000, 0.000000000000000000, 0.000000000000000000 ) ) ;
#8891 = CARTESIAN_POINT ( 'NONE',  ( 5.768687798348049789, 37.47730481219076637, 7.120894304579352685 ) ) ;
#8892 = AXIS2_PLACEMENT_3D ( 'NONE', #9240, #1906, #8438 ) ;
#8893 = B_SPLINE_CURVE_WITH_KNOTS ( 'NONE', 3,
 ( #532, #8625, #10387, #3812 ),
 .UNSPECIFIED., .F., .F.,
 ( 4, 4 ),
 ( 0.000000000000000000, 1.000000000000000000 ),
 .UNSPECIFIED. ) ;
#8894 = ORIENTED_EDGE ( 'NONE', *, *, #6976, .F. ) ;
#8895 = CARTESIAN_POINT ( 'NONE',  ( -19.35709302433141943, 2.686940533111699114, 28.48906993330934512 ) ) ;
#8896 = CARTESIAN_POINT ( 'NONE',  ( 27.86943930101739042, -22.13975872128508371, 7.812705860126313517 ) ) ;
#8897 = CARTESIAN_POINT ( 'NONE',  ( 12.13717648242009695, 14.89413533855657157, 29.22677637006711038 ) ) ;
#8898 = CARTESIAN_POINT ( 'NONE',  ( 28.79318993999364196, -25.57244381759577934, 7.015324770846369518 ) ) ;
#8899 = COLOUR_RGB ( '',0.7921568627450980005, 0.8196078431372548767, 0.9333333333333333481 ) ;
#8900 = ORIENTED_EDGE ( 'NONE', *, *, #1240, .F. ) ;
#8901 = CARTESIAN_POINT ( 'NONE',  ( 12.29896130911210861, 15.21135488743601272, 29.39427216176076030 ) ) ;
#8902 = EDGE_CURVE ( 'NONE', #4940, #5443, #9040, .T. ) ;
#8903 = EDGE_CURVE ( 'NONE', #5963, #4272, #4504, .T. ) ;
#8904 = VERTEX_POINT ( 'NONE', #4337 ) ;
#8905 = EDGE_LOOP ( 'NONE', ( #5897, #7232, #7916, #4927 ) ) ;
#8906 = CARTESIAN_POINT ( 'NONE',  ( 10.29777649649665783, -20.04040790171518083, 28.20000000000000284 ) ) ;
#8907 = CIRCLE ( 'NONE', #1045, 4.999999999999993783 ) ;
#8908 = CARTESIAN_POINT ( 'NONE',  ( -12.08945170101437760, 15.34758664507751291, 28.49793671789534599 ) ) ;
#8909 = ORIENTED_EDGE ( 'NONE', *, *, #10190, .F. ) ;
#8910 = CARTESIAN_POINT ( 'NONE',  ( -56.97329120819080117, -13.31346813379115979, 0.000000000000000000 ) ) ;
#8911 = ADVANCED_FACE ( 'NONE', ( #9152 ), #9259, .F. ) ;
#8912 = CARTESIAN_POINT ( 'NONE',  ( -28.83945585874328543, -8.852937640234850747, 11.57181426254452639 ) ) ;
#8913 = DIRECTION ( 'NONE',  ( -0.8660254037844382635, -0.5000000000000008882, 0.000000000000000000 ) ) ;
#8914 = ORIENTED_EDGE ( 'NONE', *, *, #2000, .T. ) ;
#8915 = CARTESIAN_POINT ( 'NONE',  ( -12.32299054508901293, 15.00979005954052958, 28.69721726811447837 ) ) ;
#8916 = CARTESIAN_POINT ( 'NONE',  ( -6.895931313539951368, -18.28970815423409846, 28.67512056972006818 ) ) ;
#8917 = EDGE_CURVE ( 'NONE', #4386, #9496, #3475, .T. ) ;
#8918 = ORIENTED_EDGE ( 'NONE', *, *, #7669, .F. ) ;
#8919 = ORIENTED_EDGE ( 'NONE', *, *, #9882, .T. ) ;
#8920 = CARTESIAN_POINT ( 'NONE',  ( -39.97329120819144777, -42.75833186246224926, 7.000000000000000000 ) ) ;
#8921 = CARTESIAN_POINT ( 'NONE',  ( -19.08930274765586788, 2.871620197328148993, 29.36648058350199619 ) ) ;
#8922 = DIRECTION ( 'NONE',  ( 0.5000000000000008882, -0.8660254037844380415, 0.000000000000000000 ) ) ;
#8923 = CARTESIAN_POINT ( 'NONE',  ( 19.14295374600592226, 3.179463951450568260, 29.02201162529095413 ) ) ;
#8924 = CARTESIAN_POINT ( 'NONE',  ( -7.030765163252704397, -18.13518644486356735, 28.47282655262431206 ) ) ;
#8925 = CARTESIAN_POINT ( 'NONE',  ( 17.00852148289529708, 43.06387632116691577, 7.000000000000000000 ) ) ;
#8926 = SPHERICAL_SURFACE ( 'NONE', #4438, 0.2000000000000000111 ) ;
#8927 = CARTESIAN_POINT ( 'NONE',  ( -6.771611816312123722, -18.18045657115143854, 29.09326340769452912 ) ) ;
#8928 = CARTESIAN_POINT ( 'NONE',  ( -12.16308255109842307, 14.93693030008347833, 29.31786264863756131 ) ) ;
#8929 = AXIS2_PLACEMENT_3D ( 'NONE', #9007, #4996, #4199 ) ;
#8930 = CARTESIAN_POINT ( 'NONE',  ( -28.77747662691190911, -24.85430306002488976, 7.078977344728671461 ) ) ;
#8931 = CARTESIAN_POINT ( 'NONE',  ( -19.30714291906252811, 2.743414053866298552, 28.48413275355700947 ) ) ;
#8932 = FACE_OUTER_BOUND ( 'NONE', #3437, .T. ) ;
#8933 = CARTESIAN_POINT ( 'NONE',  ( 0.008521484731877086022, 19.95959209828480141, 17.00000000000000000 ) ) ;
#8934 = CIRCLE ( 'NONE', #6899, 0.2000000000000001221 ) ;
#8935 = CARTESIAN_POINT ( 'NONE',  ( 10.29777649649680349, -19.84040790171517799, 7.500000000000001776 ) ) ;
#8936 = CARTESIAN_POINT ( 'NONE',  ( -9.102223503503248381, -15.24040790171519788, 7.499999999999999112 ) ) ;
#8937 = CARTESIAN_POINT ( 'NONE',  ( 12.18440205453825520, 18.87034832448948052, 28.20000000000000284 ) ) ;
#8938 = DIRECTION ( 'NONE',  ( -1.000000000000000000, -1.577021341797099384E-15, 0.000000000000000000 ) ) ;
#8939 = EDGE_CURVE ( 'NONE', #6331, #6394, #4177, .T. ) ;
#8940 = DIRECTION ( 'NONE',  ( 6.123233995736778362E-17, -1.060575238724906422E-16, 1.000000000000000000 ) ) ;
#8941 = AXIS2_PLACEMENT_3D ( 'NONE', #8346, #1011, #5030 ) ;
#8942 = ORIENTED_EDGE ( 'NONE', *, *, #5829, .T. ) ;
#8943 = CYLINDRICAL_SURFACE ( 'NONE', #7851, 0.2000000000000001221 ) ;
#8944 = CARTESIAN_POINT ( 'NONE',  ( 24.95501912488914442, -20.16866540879938796, 10.18317578462570161 ) ) ;
#8945 = DIRECTION ( 'NONE',  ( 1.000000000000000000, 0.000000000000000000, -0.000000000000000000 ) ) ;
#8946 = DIRECTION ( 'NONE',  ( 1.000000000000000000, 0.000000000000000000, 0.000000000000000000 ) ) ;
#8947 = ADVANCED_FACE ( 'NONE', ( #8238 ), #8429, .T. ) ;
#8948 = CARTESIAN_POINT ( 'NONE',  ( 0.04777649649679776428, -20.04040790171519149, 38.50000000000000000 ) ) ;
#8949 = ORIENTED_EDGE ( 'NONE', *, *, #8641, .F. ) ;
#8950 = DIRECTION ( 'NONE',  ( 1.000000000000000000, 6.938893903907234689E-15, 0.000000000000000000 ) ) ;
#8951 = VECTOR ( 'NONE', #7564, 1000.000000000000227 ) ;
#8952 = ORIENTED_EDGE ( 'NONE', *, *, #9021, .T. ) ;
#8953 = ORIENTED_EDGE ( 'NONE', *, *, #8541, .T. ) ;
#8954 = DIRECTION ( 'NONE',  ( -0.4999999999999996114, -0.8660254037844389297, 0.000000000000000000 ) ) ;
#8955 = CYLINDRICAL_SURFACE ( 'NONE', #8017, 4.999999999999999112 ) ;
#8956 = CARTESIAN_POINT ( 'NONE',  ( 18.02283528607400953, -1.242114669128955295, 32.00000000000000000 ) ) ;
#8957 = ORIENTED_EDGE ( 'NONE', *, *, #8116, .T. ) ;
#8958 = DIRECTION ( 'NONE',  ( 0.5000000000000186517, 0.8660254037844278274, 0.000000000000000000 ) ) ;
#8959 = EDGE_CURVE ( 'NONE', #10297, #2452, #6632, .T. ) ;
#8960 = CARTESIAN_POINT ( 'NONE',  ( -18.50241141029689729, 3.054633742454373024, 29.03747470992774282 ) ) ;
#8961 = DIRECTION ( 'NONE',  ( -1.000000000000000000, 0.000000000000000000, 0.000000000000000000 ) ) ;
#8962 = ORIENTED_EDGE ( 'NONE', *, *, #3317, .F. ) ;
#8963 = EDGE_CURVE ( 'NONE', #3995, #6355, #3528, .T. ) ;
#8964 = CARTESIAN_POINT ( 'NONE',  ( -12.26198537130251864, 15.03270167714814853, 28.59634749337605797 ) ) ;
#8965 = CARTESIAN_POINT ( 'NONE',  ( -6.923767756741003865, -18.28130559026416435, 28.64340201281900633 ) ) ;
#8966 = B_SPLINE_CURVE_WITH_KNOTS ( 'NONE', 3,
 ( #10565, #7295, #1617, #2479, #3330, #3222 ),
 .UNSPECIFIED., .F., .F.,
 ( 4, 2, 4 ),
 ( 0.000000000000000000, 0.0004950750420270618292, 0.0009901500840541236585 ),
 .UNSPECIFIED. ) ;
#8967 = ORIENTED_EDGE ( 'NONE', *, *, #1419, .F. ) ;
#8968 = ORIENTED_EDGE ( 'NONE', *, *, #6697, .T. ) ;
#8969 = DIRECTION ( 'NONE',  ( 1.000000000000000000, 0.000000000000000000, 0.000000000000000000 ) ) ;
#8970 = DIRECTION ( 'NONE',  ( -0.8660254037844454800, 0.4999999999999880096, 0.000000000000000000 ) ) ;
#8971 = CARTESIAN_POINT ( 'NONE',  ( 26.26434344077435057, -34.83362741562999787, 7.000000000000000000 ) ) ;
#8972 = CARTESIAN_POINT ( 'NONE',  ( 19.10855276523079027, 3.168147518908290383, 29.04581233160115517 ) ) ;
#8973 = LINE ( 'NONE', #7427, #3598 ) ;
#8974 = DIRECTION ( 'NONE',  ( -0.8660254037844382635, -0.5000000000000008882, 0.000000000000000000 ) ) ;
#8975 = CARTESIAN_POINT ( 'NONE',  ( -12.38178272389256662, 14.95085792754001375, 29.02102644259149145 ) ) ;
#8976 = CARTESIAN_POINT ( 'NONE',  ( -6.759568599617386653, -18.17689523772969196, 29.04530972837451230 ) ) ;
#8977 = CARTESIAN_POINT ( 'NONE',  ( -12.33291226512413985, 15.05827909477505600, 29.33287930512286223 ) ) ;
#8978 = VECTOR ( 'NONE', #915, 1000.000000000000000 ) ;
#8979 = VERTEX_POINT ( 'NONE', #10062 ) ;
#8980 = CARTESIAN_POINT ( 'NONE',  ( -28.75858569137457721, -25.51352282826060502, 7.026991725323796345 ) ) ;
#8981 = FACE_OUTER_BOUND ( 'NONE', #9357, .T. ) ;
#8982 = CARTESIAN_POINT ( 'NONE',  ( -19.23353510100220376, 2.822399969747101611, 28.47385922256554736 ) ) ;
#8983 = CARTESIAN_POINT ( 'NONE',  ( 27.17839446395945657, -7.100008336930077490, 14.65471539906044995 ) ) ;
#8984 = AXIS2_PLACEMENT_3D ( 'NONE', #7453, #8039, #110 ) ;
#8985 = CARTESIAN_POINT ( 'NONE',  ( 19.40282684948185121, 2.747739922681004199, 28.49986057051303590 ) ) ;
#8986 = DIRECTION ( 'NONE',  ( 0.4249999999999936606, 0.7361215932167749498, 0.5267826876426392468 ) ) ;
#8987 = FACE_OUTER_BOUND ( 'NONE', #7299, .T. ) ;
#8988 = B_SPLINE_CURVE_WITH_KNOTS ( 'NONE', 3,
 ( #5155, #1942, #2639, #3707 ),
 .UNSPECIFIED., .F., .F.,
 ( 4, 4 ),
 ( 0.000000000000000000, 1.000000000000000000 ),
 .UNSPECIFIED. ) ;
#8989 = DIRECTION ( 'NONE',  ( -0.000000000000000000, 0.000000000000000000, -1.000000000000000000 ) ) ;
#8990 = DIRECTION ( 'NONE',  ( 0.8660254037844380415, 0.5000000000000008882, -0.000000000000000000 ) ) ;
#8991 = CARTESIAN_POINT ( 'NONE',  ( 7.009774293295050640, -18.12925379993367514, 29.34685135987001914 ) ) ;
#8992 = EDGE_CURVE ( 'NONE', #1526, #4833, #861, .T. ) ;
#8993 = VERTEX_POINT ( 'NONE', #4226 ) ;
#8994 = DIRECTION ( 'NONE',  ( -0.4999999999999952260, -0.8660254037844413721, 0.000000000000000000 ) ) ;
#8995 = CARTESIAN_POINT ( 'NONE',  ( 26.83481272107335869, -21.06884784709622238, 8.607313657679670271 ) ) ;
#8996 = CARTESIAN_POINT ( 'NONE',  ( 7.343012437561153405, -18.04040790171480779, 28.49953455754358345 ) ) ;
#8997 = CARTESIAN_POINT ( 'NONE',  ( 19.27441723110818117, 3.164618849218281849, 28.74794295034653047 ) ) ;
#8998 = CARTESIAN_POINT ( 'NONE',  ( 12.34799898659467488, 15.02648759329282591, 28.84892402717022719 ) ) ;
#8999 = VERTEX_POINT ( 'NONE', #2567 ) ;
#9000 = DIRECTION ( 'NONE',  ( 1.000000000000000000, 0.000000000000000000, 0.000000000000000000 ) ) ;
#9001 = VECTOR ( 'NONE', #302, 1000.000000000000000 ) ;
#9002 = VERTEX_POINT ( 'NONE', #7493 ) ;
#9003 = ORIENTED_EDGE ( 'NONE', *, *, #9173, .T. ) ;
#9004 = CARTESIAN_POINT ( 'NONE',  ( -9.606790863126109414, -15.18245223464857041, 32.00000000000000000 ) ) ;
#9005 = ADVANCED_FACE ( 'NONE', ( #151 ), #5193, .F. ) ;
#9006 = FACE_OUTER_BOUND ( 'NONE', #1400, .T. ) ;
#9007 = CARTESIAN_POINT ( 'NONE',  ( 40.26454612787568976, -9.430332592739082642, 7.000000000000000000 ) ) ;
#9008 = AXIS2_PLACEMENT_3D ( 'NONE', #5763, #84, #1633 ) ;
#9009 = EDGE_LOOP ( 'NONE', ( #7361, #443, #2841, #5217 ) ) ;
#9010 = DIRECTION ( 'NONE',  ( 1.000000000000000000, 0.000000000000000000, 0.000000000000000000 ) ) ;
#9011 = TOROIDAL_SURFACE ( 'NONE', #3724, 11.99999999999999822, 0.5000000000000000000 ) ;
#9012 = CARTESIAN_POINT ( 'NONE',  ( -12.37610884267190059, 15.08332017524551816, 29.33294715574873024 ) ) ;
#9013 = DIRECTION ( 'NONE',  ( 1.101697372407250679E-15, -1.000000000000000000, -0.000000000000000000 ) ) ;
#9014 = VERTEX_POINT ( 'NONE', #5947 ) ;
#9015 = CARTESIAN_POINT ( 'NONE',  ( -12.32627632311343646, 15.09296778179583143, 28.63929964006494089 ) ) ;
#9016 = CARTESIAN_POINT ( 'NONE',  ( -6.929967398279440971, -18.28934399560904467, 28.63929964006498707 ) ) ;
#9017 = EDGE_LOOP ( 'NONE', ( #1371, #2382, #663, #12, #2151 ) ) ;
#9018 = VERTEX_POINT ( 'NONE', #1119 ) ;
#9019 = AXIS2_PLACEMENT_3D ( 'NONE', #1486, #6264, #9524 ) ;
#9020 = FACE_OUTER_BOUND ( 'NONE', #9892, .T. ) ;
#9021 = EDGE_CURVE ( 'NONE', #9238, #5004, #3293, .T. ) ;
#9022 = CARTESIAN_POINT ( 'NONE',  ( 20.68195199387009353, 3.752160089712977431, 28.81958237729068273 ) ) ;
#9023 = CARTESIAN_POINT ( 'NONE',  ( 7.184385800462279370, -18.11770646187447298, 28.45793782530211047 ) ) ;
#9024 = CARTESIAN_POINT ( 'NONE',  ( 18.99004572546250813, 3.164771010656318495, 29.02794623883428216 ) ) ;
#9025 = CARTESIAN_POINT ( 'NONE',  ( -7.274305630064772821, -18.32767642020610310, 28.49996611647303624 ) ) ;
#9026 = CARTESIAN_POINT ( 'NONE',  ( -23.48076211353101428, -14.99999999999999467, 0.1999999999999996503 ) ) ;
#9027 = CARTESIAN_POINT ( 'NONE',  ( -12.33303030895324603, 14.90585441979260573, 29.02208500588319140 ) ) ;
#9028 = CARTESIAN_POINT ( 'NONE',  ( -6.748214269819020394, -18.18021258450841415, 28.95187934442595790 ) ) ;
#9029 = CARTESIAN_POINT ( 'NONE',  ( -12.27938442599024071, 14.93803437924145427, 29.23402551135509597 ) ) ;
#9030 = CIRCLE ( 'NONE', #9382, 0.2000000000000000111 ) ;
#9031 = EDGE_CURVE ( 'NONE', #2105, #10297, #5695, .T. ) ;
#9032 = ORIENTED_EDGE ( 'NONE', *, *, #10019, .T. ) ;
#9033 = CARTESIAN_POINT ( 'NONE',  ( -42.74750315841317416, -5.100205573816943172, 7.000000000000000000 ) ) ;
#9034 = EDGE_CURVE ( 'NONE', #9014, #5327, #5483, .T. ) ;
#9035 = CARTESIAN_POINT ( 'NONE',  ( -21.07241370345680309, 3.446341281275409951, 1.700000000000000178 ) ) ;
#9036 = CARTESIAN_POINT ( 'NONE',  ( -19.31959591647505547, 2.864938628913284990, 28.53468350242530605 ) ) ;
#9037 = CIRCLE ( 'NONE', #3571, 1.100000000000000533 ) ;
#9038 = CARTESIAN_POINT ( 'NONE',  ( -17.29661982744037374, 9.986208113443305834, 0.000000000000000000 ) ) ;
#9039 = CARTESIAN_POINT ( 'NONE',  ( 19.37749964835443350, 2.742242516595311042, 28.49697292815870853 ) ) ;
#9040 = LINE ( 'NONE', #1925, #2617 ) ;
#9041 = TOROIDAL_SURFACE ( 'NONE', #3573, 0.4000000000000000222, 0.2000000000000000111 ) ;
#9042 = CARTESIAN_POINT ( 'NONE',  ( 11.93480767431809220, 14.51317999735880093, 29.08311754091266721 ) ) ;
#9043 = ADVANCED_FACE ( 'NONE', ( #9363 ), #2027, .F. ) ;
#9044 = CARTESIAN_POINT ( 'NONE',  ( -6.751501499139645368, -17.99854210629969131, 29.19071410177173220 ) ) ;
#9045 = PLANE ( 'NONE',  #8564 ) ;
#9046 = TOROIDAL_SURFACE ( 'NONE', #1517, 1.299999999999999378, 0.2000000000000000111 ) ;
#9047 = AXIS2_PLACEMENT_3D ( 'NONE', #8643, #549, #2269 ) ;
#9048 = CARTESIAN_POINT ( 'NONE',  ( 4.303906682585298960, 34.53711729695567101, 8.220528996745853689 ) ) ;
#9049 = EDGE_CURVE ( 'NONE', #7743, #161, #353, .T. ) ;
#9050 = TOROIDAL_SURFACE ( 'NONE', #9906, 2.700000000000000178, 0.2000000000000000111 ) ;
#9051 = LINE ( 'NONE', #4785, #2264 ) ;
#9052 = ORIENTED_EDGE ( 'NONE', *, *, #6884, .T. ) ;
#9053 = DIRECTION ( 'NONE',  ( -1.224646799147353207E-16, -1.349190160747589117E-31, 1.000000000000000000 ) ) ;
#9054 = DIRECTION ( 'NONE',  ( 1.000000000000000000, 0.000000000000000000, 0.000000000000000000 ) ) ;
#9055 = AXIS2_PLACEMENT_3D ( 'NONE', #9560, #7252, #7946 ) ;
#9056 = DIRECTION ( 'NONE',  ( 0.000000000000000000, -0.000000000000000000, -1.000000000000000000 ) ) ;
#9057 = CARTESIAN_POINT ( 'NONE',  ( 19.26384460783439678, 3.104869107684954610, 28.67561381411794130 ) ) ;
#9058 = CARTESIAN_POINT ( 'NONE',  ( 12.33233668874882660, 15.00833479107778423, 28.84942156965318460 ) ) ;
#9059 = AXIS2_PLACEMENT_3D ( 'NONE', #10202, #241, #7688 ) ;
#9060 = VERTEX_POINT ( 'NONE', #4791 ) ;
#9061 = CARTESIAN_POINT ( 'NONE',  ( 12.34734657611011244, 15.13268840204163546, 28.69144953885257010 ) ) ;
#9062 = ORIENTED_EDGE ( 'NONE', *, *, #6036, .T. ) ;
#9063 = ORIENTED_EDGE ( 'NONE', *, *, #9096, .F. ) ;
#9064 = CARTESIAN_POINT ( 'NONE',  ( 10.29777649649665783, -20.04040790171518083, 28.20000000000000284 ) ) ;
#9065 = LINE ( 'NONE', #6444, #6311 ) ;
#9066 = DIRECTION ( 'NONE',  ( 1.000000000000000000, 1.261617073437677457E-14, 0.000000000000000000 ) ) ;
#9067 = ORIENTED_EDGE ( 'NONE', *, *, #10568, .F. ) ;
#9068 = CARTESIAN_POINT ( 'NONE',  ( 27.59207537181832137, -7.713301117834612697, 13.80216419754184898 ) ) ;
#9069 = DIRECTION ( 'NONE',  ( -0.000000000000000000, 0.000000000000000000, -1.000000000000000000 ) ) ;
#9070 = CARTESIAN_POINT ( 'NONE',  ( -36.84916807292087526, -5.762728654646394943, 7.000000000000000000 ) ) ;
#9071 = ORIENTED_EDGE ( 'NONE', *, *, #4922, .T. ) ;
#9072 = CARTESIAN_POINT ( 'NONE',  ( -12.25922297334638777, 15.01504352474336557, 28.58794429354589539 ) ) ;
#9073 = CARTESIAN_POINT ( 'NONE',  ( -6.969004301538026525, -18.20423074338989977, 28.56253294807867249 ) ) ;
#9074 = EDGE_CURVE ( 'NONE', #7147, #10472, #5296, .T. ) ;
#9075 = ORIENTED_EDGE ( 'NONE', *, *, #2721, .F. ) ;
#9076 = VERTEX_POINT ( 'NONE', #6349 ) ;
#9077 = DIRECTION ( 'NONE',  ( -1.000000000000000000, 0.000000000000000000, 0.000000000000000000 ) ) ;
#9078 = DIRECTION ( 'NONE',  ( -0.3004983839414939184, 0.5204784685790019294, 0.7992514529196724782 ) ) ;
#9079 = CARTESIAN_POINT ( 'NONE',  ( -20.97241370345680522, 3.619546362032296738, 28.30000000000000071 ) ) ;
#9080 = CARTESIAN_POINT ( 'NONE',  ( 19.20577899415377487, 3.194476415834067495, 28.89380020278645844 ) ) ;
#9081 = B_SPLINE_CURVE_WITH_KNOTS ( 'NONE', 3,
 ( #4205, #763, #20, #7466, #8269, #8323, #8157, #2486, #9012, #873 ),
 .UNSPECIFIED., .F., .F.,
 ( 4, 2, 2, 2, 4 ),
 ( 0.000000000000000000, 0.2500000000000000000, 0.5000000000000000000, 0.7500000000000000000, 1.000000000000000000 ),
 .UNSPECIFIED. ) ;
#9082 = CARTESIAN_POINT ( 'NONE',  ( -18.19555104132327727, 3.429213578488559122, 28.72500000000000142 ) ) ;
#9083 = CARTESIAN_POINT ( 'NONE',  ( 66.34884018471323941, -26.55165602610579967, 7.499999999999999112 ) ) ;
#9084 = ORIENTED_EDGE ( 'NONE', *, *, #1449, .T. ) ;
#9085 = ADVANCED_FACE ( 'NONE', ( #1516 ), #900, .F. ) ;
#9086 = AXIS2_PLACEMENT_3D ( 'NONE', #6860, #4289, #3695 ) ;
#9087 = CARTESIAN_POINT ( 'NONE',  ( -12.34718546767700609, 14.92056059695783254, 29.02201162529076228 ) ) ;
#9088 = CARTESIAN_POINT ( 'NONE',  ( -6.784301289529060419, -18.32767642020609955, 28.94292798232861230 ) ) ;
#9089 = CARTESIAN_POINT ( 'NONE',  ( -12.14792302364132759, 14.75383942357356659, 29.17298996065333583 ) ) ;
#9090 = ORIENTED_EDGE ( 'NONE', *, *, #4379, .T. ) ;
#9091 = CARTESIAN_POINT ( 'NONE',  ( 19.26391504152973511, 3.009927307997896317, 29.39530974698601185 ) ) ;
#9092 = CYLINDRICAL_SURFACE ( 'NONE', #8662, 0.2000000000000005107 ) ;
#9093 = CARTESIAN_POINT ( 'NONE',  ( -19.43914728258562974, 2.807239815609679390, 28.51020182498166733 ) ) ;
#9094 = CARTESIAN_POINT ( 'NONE',  ( 19.16969296285557434, 3.043725668095901948, 29.33644522608955185 ) ) ;
#9095 = CARTESIAN_POINT ( 'NONE',  ( -17.95178475851234623, -0.8644821686439874142, 31.99999999999999289 ) ) ;
#9096 = EDGE_CURVE ( 'NONE', #6723, #4153, #7911, .T. ) ;
#9097 = CARTESIAN_POINT ( 'NONE',  ( 13.64473817421952795, 16.34097196907353222, 28.99837095140254206 ) ) ;
#9098 = CARTESIAN_POINT ( 'NONE',  ( 12.56384780905897891, 14.49821102053390831, 28.86184692011503472 ) ) ;
#9099 = CARTESIAN_POINT ( 'NONE',  ( -6.726192868392430135, -17.86613073467941248, 29.20665703117107626 ) ) ;
#9100 = CARTESIAN_POINT ( 'NONE',  ( 26.26434344077435057, -34.83362741562999787, 7.000000000000000000 ) ) ;
#9101 = EDGE_CURVE ( 'NONE', #1944, #341, #7251, .T. ) ;
#9102 = ORIENTED_EDGE ( 'NONE', *, *, #1595, .T. ) ;
#9103 = DIRECTION ( 'NONE',  ( -0.000000000000000000, -0.000000000000000000, -1.000000000000000000 ) ) ;
#9104 = CARTESIAN_POINT ( 'NONE',  ( -2.500000000000000000, 30.00000000000000000, 5.000000000000000000 ) ) ;
#9105 = ORIENTED_EDGE ( 'NONE', *, *, #3060, .F. ) ;
#9106 = EDGE_CURVE ( 'NONE', #9708, #5935, #6045, .T. ) ;
#9107 = AXIS2_PLACEMENT_3D ( 'NONE', #8426, #2700, #5860 ) ;
#9108 = FACE_OUTER_BOUND ( 'NONE', #940, .T. ) ;
#9109 = CARTESIAN_POINT ( 'NONE',  ( 28.15174133670351608, -22.58402336894389251, 7.605830954229120699 ) ) ;
#9110 = DIRECTION ( 'NONE',  ( 1.000000000000000000, 0.000000000000000000, 0.000000000000000000 ) ) ;
#9111 = CARTESIAN_POINT ( 'NONE',  ( 19.15508002502253859, 3.130976332502462878, 28.70606637288834051 ) ) ;
#9112 = CARTESIAN_POINT ( 'NONE',  ( -7.470624290268027323, -18.04040790171496056, 1.700000000000001510 ) ) ;
#9113 = ORIENTED_EDGE ( 'NONE', *, *, #1230, .T. ) ;
#9114 = CARTESIAN_POINT ( 'NONE',  ( 12.37314943290120617, 15.08301764017235413, 29.23066792965411409 ) ) ;
#9115 = VECTOR ( 'NONE', #954, 1000.000000000000000 ) ;
#9116 = ORIENTED_EDGE ( 'NONE', *, *, #4266, .F. ) ;
#9117 = ORIENTED_EDGE ( 'NONE', *, *, #10190, .T. ) ;
#9118 = AXIS2_PLACEMENT_3D ( 'NONE', #421, #6964, #10227 ) ;
#9119 = CARTESIAN_POINT ( 'NONE',  ( 7.343012437561156069, -18.31012240788766832, 28.49953455754358345 ) ) ;
#9120 = CARTESIAN_POINT ( 'NONE',  ( -22.45661409683921050, 1.048835872080257525, 7.500000000000001776 ) ) ;
#9121 = AXIS2_PLACEMENT_3D ( 'NONE', #3555, #2812, #387 ) ;
#9122 = CARTESIAN_POINT ( 'NONE',  ( 19.11042005530745769, 3.174625026950711693, 28.77723580915904833 ) ) ;
#9123 = ORIENTED_EDGE ( 'NONE', *, *, #3244, .F. ) ;
#9124 = CARTESIAN_POINT ( 'NONE',  ( -7.470624290268025547, -18.24040790171495985, 28.50000000000000000 ) ) ;
#9125 = AXIS2_PLACEMENT_3D ( 'NONE', #9858, #5744, #8312 ) ;
#9126 = CARTESIAN_POINT ( 'NONE',  ( -11.94036289588799171, 15.26351725728515873, 1.500000000000001332 ) ) ;
#9127 = CARTESIAN_POINT ( 'NONE',  ( -12.34783668685443203, 18.55775194857843502, 32.00000000000000000 ) ) ;
#9128 = EDGE_LOOP ( 'NONE', ( #301, #1216, #1313, #5146 ) ) ;
#9129 = CARTESIAN_POINT ( 'NONE',  ( -12.34235096089004280, 15.06122197897860815, 28.67620063722331025 ) ) ;
#9130 = CARTESIAN_POINT ( 'NONE',  ( -6.989434011227339205, -18.26464646175119100, 28.58568098441712380 ) ) ;
#9131 = EDGE_LOOP ( 'NONE', ( #2913, #3668, #2424, #2776 ) ) ;
#9132 = EDGE_LOOP ( 'NONE', ( #8288, #2856 ) ) ;
#9133 = EDGE_CURVE ( 'NONE', #2751, #3394, #8792, .T. ) ;
#9134 = LINE ( 'NONE', #1797, #9495 ) ;
#9135 = CARTESIAN_POINT ( 'NONE',  ( -11.94036289588799349, 15.26351725728515696, 28.30000000000000071 ) ) ;
#9136 = CARTESIAN_POINT ( 'NONE',  ( 19.17355007451090998, 3.185149197079088612, 28.89741597412850638 ) ) ;
#9137 = EDGE_CURVE ( 'NONE', #7049, #3387, #10143, .T. ) ;
#9138 = CARTESIAN_POINT ( 'NONE',  ( -7.259529921725839330, -18.19439663857257727, 28.49483732229388622 ) ) ;
#9139 = CARTESIAN_POINT ( 'NONE',  ( -7.274305630064772821, -18.32767642020610310, 28.49996611647303624 ) ) ;
#9140 = EDGE_LOOP ( 'NONE', ( #3644, #635 ) ) ;
#9141 = CARTESIAN_POINT ( 'NONE',  ( -12.37150839619489773, 14.94529288616787710, 29.04645686241515889 ) ) ;
#9142 = CARTESIAN_POINT ( 'NONE',  ( -6.755656476504968033, -18.19435083621322136, 28.90535030359692925 ) ) ;
#9143 = CARTESIAN_POINT ( 'NONE',  ( -12.32247861945805489, 14.97411213516475570, 29.24024726418677034 ) ) ;
#9144 = TOROIDAL_SURFACE ( 'NONE', #5558, 1.299999999999999378, 0.2000000000000000111 ) ;
#9145 = VERTEX_POINT ( 'NONE', #5600 ) ;
#9146 = CARTESIAN_POINT ( 'NONE',  ( -28.42722570752199829, -23.15775686457727645, 7.392317627351592257 ) ) ;
#9147 = DIRECTION ( 'NONE',  ( 0.5000000000000007772, -0.8660254037844381525, 0.000000000000000000 ) ) ;
#9148 = CARTESIAN_POINT ( 'NONE',  ( -19.31453408546709483, 2.993967951324775001, 28.61983750110368163 ) ) ;
#9149 = CARTESIAN_POINT ( 'NONE',  ( 13.49539736716370264, 16.19963783453756179, 1.700000000000000178 ) ) ;
#9150 = CARTESIAN_POINT ( 'NONE',  ( 18.89893775249111130, 3.090258199586879861, 29.17298996065469296 ) ) ;
#9151 = EDGE_CURVE ( 'NONE', #970, #7894, #3647, .T. ) ;
#9152 = FACE_OUTER_BOUND ( 'NONE', #6699, .T. ) ;
#9153 = DIRECTION ( 'NONE',  ( -1.000000000000000000, 0.000000000000000000, 0.000000000000000000 ) ) ;
#9154 = CARTESIAN_POINT ( 'NONE',  ( -6.876431861179346683, -18.06999530244959118, 29.31786264863590219 ) ) ;
#9155 = CARTESIAN_POINT ( 'NONE',  ( -12.08432652864027901, 15.34663469940820413, 28.49712918849862575 ) ) ;
#9156 = VERTEX_POINT ( 'NONE', #3987 ) ;
#9157 = FACE_OUTER_BOUND ( 'NONE', #9759, .T. ) ;
#9158 = EDGE_CURVE ( 'NONE', #3177, #9238, #1169, .T. ) ;
#9159 = DIRECTION ( 'NONE',  ( -0.8660254037844382635, -0.5000000000000008882, 0.000000000000000000 ) ) ;
#9160 = ORIENTED_EDGE ( 'NONE', *, *, #6884, .F. ) ;
#9161 = CIRCLE ( 'NONE', #9331, 5.000000000000000888 ) ;
#9162 = B_SPLINE_CURVE_WITH_KNOTS ( 'NONE', 3,
 ( #3261, #8081, #50, #4016, #4817, #1601, #4871, #7279 ),
 .UNSPECIFIED., .F., .F.,
 ( 4, 2, 2, 4 ),
 ( -4.503167809146515467E-06, 0.0004215171731266148200, 0.0006345273435944896300, 0.0008475375140623643859 ),
 .UNSPECIFIED. ) ;
#9163 = VECTOR ( 'NONE', #258, 1000.000000000000000 ) ;
#9164 = FACE_BOUND ( 'NONE', #7605, .T. ) ;
#9165 = DIRECTION ( 'NONE',  ( -1.000000000000000000, -6.859794606063989109E-16, 0.000000000000000000 ) ) ;
#9166 = ADVANCED_FACE ( 'NONE', ( #10220 ), #2882, .F. ) ;
#9167 = CARTESIAN_POINT ( 'NONE',  ( 13.49539736716370264, 16.19963783453756179, 1.500000000000001332 ) ) ;
#9168 = CARTESIAN_POINT ( 'NONE',  ( 19.19777185257502339, 2.950689940362151820, 28.49763560990100686 ) ) ;
#9169 = CARTESIAN_POINT ( 'NONE',  ( -17.31198659095687375, -10.04040790171521103, 0.000000000000000000 ) ) ;
#9170 = DIRECTION ( 'NONE',  ( -0.8660254037844381525, -0.5000000000000009992, 0.000000000000000000 ) ) ;
#9171 = ORIENTED_EDGE ( 'NONE', *, *, #3304, .T. ) ;
#9172 = CARTESIAN_POINT ( 'NONE',  ( -57.73314460307167195, -41.44495922703252688, 29.39571968233660471 ) ) ;
#9173 = EDGE_CURVE ( 'NONE', #5270, #5928, #4202, .T. ) ;
#9174 = ORIENTED_EDGE ( 'NONE', *, *, #6237, .F. ) ;
#9175 = CARTESIAN_POINT ( 'NONE',  ( 12.12618227121240722, 14.81093904163130404, 29.16485592912047409 ) ) ;
#9176 = DIRECTION ( 'NONE',  ( -1.000000000000000000, 0.000000000000000000, 0.000000000000000000 ) ) ;
#9177 = CARTESIAN_POINT ( 'NONE',  ( 12.08003330318145174, 15.39527605928847009, 28.49862089503548646 ) ) ;
#9178 = VERTEX_POINT ( 'NONE', #1788 ) ;
#9179 = DIRECTION ( 'NONE',  ( 1.000000000000000000, 1.734723475976817507E-14, -0.000000000000000000 ) ) ;
#9181 = DIRECTION ( 'NONE',  ( 1.026956297778269800E-14, -1.000000000000000000, -0.000000000000000000 ) ) ;
#9180 = AXIS2_PLACEMENT_3D ( 'NONE', #1811, #5079, #10543 ) ;
#9182 = VERTEX_POINT ( 'NONE', #6554 ) ;
#9183 = CARTESIAN_POINT ( 'NONE',  ( -12.33683893135774667, 15.04956580881588657, 28.68138736359697205 ) ) ;
#9184 = CARTESIAN_POINT ( 'NONE',  ( -7.012734447972758467, -18.22906003694664889, 28.56015679831221021 ) ) ;
#9185 = EDGE_LOOP ( 'NONE', ( #5547, #8410, #2331, #3532 ) ) ;
#9186 = VERTEX_POINT ( 'NONE', #6659 ) ;
#9187 = CIRCLE ( 'NONE', #795, 1.099999999999998090 ) ;
#9188 = CARTESIAN_POINT ( 'NONE',  ( 17.32902956042068610, -20.04040790171517372, 17.00000000000000000 ) ) ;
#9189 = LINE ( 'NONE', #9995, #5131 ) ;
#9190 = CARTESIAN_POINT ( 'NONE',  ( 19.12415190131007492, 3.180501780905339082, 28.95038900857227659 ) ) ;
#9191 = DIRECTION ( 'NONE',  ( 1.000000000000000000, 0.000000000000000000, 0.000000000000000000 ) ) ;
#9192 = CARTESIAN_POINT ( 'NONE',  ( -6.776535819264409177, -18.32767642020609955, 28.94042354627013580 ) ) ;
#9193 = VERTEX_POINT ( 'NONE', #2535 ) ;
#9194 = CARTESIAN_POINT ( 'NONE',  ( -12.38678680812810207, 14.95472290321110265, 29.02086437869382252 ) ) ;
#9195 = CARTESIAN_POINT ( 'NONE',  ( -6.779691146099630750, -18.27032527703576292, 29.02092369858115717 ) ) ;
#9196 = EDGE_CURVE ( 'NONE', #6196, #1526, #6907, .T. ) ;
#9197 = CIRCLE ( 'NONE', #3035, 1.099999999999998535 ) ;
#9198 = EDGE_LOOP ( 'NONE', ( #6078, #5248, #7434, #823 ) ) ;
#9199 = CARTESIAN_POINT ( 'NONE',  ( -6.698884299031900191, -17.94206015376712315, 29.15343510911812785 ) ) ;
#9200 = CARTESIAN_POINT ( 'NONE',  ( 2.630947705542611805E-14, -20.04040790171519504, 0.000000000000000000 ) ) ;
#9201 = CARTESIAN_POINT ( 'NONE',  ( -19.28958357805896640, 2.922465342570899516, 28.56690226914340514 ) ) ;
#9202 = FACE_OUTER_BOUND ( 'NONE', #8103, .T. ) ;
#9203 = CARTESIAN_POINT ( 'NONE',  ( 19.15164274583221982, 3.121356634438518185, 29.23759443214045461 ) ) ;
#9204 = DIRECTION ( 'NONE',  ( -0.8660254037844413721, 0.4999999999999951705, -0.000000000000000000 ) ) ;
#9205 = DIRECTION ( 'NONE',  ( -0.5000000000000015543, 0.8660254037844377084, 0.000000000000000000 ) ) ;
#9206 = CARTESIAN_POINT ( 'NONE',  ( -6.975581495512857444, -18.19116314120719480, 29.39382391209197465 ) ) ;
#9207 = DIRECTION ( 'NONE',  ( -1.026956297778269800E-14, 1.000000000000000000, -0.000000000000000000 ) ) ;
#9208 = EDGE_LOOP ( 'NONE', ( #2360, #5428, #9117, #4217 ) ) ;
#9209 = CARTESIAN_POINT ( 'NONE',  ( -6.010224411393543242, -18.04040790171494635, 28.72500000000000142 ) ) ;
#9210 = EDGE_CURVE ( 'NONE', #9837, #6934, #4850, .T. ) ;
#9211 = LINE ( 'NONE', #6639, #7395 ) ;
#9212 = ORIENTED_EDGE ( 'NONE', *, *, #6871, .F. ) ;
#9213 = DIRECTION ( 'NONE',  ( 0.5000000000000005551, 0.8660254037844382635, 0.000000000000000000 ) ) ;
#9214 = CARTESIAN_POINT ( 'NONE',  ( 19.19591314848465657, 2.868660660026759235, 28.45309165528607309 ) ) ;
#9215 = AXIS2_PLACEMENT_3D ( 'NONE', #10091, #8372, #10140 ) ;
#9216 = DIRECTION ( 'NONE',  ( 0.8660254037844389297, -0.4999999999999996114, 0.000000000000000000 ) ) ;
#9217 = CARTESIAN_POINT ( 'NONE',  ( 19.35537399982040796, 3.004050447874683893, 28.56684427480538346 ) ) ;
#9218 = CARTESIAN_POINT ( 'NONE',  ( 27.00051689216706308, -29.48515466406566077, 7.000000000000000000 ) ) ;
#9219 = CARTESIAN_POINT ( 'NONE',  ( -19.24036289588792670, 2.619546362032310505, 1.500000000000001332 ) ) ;
#9220 = ORIENTED_EDGE ( 'NONE', *, *, #5253, .T. ) ;
#9221 = EDGE_CURVE ( 'NONE', #10502, #8786, #6755, .T. ) ;
#9222 = CARTESIAN_POINT ( 'NONE',  ( 7.049739963761681771, -18.19587413024990497, 28.56052489139923267 ) ) ;
#9223 = CIRCLE ( 'NONE', #8024, 1.299999999999999378 ) ;
#9224 = AXIS2_PLACEMENT_3D ( 'NONE', #9532, #6219, #7073 ) ;
#9225 = ORIENTED_EDGE ( 'NONE', *, *, #2660, .F. ) ;
#9226 = CARTESIAN_POINT ( 'NONE',  ( 18.27748011637281422, -1.283172453091272036, 28.19999999999999929 ) ) ;
#9227 = FACE_OUTER_BOUND ( 'NONE', #3790, .T. ) ;
#9228 = CARTESIAN_POINT ( 'NONE',  ( 18.81337503434578551, 3.039964519804672527, 29.20668032927652291 ) ) ;
#9229 = VECTOR ( 'NONE', #9830, 1000.000000000000000 ) ;
#9230 = ORIENTED_EDGE ( 'NONE', *, *, #2626, .T. ) ;
#9231 = EDGE_CURVE ( 'NONE', #8299, #1300, #1082, .T. ) ;
#9232 = DIRECTION ( 'NONE',  ( 0.8660254037844382635, 0.5000000000000008882, -0.000000000000000000 ) ) ;
#9233 = CIRCLE ( 'NONE', #8887, 1.100000000000000311 ) ;
#9234 = ORIENTED_EDGE ( 'NONE', *, *, #1834, .T. ) ;
#9235 = CARTESIAN_POINT ( 'NONE',  ( -12.15994547360165079, 15.26640125586947327, 28.51172639627509398 ) ) ;
#9236 = CARTESIAN_POINT ( 'NONE',  ( -7.062207333063286185, -18.27753249459538765, 28.55017081357749831 ) ) ;
#9237 = EDGE_CURVE ( 'NONE', #4500, #341, #6389, .T. ) ;
#9238 = VERTEX_POINT ( 'NONE', #2590 ) ;
#9239 = VERTEX_POINT ( 'NONE', #5863 ) ;
#9240 = CARTESIAN_POINT ( 'NONE',  ( -7.270624290268025369, -18.24040790171495630, 28.30000000000000071 ) ) ;
#9241 = EDGE_CURVE ( 'NONE', #1952, #2209, #9713, .T. ) ;
#9242 = CARTESIAN_POINT ( 'NONE',  ( -9.699017848312209367, -15.12932599668801537, 32.00000000000000000 ) ) ;
#9243 = CARTESIAN_POINT ( 'NONE',  ( 19.05699358035827373, 3.185144737989103803, 28.90639860571152298 ) ) ;
#9244 = PLANE ( 'NONE',  #10211 ) ;
#9245 = DIRECTION ( 'NONE',  ( 0.8660254037844380415, 0.5000000000000008882, -0.000000000000000000 ) ) ;
#9246 = ORIENTED_EDGE ( 'NONE', *, *, #5368, .T. ) ;
#9247 = CARTESIAN_POINT ( 'NONE',  ( -12.38476587036075927, 14.95246166813208077, 28.94526195320862172 ) ) ;
#9248 = EDGE_CURVE ( 'NONE', #2960, #10449, #9816, .T. ) ;
#9249 = CARTESIAN_POINT ( 'NONE',  ( -6.776896744926229843, -18.25869962145149117, 28.94605024060739851 ) ) ;
#9250 = AXIS2_PLACEMENT_3D ( 'NONE', #10337, #4667, #8890 ) ;
#9251 = ORIENTED_EDGE ( 'NONE', *, *, #399, .F. ) ;
#9252 = FACE_OUTER_BOUND ( 'NONE', #8259, .T. ) ;
#9253 = CARTESIAN_POINT ( 'NONE',  ( 11.93655164035171623, 15.29963783453756321, 28.30000000000000071 ) ) ;
#9254 = CARTESIAN_POINT ( 'NONE',  ( -19.33562503796642318, 2.916406021027027951, 28.56320509668456253 ) ) ;
#9255 = CARTESIAN_POINT ( 'NONE',  ( 13.47632565680517835, 15.81374386647610208, 29.33569860957953779 ) ) ;
#9256 = CARTESIAN_POINT ( 'NONE',  ( 19.15943053028842513, 3.039261189846780287, 29.33549628215144622 ) ) ;
#9257 = VECTOR ( 'NONE', #6532, 1000.000000000000000 ) ;
#9258 = CARTESIAN_POINT ( 'NONE',  ( -6.939545432118906731, -18.03429452302303559, 29.36614187387822028 ) ) ;
#9259 = PLANE ( 'NONE',  #8941 ) ;
#9260 = DIRECTION ( 'NONE',  ( -0.5000000000000007772, 0.8660254037844382635, 0.000000000000000000 ) ) ;
#9261 = CARTESIAN_POINT ( 'NONE',  ( -6.902230076701449057, -18.21155008399618325, 29.33724884745254613 ) ) ;
#9262 = CARTESIAN_POINT ( 'NONE',  ( -21.64211360987907540, -7.540407901715211914, 32.00000000000000000 ) ) ;
#9263 = EDGE_LOOP ( 'NONE', ( #8539, #3333, #2792, #5186 ) ) ;
#9264 = DIRECTION ( 'NONE',  ( -1.000000000000000000, 0.000000000000000000, 0.000000000000000000 ) ) ;
#9265 = CARTESIAN_POINT ( 'NONE',  ( -27.00774811030066047, -21.20731798439708626, 8.454431401170214855 ) ) ;
#9266 = ORIENTED_EDGE ( 'NONE', *, *, #7316, .T. ) ;
#9267 = CARTESIAN_POINT ( 'NONE',  ( 19.50975672110861225, 2.582461858527874909, 28.50000000000000000 ) ) ;
#9268 = CARTESIAN_POINT ( 'NONE',  ( 17.00852148289529708, 45.96410000294401499, 3.500000000000000444 ) ) ;
#9269 = CARTESIAN_POINT ( 'NONE',  ( -6.769446089332680216, -17.78996803086419476, 29.23849492710515463 ) ) ;
#9270 = CARTESIAN_POINT ( 'NONE',  ( 19.18881905836611068, 3.023322152713850741, 28.55519448036179497 ) ) ;
#9271 = DIRECTION ( 'NONE',  ( -0.8660254037844405950, -0.4999999999999966693, 0.000000000000000000 ) ) ;
#9272 = EDGE_CURVE ( 'NONE', #8686, #4681, #9466, .T. ) ;
#9273 = CARTESIAN_POINT ( 'NONE',  ( -65.91639118390158103, -27.27116037817085825, 31.79166666666666785 ) ) ;
#9274 = ORIENTED_EDGE ( 'NONE', *, *, #9688, .F. ) ;
#9275 = CARTESIAN_POINT ( 'NONE',  ( 7.309802220234539405, -18.15417221078116583, 28.48070170742749951 ) ) ;
#9276 = B_SPLINE_CURVE_WITH_KNOTS ( 'NONE', 3,
 ( #2231, #8655, #7051, #4593, #9513, #10367 ),
 .UNSPECIFIED., .F., .F.,
 ( 4, 2, 4 ),
 ( 0.0001604307054781662083, 0.0005812654922719995027, 0.001002100279065832635 ),
 .UNSPECIFIED. ) ;
#9277 = AXIS2_PLACEMENT_3D ( 'NONE', #7146, #8699, #556 ) ;
#9278 = CIRCLE ( 'NONE', #10137, 11.49999999999999467 ) ;
#9279 = EDGE_LOOP ( 'NONE', ( #5054, #1612, #2033, #7137, #1795, #5968 ) ) ;
#9280 = FACE_OUTER_BOUND ( 'NONE', #6297, .T. ) ;
#9281 = FACE_OUTER_BOUND ( 'NONE', #2147, .T. ) ;
#9282 = EDGE_CURVE ( 'NONE', #6029, #6825, #3159, .T. ) ;
#9283 = CARTESIAN_POINT ( 'NONE',  ( 12.03910778297785278, 15.31063251076549925, 28.47118389840298391 ) ) ;
#9284 = ORIENTED_EDGE ( 'NONE', *, *, #6039, .T. ) ;
#9285 = CARTESIAN_POINT ( 'NONE',  ( -22.83340901608223916, -0.003792072082495212548, 28.20000000000000284 ) ) ;
#9286 = VECTOR ( 'NONE', #4014, 1000.000000000000114 ) ;
#9287 = ORIENTED_EDGE ( 'NONE', *, *, #4819, .T. ) ;
#9288 = CARTESIAN_POINT ( 'NONE',  ( -12.23638525147174683, 15.05908091094907242, 28.56250190445951986 ) ) ;
#9289 = ORIENTED_EDGE ( 'NONE', *, *, #5879, .T. ) ;
#9290 = EDGE_LOOP ( 'NONE', ( #822, #10124, #6522, #4491 ) ) ;
#9291 = ORIENTED_EDGE ( 'NONE', *, *, #369, .F. ) ;
#9292 = CIRCLE ( 'NONE', #1741, 10.00000000000000533 ) ;
#9293 = DIRECTION ( 'NONE',  ( 1.000000000000000000, 1.734723475976810250E-14, 0.000000000000000000 ) ) ;
#9294 = EDGE_CURVE ( 'NONE', #6984, #2751, #8011, .T. ) ;
#9295 = DIRECTION ( 'NONE',  ( 0.000000000000000000, -1.000000000000000000, 0.000000000000000000 ) ) ;
#9296 = CARTESIAN_POINT ( 'NONE',  ( 12.41665512111348235, 14.46807421296751528, 28.30000000000000071 ) ) ;
#9297 = CARTESIAN_POINT ( 'NONE',  ( 19.19809122469911955, 3.191844058499126113, 28.89455058477674498 ) ) ;
#9298 = ADVANCED_FACE ( 'NONE', ( #7414, #2857 ), #1843, .F. ) ;
#9299 = AXIS2_PLACEMENT_3D ( 'NONE', #3697, #2938, #8569 ) ;
#9300 = DIRECTION ( 'NONE',  ( 0.8660254037844413721, -0.4999999999999952260, -0.000000000000000000 ) ) ;
#9301 = DIRECTION ( 'NONE',  ( -0.8660254037844380415, -0.5000000000000008882, 0.000000000000000000 ) ) ;
#9302 = ORIENTED_EDGE ( 'NONE', *, *, #8322, .F. ) ;
#9303 = CARTESIAN_POINT ( 'NONE',  ( -12.38658684271014288, 14.96311630478220778, 28.89440768571621732 ) ) ;
#9304 = CARTESIAN_POINT ( 'NONE',  ( -6.764678366852902691, -18.19366837712007268, 28.82398119184971463 ) ) ;
#9305 = ORIENTED_EDGE ( 'NONE', *, *, #2385, .F. ) ;
#9306 = CARTESIAN_POINT ( 'NONE',  ( 19.07963451140035005, 2.941639566000939787, 29.36993923061348966 ) ) ;
#9307 = VERTEX_POINT ( 'NONE', #4362 ) ;
#9308 = B_SPLINE_CURVE_WITH_KNOTS ( 'NONE', 3,
 ( #7882, #2152, #5588, #8684 ),
 .UNSPECIFIED., .F., .F.,
 ( 4, 4 ),
 ( 0.000000000000000000, 1.000000000000000000 ),
 .UNSPECIFIED. ) ;
#9309 = DIRECTION ( 'NONE',  ( -0.000000000000000000, 0.000000000000000000, -1.000000000000000000 ) ) ;
#9310 = CARTESIAN_POINT ( 'NONE',  ( -19.12574370225829412, 3.112511266547807409, 28.84864425437719149 ) ) ;
#9311 = DIRECTION ( 'NONE',  ( -1.000000000000000000, 0.000000000000000000, 0.000000000000000000 ) ) ;
#9312 = CARTESIAN_POINT ( 'NONE',  ( 19.19171398039153686, 3.055047085442670785, 29.33733439671185650 ) ) ;
#9313 = DIRECTION ( 'NONE',  ( -1.000000000000000000, 0.000000000000000000, 0.000000000000000000 ) ) ;
#9314 = CARTESIAN_POINT ( 'NONE',  ( 15.75055632772620662, 9.093587935699105174, 28.30000000000000071 ) ) ;
#9315 = CARTESIAN_POINT ( 'NONE',  ( -6.828516005891478002, -18.22353370743288181, 29.23997667390602118 ) ) ;
#9316 = CARTESIAN_POINT ( 'NONE',  ( -22.93340901608231874, -0.1769971528395135330, 7.500000000000001776 ) ) ;
#9317 = CIRCLE ( 'NONE', #4695, 0.3999999999999990785 ) ;
#9318 = VERTEX_POINT ( 'NONE', #6077 ) ;
#9319 = CARTESIAN_POINT ( 'NONE',  ( -17.98526448790178378, -1.206559426836893323, 32.00000000000000000 ) ) ;
#9320 = ORIENTED_EDGE ( 'NONE', *, *, #4742, .F. ) ;
#9321 = CARTESIAN_POINT ( 'NONE',  ( 8.372211372803848306, 15.89005979284249825, 31.97592877889152874 ) ) ;
#9322 = CARTESIAN_POINT ( 'NONE',  ( 7.297069617667613528, -18.15476609912785833, 28.48202342101896889 ) ) ;
#9323 = DIRECTION ( 'NONE',  ( 0.4999999999999995559, 0.8660254037844389297, 0.000000000000000000 ) ) ;
#9324 = CARTESIAN_POINT ( 'NONE',  ( 19.31763227872676936, 3.004578150008769821, 28.57757612190030372 ) ) ;
#9325 = LINE ( 'NONE', #9112, #8078 ) ;
#9326 = DIRECTION ( 'NONE',  ( 0.5000000000000008882, -0.8660254037844381525, 0.000000000000000000 ) ) ;
#9327 = LINE ( 'NONE', #6663, #5659 ) ;
#9328 = CARTESIAN_POINT ( 'NONE',  ( 7.150761842250835443, -18.20984544464170440, 28.52726767212567438 ) ) ;
#9329 =( BOUNDED_SURFACE ( )  B_SPLINE_SURFACE ( 3, 2, ( 
 ( #206, #8403, #5949 ),
 ( #3476, #6002, #3529 ),
 ( #5194, #8459, #1120 ),
 ( #4393, #4649, #5348 ),
 ( #1429, #2128, #4546 ),
 ( #2982, #5511, #8612 ),
 ( #2292, #9418, #10433 ),
 ( #3691, #6203, #3033 ),
 ( #10324, #10372, #416 ),
 ( #7960, #10275, #7909 ) ),
 .UNSPECIFIED., .F., .F., .F. ) 
 B_SPLINE_SURFACE_WITH_KNOTS ( ( 4, 2, 2, 2, 4 ),
 ( 3, 3 ),
 ( -3.464115686241172244E-06, 0.0001377244545656901406, 0.0002789130248176214730, 0.0004201015950695528053, 0.0005612901653214841377 ),
 ( 0.000000000000000000, 1.000000000000000000 ),
 .UNSPECIFIED. ) 
 GEOMETRIC_REPRESENTATION_ITEM ( )  RATIONAL_B_SPLINE_SURFACE ( (
 ( 1.000000000000000000, 1.000000000000000000, 1.000000000000000000),
 ( 1.000000000000000000, 0.9999662409884725323, 1.000000000000000000),
 ( 1.000000000000000000, 0.9903718308689023475, 1.000000000000000000),
 ( 1.000000000000000000, 0.9527690618411180923, 1.000000000000000000),
 ( 1.000000000000000000, 0.9241031752417885325, 1.000000000000000000),
 ( 1.000000000000000000, 0.8537481365671097944, 1.000000000000000000),
 ( 1.000000000000000000, 0.8107320022959395578, 1.000000000000000000),
 ( 1.000000000000000000, 0.7355113770708062715, 1.000000000000000000),
 ( 1.000000000000000000, 0.7057496236605264039, 1.000000000000000000),
 ( 1.000000000000000000, 0.7071067811865506814, 1.000000000000000000) ) ) 
 REPRESENTATION_ITEM ( '' )  SURFACE ( )  );
#9330 = EDGE_CURVE ( 'NONE', #10148, #1138, #5162, .T. ) ;
#9331 = AXIS2_PLACEMENT_3D ( 'NONE', #9937, #28, #4160 ) ;
#9332 = ORIENTED_EDGE ( 'NONE', *, *, #7112, .T. ) ;
#9333 = CARTESIAN_POINT ( 'NONE',  ( 12.05581596176045878, 38.06410000294339113, 0.000000000000000000 ) ) ;
#9334 = CARTESIAN_POINT ( 'NONE',  ( 65.89417914160087264, -27.33915205299870266, 31.79166666666666430 ) ) ;
#9335 = DIRECTION ( 'NONE',  ( -0.5000000000000037748, -0.8660254037844367092, 0.000000000000000000 ) ) ;
#9336 = VERTEX_POINT ( 'NONE', #6826 ) ;
#9337 = AXIS2_PLACEMENT_3D ( 'NONE', #2893, #9375, #1235 ) ;
#9338 = CARTESIAN_POINT ( 'NONE',  ( 7.329375709731976052, -18.24040790171481063, 28.30000000000000071 ) ) ;
#9339 = ORIENTED_EDGE ( 'NONE', *, *, #4912, .F. ) ;
#9340 = CARTESIAN_POINT ( 'NONE',  ( -12.23341457424398904, 15.14722607340068627, 28.55874191339334800 ) ) ;
#9341 = ORIENTED_EDGE ( 'NONE', *, *, #4700, .F. ) ;
#9342 = VERTEX_POINT ( 'NONE', #9285 ) ;
#9343 = EDGE_CURVE ( 'NONE', #1952, #8568, #7755, .T. ) ;
#9344 = ORIENTED_EDGE ( 'NONE', *, *, #6082, .F. ) ;
#9345 = CARTESIAN_POINT ( 'NONE',  ( -20.52929216432576354, 3.839231171105021101, 29.23172717268998255 ) ) ;
#9346 = CARTESIAN_POINT ( 'NONE',  ( -28.68076211353531235, -14.99999999999999467, -1.761828530288944705E-16 ) ) ;
#9347 = CARTESIAN_POINT ( 'NONE',  ( 23.08440205453813476, -0.009005478011024546647, 28.19999999999999929 ) ) ;
#9348 = CARTESIAN_POINT ( 'NONE',  ( 19.20697489682829584, 3.166810904083280587, 28.80282004946310082 ) ) ;
#9349 = CARTESIAN_POINT ( 'NONE',  ( 50.49514364927149046, -9.563468133791603876, 3.500000000000000000 ) ) ;
#9350 = LINE ( 'NONE', #3405, #7899 ) ;
#9351 = EDGE_LOOP ( 'NONE', ( #768, #4830, #4634, #3208 ) ) ;
#9352 = CARTESIAN_POINT ( 'NONE',  ( -12.40489903460248300, 14.97842262494232202, 28.89237478871429587 ) ) ;
#9353 = CARTESIAN_POINT ( 'NONE',  ( -6.813172259999650926, -18.27036567286170055, 28.80282004946305818 ) ) ;
#9354 = TOROIDAL_SURFACE ( 'NONE', #9859, 1.299999999999999378, 0.2000000000000000111 ) ;
#9355 = EDGE_LOOP ( 'NONE', ( #8592, #6028, #1349, #5631 ) ) ;
#9356 = CARTESIAN_POINT ( 'NONE',  ( 66.89884018471323657, -25.59902808194291879, 7.499999999999999112 ) ) ;
#9357 = EDGE_LOOP ( 'NONE', ( #6193, #4720, #3379, #6724 ) ) ;
#9358 = CARTESIAN_POINT ( 'NONE',  ( 56.99033417765470233, -13.31346813379172112, 0.000000000000000000 ) ) ;
#9359 = CARTESIAN_POINT ( 'NONE',  ( -19.02249288877381872, 3.120490128351106840, 28.97545760033333906 ) ) ;
#9360 = CARTESIAN_POINT ( 'NONE',  ( 18.27748011637290304, -1.283172453091389942, 7.499999999999999112 ) ) ;
#9361 = CARTESIAN_POINT ( 'NONE',  ( 19.18260745186135452, 3.175929807741085131, 29.12093548756216776 ) ) ;
#9362 =( NAMED_UNIT ( * ) SI_UNIT ( $, .STERADIAN. ) SOLID_ANGLE_UNIT ( ) );
#9363 = FACE_OUTER_BOUND ( 'NONE', #5322, .T. ) ;
#9364 = FACE_OUTER_BOUND ( 'NONE', #5161, .T. ) ;
#9365 = AXIS2_PLACEMENT_3D ( 'NONE', #6209, #3750, #3957 ) ;
#9366 = EDGE_CURVE ( 'NONE', #5132, #4191, #1258, .T. ) ;
#9367 = CARTESIAN_POINT ( 'NONE',  ( -6.689657055436245336, -18.02272533049836767, 29.07001546762133160 ) ) ;
#9368 = CARTESIAN_POINT ( 'NONE',  ( 17.32902956042067544, -15.04040790171517905, 32.00000000000000000 ) ) ;
#9369 = EDGE_LOOP ( 'NONE', ( #9568, #6779, #1968, #7843, #1919 ) ) ;
#9370 = CYLINDRICAL_SURFACE ( 'NONE', #10495, 2.500000000001501022 ) ;
#9371 = ADVANCED_FACE ( 'NONE', ( #7676 ), #2283, .T. ) ;
#9372 = ORIENTED_EDGE ( 'NONE', *, *, #5397, .T. ) ;
#9373 = CARTESIAN_POINT ( 'NONE',  ( 13.29539736716370513, 16.54604799605133891, 28.50000000000000000 ) ) ;
#9374 = CARTESIAN_POINT ( 'NONE',  ( -9.746095424604677149, 33.06410000294339824, 7.000000000000000000 ) ) ;
#9375 = DIRECTION ( 'NONE',  ( -0.8660254037844382635, -0.5000000000000007772, -0.000000000000000000 ) ) ;
#9376 = EDGE_CURVE ( 'NONE', #8804, #5328, #8482, .T. ) ;
#9377 = CARTESIAN_POINT ( 'NONE',  ( 19.33699910461952953, 2.954663607262701053, 28.55032943729021611 ) ) ;
#9378 = CARTESIAN_POINT ( 'NONE',  ( 18.80947294435617678, 3.395388939579310428, 28.32529462522023778 ) ) ;
#9379 = CARTESIAN_POINT ( 'NONE',  ( 12.35888155443898384, 18.50991490293419162, 32.00000000000000000 ) ) ;
#9380 = CARTESIAN_POINT ( 'NONE',  ( 7.026008460274313805, -18.01214486509053003, 29.35919704513254658 ) ) ;
#9381 = ADVANCED_FACE ( 'NONE', ( #10095 ), #6715, .F. ) ;
#9382 = AXIS2_PLACEMENT_3D ( 'NONE', #10596, #4012, #6576 ) ;
#9383 = VECTOR ( 'NONE', #3551, 999.9999999999998863 ) ;
#9384 = ORIENTED_EDGE ( 'NONE', *, *, #10133, .F. ) ;
#9385 = CARTESIAN_POINT ( 'NONE',  ( -19.41356797664481348, 2.719546362032308373, 1.700000000000001510 ) ) ;
#9386 = DIRECTION ( 'NONE',  ( -1.000000000000000000, 0.000000000000000000, 0.000000000000000000 ) ) ;
#9387 = CARTESIAN_POINT ( 'NONE',  ( 12.21280616250853512, 15.30126217221785367, 28.53129769915887337 ) ) ;
#9388 = VERTEX_POINT ( 'NONE', #1142 ) ;
#9389 = DIRECTION ( 'NONE',  ( 0.5000000000000246470, -0.8660254037844243857, 0.000000000000000000 ) ) ;
#9390 = AXIS2_PLACEMENT_3D ( 'NONE', #9953, #7236, #3418 ) ;
#9391 = VERTEX_POINT ( 'NONE', #7625 ) ;
#9392 = CARTESIAN_POINT ( 'NONE',  ( -12.25173504743512254, 15.20410104529826434, 28.54953946371260187 ) ) ;
#9393 = ORIENTED_EDGE ( 'NONE', *, *, #772, .T. ) ;
#9394 = CIRCLE ( 'NONE', #6150, 0.1999999999999987899 ) ;
#9395 = ORIENTED_EDGE ( 'NONE', *, *, #10329, .T. ) ;
#9396 = ORIENTED_EDGE ( 'NONE', *, *, #7722, .T. ) ;
#9397 = DIRECTION ( 'NONE',  ( -1.026956297778269800E-14, 1.000000000000000000, 0.000000000000000000 ) ) ;
#9398 = FACE_OUTER_BOUND ( 'NONE', #3816, .T. ) ;
#9399 = CARTESIAN_POINT ( 'NONE',  ( 19.23354035728225142, 3.151805111416891680, 28.75559739676436521 ) ) ;
#9400 = CIRCLE ( 'NONE', #1194, 0.1999999999999996503 ) ;
#9401 = DIRECTION ( 'NONE',  ( -1.000000000000000000, -1.026956297778269800E-14, 0.000000000000000000 ) ) ;
#9402 = EDGE_CURVE ( 'NONE', #4728, #8993, #1943, .T. ) ;
#9403 = CARTESIAN_POINT ( 'NONE',  ( 19.22536455755887275, 2.839041850916909304, 28.46162767653594372 ) ) ;
#9404 = ORIENTED_EDGE ( 'NONE', *, *, #8779, .T. ) ;
#9405 = CARTESIAN_POINT ( 'NONE',  ( -12.36519049355210775, 14.93436868376363691, 28.94729115376013340 ) ) ;
#9406 = CARTESIAN_POINT ( 'NONE',  ( -6.820501210546363602, -18.29294513122760435, 28.79760145956873174 ) ) ;
#9407 = CIRCLE ( 'NONE', #169, 0.2000000000000007605 ) ;
#9408 = ORIENTED_EDGE ( 'NONE', *, *, #7898, .F. ) ;
#9409 = CARTESIAN_POINT ( 'NONE',  ( -11.55661409683928120, 19.92818967458091706, 28.19999999999999929 ) ) ;
#9410 = ORIENTED_EDGE ( 'NONE', *, *, #2473, .F. ) ;
#9411 = FACE_OUTER_BOUND ( 'NONE', #7349, .T. ) ;
#9412 = CARTESIAN_POINT ( 'NONE',  ( -19.05059439747532224, 3.075713951738102914, 29.10900358851597858 ) ) ;
#9413 = CARTESIAN_POINT ( 'NONE',  ( 13.67137691225092411, 15.89483232135368063, 28.69795491925963660 ) ) ;
#9414 = CARTESIAN_POINT ( 'NONE',  ( 19.04364398411144776, 3.139442582910199508, 29.10820113491127969 ) ) ;
#9415 = EDGE_CURVE ( 'NONE', #1731, #4386, #560, .T. ) ;
#9416 = CARTESIAN_POINT ( 'NONE',  ( 0.000000000000000000, 30.00000000000000000, 0.000000000000000000 ) ) ;
#9417 = CIRCLE ( 'NONE', #9250, 0.2000000000000005107 ) ;
#9418 = CARTESIAN_POINT ( 'NONE',  ( 20.61237389370817397, 4.022580735207651692, 29.05303530836586745 ) ) ;
#9419 = CARTESIAN_POINT ( 'NONE',  ( -6.792191432245597404, -18.24721871878063695, 29.12075559708300432 ) ) ;
#9420 = DIRECTION ( 'NONE',  ( 0.8660254037844382635, 0.5000000000000007772, 0.000000000000000000 ) ) ;
#9421 = ORIENTED_EDGE ( 'NONE', *, *, #6210, .T. ) ;
#9422 = CARTESIAN_POINT ( 'NONE',  ( 12.16573253913932184, 14.95437938684219858, 28.40239285496069144 ) ) ;
#9423 = VERTEX_POINT ( 'NONE', #1999 ) ;
#9425 = ADVANCED_FACE ( 'NONE', ( #3665, #3446, #5266, #1039, #9984 ), #2053, .T. ) ;
#9424 = CARTESIAN_POINT ( 'NONE',  ( -19.27862555362893460, 2.734084244560299304, 28.46740447551028552 ) ) ;
#9426 = DIRECTION ( 'NONE',  ( -0.8660254037844389297, 0.4999999999999996114, -0.000000000000000000 ) ) ;
#9427 = CARTESIAN_POINT ( 'NONE',  ( 19.34661859207525936, 2.844436774284504033, 28.51160212529780935 ) ) ;
#9428 = DIRECTION ( 'NONE',  ( -1.000000000000000000, -1.577021341797096821E-15, 0.000000000000000000 ) ) ;
#9429 = ADVANCED_FACE ( 'NONE', ( #2646 ), #7917, .T. ) ;
#9430 = CARTESIAN_POINT ( 'NONE',  ( -12.36704276034916816, 14.95902781155647432, 29.12103161720368405 ) ) ;
#9431 = EDGE_CURVE ( 'NONE', #8299, #8686, #8611, .T. ) ;
#9432 = CARTESIAN_POINT ( 'NONE',  ( 7.854275035615994049, 16.37034832448959421, 7.500000000000001776 ) ) ;
#9433 = LINE ( 'NONE', #8626, #7543 ) ;
#9434 = CARTESIAN_POINT ( 'NONE',  ( 6.916142450695578425, -18.11126960787454365, 29.25179468126229665 ) ) ;
#9435 = ORIENTED_EDGE ( 'NONE', *, *, #6669, .F. ) ;
#9436 = CARTESIAN_POINT ( 'NONE',  ( -22.37517434729721089, 1.189893656042682935, 32.00000000000000000 ) ) ;
#9437 = CARTESIAN_POINT ( 'NONE',  ( 8.504275035616068124, 15.24451529956970219, 28.20000000000000284 ) ) ;
#9438 = CARTESIAN_POINT ( 'NONE',  ( 12.26020458474756580, 15.06394484377980092, 28.62396481745032517 ) ) ;
#9439 = VERTEX_POINT ( 'NONE', #4309 ) ;
#9440 = DIRECTION ( 'NONE',  ( 1.000000000000000000, 1.261617073437679508E-14, 0.000000000000000000 ) ) ;
#9441 = ORIENTED_EDGE ( 'NONE', *, *, #5397, .F. ) ;
#9442 = CARTESIAN_POINT ( 'NONE',  ( -12.23763922956865713, 15.17555088293169518, 28.55468250895258464 ) ) ;
#9443 = ORIENTED_EDGE ( 'NONE', *, *, #2325, .T. ) ;
#9444 = ORIENTED_EDGE ( 'NONE', *, *, #4742, .T. ) ;
#9445 = CARTESIAN_POINT ( 'NONE',  ( -16.89860139494699709, 9.675596260870763743, 38.50000000000000000 ) ) ;
#9446 = CYLINDRICAL_SURFACE ( 'NONE', #8006, 5.000000000000000888 ) ;
#9447 = CIRCLE ( 'NONE', #10473, 0.1999999999999987899 ) ;
#9448 = CIRCLE ( 'NONE', #8929, 4.999999999999997335 ) ;
#9449 = CARTESIAN_POINT ( 'NONE',  ( 6.321671645177076471, -18.18294891251081680, 28.86184692011503472 ) ) ;
#9450 = CARTESIAN_POINT ( 'NONE',  ( 19.22468203340726944, 3.170284613793988626, 28.79870817635573133 ) ) ;
#9451 = DIRECTION ( 'NONE',  ( 1.026956297778269800E-14, -1.000000000000000000, 0.000000000000000000 ) ) ;
#9452 = FACE_OUTER_BOUND ( 'NONE', #7670, .T. ) ;
#9453 = EDGE_LOOP ( 'NONE', ( #8894, #1780, #8666, #3445 ) ) ;
#9454 = CARTESIAN_POINT ( 'NONE',  ( -12.33750585325484472, 14.90516915910075824, 28.90391048942173668 ) ) ;
#9455 = CARTESIAN_POINT ( 'NONE',  ( -6.778830405842668938, -18.24515093191882542, 28.89814397474025753 ) ) ;
#9456 = AXIS2_PLACEMENT_3D ( 'NONE', #8185, #8079, #1652 ) ;
#9457 = EDGE_CURVE ( 'NONE', #3344, #1875, #1897, .T. ) ;
#9458 = ORIENTED_EDGE ( 'NONE', *, *, #7261, .F. ) ;
#9459 = VERTEX_POINT ( 'NONE', #1299 ) ;
#9460 = EDGE_CURVE ( 'NONE', #8838, #8993, #9308, .T. ) ;
#9461 = CARTESIAN_POINT ( 'NONE',  ( 8.741948780620582227, 15.83285229759671253, 31.79166666666666785 ) ) ;
#9462 = CIRCLE ( 'NONE', #5363, 0.1999999999999987899 ) ;
#9463 = CARTESIAN_POINT ( 'NONE',  ( -19.23805052023744011, 3.148552381789831323, 28.99469698783989813 ) ) ;
#9464 = CARTESIAN_POINT ( 'NONE',  ( 10.29777649649675553, -15.24040790171518545, 7.500000000000001776 ) ) ;
#9465 = CARTESIAN_POINT ( 'NONE',  ( 19.13935624185686279, 3.166449512894613960, 29.09511942149002195 ) ) ;
#9466 = CIRCLE ( 'NONE', #8437, 0.2000000000000005107 ) ;
#9467 = DIRECTION ( 'NONE',  ( -0.8660254037844355990, -0.5000000000000053291, 0.000000000000000000 ) ) ;
#9468 = AXIS2_PLACEMENT_3D ( 'NONE', #2793, #6060, #2736 ) ;
#9469 = CARTESIAN_POINT ( 'NONE',  ( -6.792955784632407124, -18.25279363590998116, 29.12090895373633970 ) ) ;
#9470 = CYLINDRICAL_SURFACE ( 'NONE', #2805, 5.000000000000000888 ) ;
#9471 = VERTEX_POINT ( 'NONE', #4572 ) ;
#9472 = CARTESIAN_POINT ( 'NONE',  ( -6.715930467735018894, -17.74107215592565368, 29.19910306785776655 ) ) ;
#9473 = EDGE_CURVE ( 'NONE', #9145, #1787, #1766, .T. ) ;
#9474 = CARTESIAN_POINT ( 'NONE',  ( -17.33161409683921050, 9.925596260870758414, 38.50000000000000000 ) ) ;
#9475 = ORIENTED_EDGE ( 'NONE', *, *, #5294, .T. ) ;
#9476 = CARTESIAN_POINT ( 'NONE',  ( -19.23944387513851240, 2.740089818191773219, 28.44627089217525651 ) ) ;
#9477 = FACE_OUTER_BOUND ( 'NONE', #9185, .T. ) ;
#9478 = CARTESIAN_POINT ( 'NONE',  ( 19.35880776307044115, 2.786408106090562331, 28.49764529064227858 ) ) ;
#9479 = CARTESIAN_POINT ( 'NONE',  ( 18.52066583050552140, 3.090768530572207240, 29.07072846575205105 ) ) ;
#9480 = CARTESIAN_POINT ( 'NONE',  ( -12.36395166237175580, 14.95666878543801914, 29.12093548756227435 ) ) ;
#9481 = CARTESIAN_POINT ( 'NONE',  ( -12.09357668638004135, 15.16214150358241497, 28.46162767653713743 ) ) ;
#9482 = CARTESIAN_POINT ( 'NONE',  ( 7.329375709731974275, -18.24040790171481063, 1.500000000000001332 ) ) ;
#9483 = B_SPLINE_CURVE_WITH_KNOTS ( 'NONE', 3,
 ( #4826, #6541, #2470, #858 ),
 .UNSPECIFIED., .F., .F.,
 ( 4, 4 ),
 ( 0.000000000000000000, 1.000000000000000000 ),
 .UNSPECIFIED. ) ;
#9484 = CARTESIAN_POINT ( 'NONE',  ( 6.868332267402119662, -18.21605002878962765, 28.84937982268128209 ) ) ;
#9485 = EDGE_CURVE ( 'NONE', #1257, #9156, #7389, .T. ) ;
#9486 = EDGE_CURVE ( 'NONE', #2705, #651, #731, .T. ) ;
#9487 = VERTEX_POINT ( 'NONE', #1503 ) ;
#9488 = DIRECTION ( 'NONE',  ( 0.8660254037844355990, 0.5000000000000053291, 0.000000000000000000 ) ) ;
#9489 = CARTESIAN_POINT ( 'NONE',  ( -12.01356797664488241, 15.53672233804204517, 1.500000000000001332 ) ) ;
#9490 = CARTESIAN_POINT ( 'NONE',  ( 12.19366156193101247, 15.36957504387738105, 28.51121727572339282 ) ) ;
#9491 = ORIENTED_EDGE ( 'NONE', *, *, #5953, .T. ) ;
#9492 = CARTESIAN_POINT ( 'NONE',  ( 40.26454612787568976, -9.430332592739082642, 0.000000000000000000 ) ) ;
#9493 = VERTEX_POINT ( 'NONE', #489 ) ;
#9494 = CARTESIAN_POINT ( 'NONE',  ( -12.12211144099977389, 15.17184220082896040, 28.48139661619952534 ) ) ;
#9495 = VECTOR ( 'NONE', #8331, 1000.000000000000227 ) ;
#9496 = VERTEX_POINT ( 'NONE', #9654 ) ;
#9497 = ADVANCED_FACE ( 'NONE', ( #7130 ), #7936, .T. ) ;
#9498 = ORIENTED_EDGE ( 'NONE', *, *, #8225, .T. ) ;
#9499 = CARTESIAN_POINT ( 'NONE',  ( -11.84036289588799384, 15.43672233804204552, 28.30000000000000071 ) ) ;
#9500 = DIRECTION ( 'NONE',  ( 1.000000000000000000, 0.000000000000000000, 0.000000000000000000 ) ) ;
#9501 = AXIS2_PLACEMENT_3D ( 'NONE', #3540, #5096, #7611 ) ;
#9502 = DIRECTION ( 'NONE',  ( 6.123233995736761105E-17, 1.060575238724907285E-16, 1.000000000000000000 ) ) ;
#9503 = CARTESIAN_POINT ( 'NONE',  ( 19.23394690298204424, 3.151856403463930700, 28.75547465877869158 ) ) ;
#9504 = EDGE_LOOP ( 'NONE', ( #7366, #3395, #331, #7631 ) ) ;
#9505 = EDGE_CURVE ( 'NONE', #8303, #4028, #5536, .T. ) ;
#9506 = CARTESIAN_POINT ( 'NONE',  ( -29.84883234493019799, -9.337608964310415871, 10.30206597408240476 ) ) ;
#9507 = CARTESIAN_POINT ( 'NONE',  ( -8.205095234615106037, 15.91102681642425232, 32.00000000000000000 ) ) ;
#9508 = ORIENTED_EDGE ( 'NONE', *, *, #6336, .T. ) ;
#9509 = CARTESIAN_POINT ( 'NONE',  ( -12.33332931256465592, 15.04118844644613340, 28.68503550434548899 ) ) ;
#9510 = CARTESIAN_POINT ( 'NONE',  ( -6.818258473419518850, -18.20750610976132933, 28.70606637288833696 ) ) ;
#9511 = VERTEX_POINT ( 'NONE', #2101 ) ;
#9512 = ORIENTED_EDGE ( 'NONE', *, *, #9248, .F. ) ;
#9513 = CARTESIAN_POINT ( 'NONE',  ( -18.82889169085078152, 3.332235395008259271, 28.32430540817895093 ) ) ;
#9514 = CARTESIAN_POINT ( 'NONE',  ( -19.23595886905417984, 3.121894581575828553, 28.84718822470722799 ) ) ;
#9515 = DIRECTION ( 'NONE',  ( 1.000000000000000000, 4.336808689942043768E-15, 0.000000000000000000 ) ) ;
#9516 = CARTESIAN_POINT ( 'NONE',  ( 19.21848371661181076, 3.149374646723724247, 29.24354352653974587 ) ) ;
#9517 = CARTESIAN_POINT ( 'NONE',  ( -7.225934797257074216, -18.26204322517678591, 28.50085661469823251 ) ) ;
#9518 = CARTESIAN_POINT ( 'NONE',  ( 5.634334617555965430, 30.21539791834523214, 11.36427055290701205 ) ) ;
#9519 = CARTESIAN_POINT ( 'NONE',  ( 18.92748011637281280, -2.409005478011041035, 28.19999999999999929 ) ) ;
#9520 = CARTESIAN_POINT ( 'NONE',  ( -6.827875476174922298, -18.21902889154819505, 29.23956187080614910 ) ) ;
#9521 = FACE_OUTER_BOUND ( 'NONE', #1395, .T. ) ;
#9522 = AXIS2_PLACEMENT_3D ( 'NONE', #1593, #4223, #2613 ) ;
#9523 = CARTESIAN_POINT ( 'NONE',  ( -6.657959768249947174, -17.70216128660105070, 29.15715808751341243 ) ) ;
#9524 = DIRECTION ( 'NONE',  ( -0.8660254037844293817, 0.5000000000000160982, 0.000000000000000000 ) ) ;
#9525 = ORIENTED_EDGE ( 'NONE', *, *, #8583, .F. ) ;
#9526 = LINE ( 'NONE', #7064, #6839 ) ;
#9527 = CARTESIAN_POINT ( 'NONE',  ( 12.34137595549698752, 18.18165803311831397, 31.97592877889153584 ) ) ;
#9528 = TOROIDAL_SURFACE ( 'NONE', #288, 2.700000000001501199, 0.2000000000000000111 ) ;
#9529 = CARTESIAN_POINT ( 'NONE',  ( 19.38510705710014292, 2.791826122432202961, 28.50095341772981072 ) ) ;
#9530 = DIRECTION ( 'NONE',  ( 0.000000000000000000, -1.000000000000000000, 0.000000000000000000 ) ) ;
#9531 = CARTESIAN_POINT ( 'NONE',  ( -12.30398250267466587, 14.89361393808136036, 29.09240906841068508 ) ) ;
#9532 = CARTESIAN_POINT ( 'NONE',  ( -19.24036289588792314, 2.619546362032307396, 28.30000000000000071 ) ) ;
#9533 = LINE ( 'NONE', #2194, #5832 ) ;
#9534 = EDGE_CURVE ( 'NONE', #2773, #4098, #3658, .T. ) ;
#9535 = CARTESIAN_POINT ( 'NONE',  ( 6.889897704634664777, -18.26472697662008216, 29.14010882004166447 ) ) ;
#9536 = B_SPLINE_CURVE_WITH_KNOTS ( 'NONE', 3,
 ( #950, #6525, #8234, #3308 ),
 .UNSPECIFIED., .F., .F.,
 ( 4, 4 ),
 ( 8.673617379884035472E-19, 0.001591714974053499466 ),
 .UNSPECIFIED. ) ;
#9537 = TOROIDAL_SURFACE ( 'NONE', #7133, 11.99999999999999822, 0.5000000000000000000 ) ;
#9538 = ORIENTED_EDGE ( 'NONE', *, *, #5341, .T. ) ;
#9539 = DIRECTION ( 'NONE',  ( 1.000000000000000000, 0.000000000000000000, 0.000000000000000000 ) ) ;
#9540 = DIRECTION ( 'NONE',  ( 0.000000000000000000, -1.000000000000000000, 0.000000000000000000 ) ) ;
#9541 = CARTESIAN_POINT ( 'NONE',  ( -19.34511245535723489, 2.977543815306682440, 29.39427216176077451 ) ) ;
#9542 = CARTESIAN_POINT ( 'NONE',  ( 12.13668111905941061, 15.21558248543072089, 28.50231052009530330 ) ) ;
#9543 = ORIENTED_EDGE ( 'NONE', *, *, #3468, .T. ) ;
#9544 = EDGE_CURVE ( 'NONE', #3617, #344, #6388, .T. ) ;
#9545 = CARTESIAN_POINT ( 'NONE',  ( 9.794570841305763054, -19.95148980674237649, 32.00000000000000000 ) ) ;
#9546 = CIRCLE ( 'NONE', #4926, 0.2000000000000000111 ) ;
#9547 = ORIENTED_EDGE ( 'NONE', *, *, #7339, .T. ) ;
#9548 = CARTESIAN_POINT ( 'NONE',  ( -12.11244115904870711, 15.22346460776555865, 28.48800300543775421 ) ) ;
#9549 = EDGE_LOOP ( 'NONE', ( #63, #491, #392, #5405 ) ) ;
#9550 = ORIENTED_EDGE ( 'NONE', *, *, #7757, .F. ) ;
#9551 = AXIS2_PLACEMENT_3D ( 'NONE', #3128, #8158, #8961 ) ;
#9552 = CARTESIAN_POINT ( 'NONE',  ( 8.997776496496802778, -20.04040790171517727, 7.500000000000001776 ) ) ;
#9553 = ADVANCED_FACE ( 'NONE', ( #7782 ), #10399, .F. ) ;
#9554 = CARTESIAN_POINT ( 'NONE',  ( 6.411441554553883648, -18.33837559330818578, 28.91885614559773643 ) ) ;
#9555 = CARTESIAN_POINT ( 'NONE',  ( 19.16997150310854536, 3.164521327542088258, 28.81239920729283810 ) ) ;
#9556 = VECTOR ( 'NONE', #3175, 1000.000000000000000 ) ;
#9557 = ORIENTED_EDGE ( 'NONE', *, *, #5042, .F. ) ;
#9558 = VECTOR ( 'NONE', #3609, 1000.000000000000000 ) ;
#9559 = ADVANCED_FACE ( 'NONE', ( #640 ), #6230, .F. ) ;
#9560 = CARTESIAN_POINT ( 'NONE',  ( 33.49514364927096466, -39.00833186246217110, 3.500000000000000000 ) ) ;
#9561 = CARTESIAN_POINT ( 'NONE',  ( 7.343012437561156069, -18.28688423916338479, 28.49953455754358345 ) ) ;
#9562 = AXIS2_PLACEMENT_3D ( 'NONE', #3878, #3829, #6344 ) ;
#9563 = ORIENTED_EDGE ( 'NONE', *, *, #8773, .F. ) ;
#9564 = CARTESIAN_POINT ( 'NONE',  ( -12.38163781512465178, 14.99749814547868887, 28.79827079812229584 ) ) ;
#9565 = CARTESIAN_POINT ( 'NONE',  ( -6.837936963950353331, -18.28231147362180664, 28.75676378180983406 ) ) ;
#9566 = AXIS2_PLACEMENT_3D ( 'NONE', #4542, #2024, #10218 ) ;
#9567 = ORIENTED_EDGE ( 'NONE', *, *, #5907, .T. ) ;
#9568 = ORIENTED_EDGE ( 'NONE', *, *, #6939, .T. ) ;
#9569 = EDGE_CURVE ( 'NONE', #9471, #9493, #6983, .T. ) ;
#9570 = CIRCLE ( 'NONE', #4947, 0.2000000000000009825 ) ;
#9571 = CIRCLE ( 'NONE', #7001, 1.300000000000000711 ) ;
#9572 = CARTESIAN_POINT ( 'NONE',  ( 19.23655164035172760, 2.655666939284762940, 1.700000000000001510 ) ) ;
#9573 = CARTESIAN_POINT ( 'NONE',  ( -18.95373981386229900, 2.908092247003597031, 29.29276674672113145 ) ) ;
#9574 = CARTESIAN_POINT ( 'NONE',  ( -12.93875583388696349, 14.71112576901157887, 28.88782324751002051 ) ) ;
#9575 = CARTESIAN_POINT ( 'NONE',  ( 19.17691924557359684, 3.179820118748245328, 29.09622363287617119 ) ) ;
#9576 = B_SPLINE_CURVE_WITH_KNOTS ( 'NONE', 3,
 ( #10490, #10379, #9585, #3852, #7113, #5516, #1331, #4602, #8774, #7167, #3096, #6371, #9637, #2299, #6421, #1772, #689, #8087, #2520 ),
 .UNSPECIFIED., .F., .F.,
 ( 4, 2, 2, 2, 2, 1, 2, 2, 2, 4 ),
 ( 0.000000000000000000, 0.1250000000000095479, 0.2500000000000190958, 0.3750000000000286438, 0.4375000000000284217, 0.4687500000000283662, 0.4843750000000217604, 0.5000000000000152101, 0.7500000000000075495, 1.000000000000000000 ),
 .UNSPECIFIED. ) ;
#9577 = VECTOR ( 'NONE', #2445, 1000.000000000000114 ) ;
#9578 = CARTESIAN_POINT ( 'NONE',  ( -7.171076828629970201, -18.25993027389290546, 28.51220835140158627 ) ) ;
#9579 = CARTESIAN_POINT ( 'NONE',  ( 20.85515707462696255, 3.852160089712968194, 28.81958237729068273 ) ) ;
#9580 = DIRECTION ( 'NONE',  ( -1.000000000000000000, 0.000000000000000000, 0.000000000000000000 ) ) ;
#9581 = CARTESIAN_POINT ( 'NONE',  ( -6.780003774805568817, -18.21309246433437323, 29.09518394946635667 ) ) ;
#9582 = CARTESIAN_POINT ( 'NONE',  ( -12.05303052839221856, 14.90671199299717564, 29.34001737707637147 ) ) ;
#9583 = AXIS2_PLACEMENT_3D ( 'NONE', #8937, #9796, #3103 ) ;
#9584 = DIRECTION ( 'NONE',  ( -0.8660254037844413721, 0.4999999999999951705, -0.000000000000000000 ) ) ;
#9585 = CARTESIAN_POINT ( 'NONE',  ( 7.196842163351811372, -18.31135041401832098, 28.52791859950677633 ) ) ;
#9586 = ORIENTED_EDGE ( 'NONE', *, *, #424, .T. ) ;
#9587 = CARTESIAN_POINT ( 'NONE',  ( 9.388454410271284800, 55.26510000294468483, 31.79166666666666785 ) ) ;
#9588 = CARTESIAN_POINT ( 'NONE',  ( -7.876487077917073698, 16.30235664966116715, 28.19999999999999929 ) ) ;
#9589 = CARTESIAN_POINT ( 'NONE',  ( 19.22436649056228219, 2.888434180492311043, 28.47981323205454629 ) ) ;
#9590 = CARTESIAN_POINT ( 'NONE',  ( 19.17910222941912579, 3.692588970007339988, 28.93216315803738325 ) ) ;
#9591 = CARTESIAN_POINT ( 'NONE',  ( -12.34154307103499804, 14.93067223409281752, 29.09551700648226102 ) ) ;
#9592 = CARTESIAN_POINT ( 'NONE',  ( 19.40975672110861439, 2.755666939284762584, 1.700000000000001288 ) ) ;
#9593 = CARTESIAN_POINT ( 'NONE',  ( -5.422048807531179904, 35.59027657142512169, 7.610235829122999007 ) ) ;
#9594 = CARTESIAN_POINT ( 'NONE',  ( 6.887454651546899065, -18.26003703276625245, 28.84891259283367404 ) ) ;
#9595 = ORIENTED_EDGE ( 'NONE', *, *, #6099, .F. ) ;
#9596 = DIRECTION ( 'NONE',  ( -1.101697372407250679E-15, 1.000000000000000000, 0.000000000000000000 ) ) ;
#9597 = EDGE_CURVE ( 'NONE', #6023, #6664, #7892, .T. ) ;
#9598 = CARTESIAN_POINT ( 'NONE',  ( -18.12648707791699820, -1.451164127919717828, 7.500000000000001776 ) ) ;
#9599 = DIRECTION ( 'NONE',  ( 1.000000000000000000, 1.101697372407250482E-15, -0.000000000000000000 ) ) ;
#9600 = CARTESIAN_POINT ( 'NONE',  ( 12.32025457755126929, 15.20741903867726208, 28.60630876194993988 ) ) ;
#9601 = ORIENTED_EDGE ( 'NONE', *, *, #6165, .T. ) ;
#9602 = DIRECTION ( 'NONE',  ( 0.5000000000000011102, -0.8660254037844379305, 0.000000000000000000 ) ) ;
#9603 = ORIENTED_EDGE ( 'NONE', *, *, #9151, .F. ) ;
#9604 = CARTESIAN_POINT ( 'NONE',  ( -12.07715262697630187, 15.25069652562439870, 28.47979335161156911 ) ) ;
#9605 = EDGE_LOOP ( 'NONE', ( #10458, #446 ) ) ;
#9606 = EDGE_CURVE ( 'NONE', #2154, #7193, #3108, .T. ) ;
#9607 = ORIENTED_EDGE ( 'NONE', *, *, #10542, .F. ) ;
#9608 =( BOUNDED_SURFACE ( )  B_SPLINE_SURFACE ( 3, 2, ( 
 ( #2276, #504, #8806 ),
 ( #8859, #4793, #3988 ),
 ( #7043, #10310, #6242 ),
 ( #928, #5754, #8960 ),
 ( #6717, #6556, #4095 ),
 ( #6605, #6503, #3229 ),
 ( #4894, #1624, #9818 ),
 ( #5923, #3337, #76 ) ),
 .UNSPECIFIED., .F., .F., .T. ) 
 B_SPLINE_SURFACE_WITH_KNOTS ( ( 4, 2, 2, 4 ),
 ( 3, 3 ),
 ( 0.003954194195918663522, 0.004469247728347709378, 0.004726774494562231872, 0.004984301260776754366 ),
 ( 0.000000000000000000, 1.000000000000000000 ),
 .UNSPECIFIED. ) 
 GEOMETRIC_REPRESENTATION_ITEM ( )  RATIONAL_B_SPLINE_SURFACE ( (
 ( 1.000000000000000000, 0.7071067811865459074, 1.000000000000000000),
 ( 1.000000000000000000, 0.6677166954304897262, 1.000000000000000000),
 ( 1.000000000000000000, 0.6255915727586836006, 1.000000000000000000),
 ( 1.000000000000000000, 0.5556748121978709598, 1.000000000000000000),
 ( 1.000000000000000000, 0.5309942116910076892, 1.000000000000000000),
 ( 1.000000000000000000, 0.4799022540171528073, 1.000000000000000000),
 ( 1.000000000000000000, 0.4535480836119674675, 1.000000000000000000),
 ( 1.000000000000000000, 0.4272829444670366850, 1.000000000000000000) ) ) 
 REPRESENTATION_ITEM ( '' )  SURFACE ( )  );
#9609 = ORIENTED_EDGE ( 'NONE', *, *, #2987, .F. ) ;
#9610 = DIRECTION ( 'NONE',  ( 1.000000000000000000, 0.000000000000000000, 0.000000000000000000 ) ) ;
#9611 = CARTESIAN_POINT ( 'NONE',  ( 6.774106617054392210, -17.71520660049327844, 29.17195843181749026 ) ) ;
#9612 = CARTESIAN_POINT ( 'NONE',  ( 19.28501496591542974, 3.105233670127450551, 28.66789583650711037 ) ) ;
#9613 = ORIENTED_EDGE ( 'NONE', *, *, #10404, .F. ) ;
#9614 = CARTESIAN_POINT ( 'NONE',  ( 0.008521484731877086022, 19.95959209828480141, 17.00000000000000000 ) ) ;
#9615 = CARTESIAN_POINT ( 'NONE',  ( -31.07900094793928147, -9.588087151971731004, 9.169179789540670811 ) ) ;
#9616 = CARTESIAN_POINT ( 'NONE',  ( -17.31198659095685954, -20.04040790171521280, 32.00000000000000000 ) ) ;
#9617 = ORIENTED_EDGE ( 'NONE', *, *, #9626, .T. ) ;
#9618 = CARTESIAN_POINT ( 'NONE',  ( -12.37416677778303509, 15.01982411328068245, 28.75306886236944237 ) ) ;
#9619 = CARTESIAN_POINT ( 'NONE',  ( -6.899517648157758920, -18.29579383890332167, 28.67246655027654612 ) ) ;
#9620 = ADVANCED_FACE ( 'NONE', ( #2207 ), #8740, .F. ) ;
#9621 = ORIENTED_EDGE ( 'NONE', *, *, #4521, .T. ) ;
#9622 = EDGE_LOOP ( 'NONE', ( #2066, #1352, #5881, #3591 ) ) ;
#9623 = EDGE_CURVE ( 'NONE', #9391, #1731, #9980, .T. ) ;
#9624 = AXIS2_PLACEMENT_3D ( 'NONE', #8309, #4241, #5906 ) ;
#9625 = CARTESIAN_POINT ( 'NONE',  ( -36.12845815352391554, -6.545735268533527496, 7.032022048447831075 ) ) ;
#9626 = EDGE_CURVE ( 'NONE', #1318, #8531, #7187, .T. ) ;
#9627 = CARTESIAN_POINT ( 'NONE',  ( -19.12336306585694246, 3.019317487735350802, 29.25773045563189356 ) ) ;
#9628 = FACE_BOUND ( 'NONE', #5049, .T. ) ;
#9629 = CARTESIAN_POINT ( 'NONE',  ( 19.15814827106344964, 3.184019599967281344, 29.02176405583887231 ) ) ;
#9630 = CARTESIAN_POINT ( 'NONE',  ( -7.071565193686030426, -18.30154356519713943, 28.54519691840974005 ) ) ;
#9631 = DIRECTION ( 'NONE',  ( -1.000000000000000000, 0.000000000000000000, 0.000000000000000000 ) ) ;
#9632 = CARTESIAN_POINT ( 'NONE',  ( 0.000000000000000000, 30.00000000000000000, 5.000000000000000000 ) ) ;
#9633 = AXIS2_PLACEMENT_3D ( 'NONE', #9416, #7756, #5240 ) ;
#9634 = CARTESIAN_POINT ( 'NONE',  ( -6.773613210540225360, -18.22435021512679398, 29.04662282448833821 ) ) ;
#9635 = CARTESIAN_POINT ( 'NONE',  ( -12.17953021256907675, 15.05428938404706329, 29.38940110161002650 ) ) ;
#9636 = DIRECTION ( 'NONE',  ( -0.5000000000000003331, 0.8660254037844384856, 0.000000000000000000 ) ) ;
#9637 = CARTESIAN_POINT ( 'NONE',  ( 6.900780242666983533, -18.31009187234552726, 28.84628168889789279 ) ) ;
#9638 = VECTOR ( 'NONE', #7035, 1000.000000000000000 ) ;
#9639 = CARTESIAN_POINT ( 'NONE',  ( -19.38071396871608343, 2.748136547254164785, 28.50364744106663650 ) ) ;
#9640 = DIRECTION ( 'NONE',  ( -1.000000000000000000, 0.000000000000000000, 0.000000000000000000 ) ) ;
#9641 = AXIS2_PLACEMENT_3D ( 'NONE', #5246, #2842, #4343 ) ;
#9642 = CARTESIAN_POINT ( 'NONE',  ( 19.37302818323217934, 2.849737280555060259, 28.51255707549959340 ) ) ;
#9643 = DIRECTION ( 'NONE',  ( -1.016439536705166560E-14, 1.000000000000000000, 0.000000000000000000 ) ) ;
#9644 = B_SPLINE_CURVE_WITH_KNOTS ( 'NONE', 3,
 ( #7999, #816, #9768, #10467, #2330, #6452, #4895, #77 ),
 .UNSPECIFIED., .F., .F.,
 ( 4, 2, 2, 4 ),
 ( -4.472146664849871992E-06, 0.0004680091249378429195, 0.0007042497607391884394, 0.0009404903965405340136 ),
 .UNSPECIFIED. ) ;
#9645 = CARTESIAN_POINT ( 'NONE',  ( -12.41038039864365849, 14.98259076475677531, 29.09653242434188058 ) ) ;
#9646 = CARTESIAN_POINT ( 'NONE',  ( -18.90335552474514813, 2.865410533429281426, 29.29981610614141019 ) ) ;
#9647 = CARTESIAN_POINT ( 'NONE',  ( -5.575525461227921475, 35.83714474152284168, 7.511149388067535959 ) ) ;
#9648 = CARTESIAN_POINT ( 'NONE',  ( 6.877732185595412773, -18.20735967384152687, 29.12842020801861764 ) ) ;
#9649 = EDGE_LOOP ( 'NONE', ( #10101, #2335 ) ) ;
#9650 = DIRECTION ( 'NONE',  ( -1.000000000000000000, -1.101697372407250679E-15, 0.000000000000000000 ) ) ;
#9651 = DIRECTION ( 'NONE',  ( 0.4999999999999967804, -0.8660254037844407060, -0.000000000000000000 ) ) ;
#9652 = CARTESIAN_POINT ( 'NONE',  ( -19.25961670673849824, 3.125568229676069620, 28.84629718220971029 ) ) ;
#9653 = CARTESIAN_POINT ( 'NONE',  ( 11.92733157432715174, 14.82432907583249282, 29.27909817922574121 ) ) ;
#9654 = CARTESIAN_POINT ( 'NONE',  ( 22.81119697378136024, 0.06419960274575003956, 7.499999999999999112 ) ) ;
#9655 = EDGE_CURVE ( 'NONE', #687, #10468, #5225, .T. ) ;
#9656 = VERTEX_POINT ( 'NONE', #3166 ) ;
#9657 = CARTESIAN_POINT ( 'NONE',  ( -12.14872251639288159, 15.33265684025280784, 28.50084950265389949 ) ) ;
#9658 = AXIS2_PLACEMENT_3D ( 'NONE', #2605, #939, #6786 ) ;
#9659 = VERTEX_POINT ( 'NONE', #3215 ) ;
#9660 = EDGE_LOOP ( 'NONE', ( #1579, #2214, #1469, #1144 ) ) ;
#9661 = ORIENTED_EDGE ( 'NONE', *, *, #8055, .T. ) ;
#9662 = CARTESIAN_POINT ( 'NONE',  ( -11.99147851343123961, 43.06410000294339824, 0.000000000000000000 ) ) ;
#9663 = DIRECTION ( 'NONE',  ( -0.8660254037844380415, -0.5000000000000008882, 0.000000000000000000 ) ) ;
#9664 = ORIENTED_EDGE ( 'NONE', *, *, #4008, .T. ) ;
#9665 = CARTESIAN_POINT ( 'NONE',  ( 19.43580916237420197, 2.885079824333860010, 28.50185735642835994 ) ) ;
#9666 = CARTESIAN_POINT ( 'NONE',  ( -33.21911020079620158, -9.299501742014745886, 7.864395876349203007 ) ) ;
#9667 = CARTESIAN_POINT ( 'NONE',  ( -11.99147851343123961, 43.06410000294339824, 7.000000000000000000 ) ) ;
#9668 = EDGE_LOOP ( 'NONE', ( #9305, #9563, #1343, #4488, #6965 ) ) ;
#9669 = CARTESIAN_POINT ( 'NONE',  ( -12.36049145000169425, 15.00161050660126349, 28.75986578164869911 ) ) ;
#9670 = CARTESIAN_POINT ( 'NONE',  ( -6.897475268451491281, -18.25372694281999131, 28.65792281711674860 ) ) ;
#9671 = EDGE_CURVE ( 'NONE', #9760, #6597, #9292, .T. ) ;
#9672 = ORIENTED_EDGE ( 'NONE', *, *, #7065, .T. ) ;
#9673 = CIRCLE ( 'NONE', #3170, 0.1999999999999993727 ) ;
#9674 = ORIENTED_EDGE ( 'NONE', *, *, #9133, .T. ) ;
#9675 = CARTESIAN_POINT ( 'NONE',  ( -18.89374455676874476, 2.988974092771297109, 29.20523308114472272 ) ) ;
#9676 = DIRECTION ( 'NONE',  ( 0.5000000000000008882, -0.8660254037844381525, 0.000000000000000000 ) ) ;
#9677 = CARTESIAN_POINT ( 'NONE',  ( 19.15106171292923065, 3.179219029505644833, 29.04663559663375949 ) ) ;
#9678 = CARTESIAN_POINT ( 'NONE',  ( -7.074451730184575737, -18.32767642020609955, 28.54298074442859345 ) ) ;
#9679 = DIRECTION ( 'NONE',  ( 0.4999999999999981126, -0.8660254037844398178, 0.000000000000000000 ) ) ;
#9680 = SPHERICAL_SURFACE ( 'NONE', #9803, 0.2000000000000000111 ) ;
#9681 = CARTESIAN_POINT ( 'NONE',  ( -6.781263781365469256, -18.26731249742118735, 29.04630179860813755 ) ) ;
#9682 = FACE_OUTER_BOUND ( 'NONE', #9208, .T. ) ;
#9683 = CARTESIAN_POINT ( 'NONE',  ( 19.40975672110861439, 2.755666939284763917, 0.000000000000000000 ) ) ;
#9684 = DIRECTION ( 'NONE',  ( 0.000000000000000000, 0.000000000000000000, 1.000000000000000000 ) ) ;
#9685 = CARTESIAN_POINT ( 'NONE',  ( -19.23514980805345331, 2.850699566896521375, 28.49055297741887927 ) ) ;
#9686 = CARTESIAN_POINT ( 'NONE',  ( 12.10975672110860124, 15.39963783453756285, 1.700000000000000178 ) ) ;
#9687 = DIRECTION ( 'NONE',  ( -1.101697372407250679E-15, 1.000000000000000000, 0.000000000000000000 ) ) ;
#9688 = EDGE_CURVE ( 'NONE', #1174, #4081, #9702, .T. ) ;
#9689 = DIRECTION ( 'NONE',  ( 1.101697372407250679E-15, -1.000000000000000000, -0.000000000000000000 ) ) ;
#9690 = AXIS2_PLACEMENT_3D ( 'NONE', #2071, #3685, #2725 ) ;
#9691 = FACE_OUTER_BOUND ( 'NONE', #4913, .T. ) ;
#9692 = CARTESIAN_POINT ( 'NONE',  ( -7.547435497429723306, 37.59448166878654973, 7.021248618084802828 ) ) ;
#9693 = EDGE_CURVE ( 'NONE', #526, #233, #7733, .T. ) ;
#9694 = DIRECTION ( 'NONE',  ( -1.000000000000000000, 0.000000000000000000, 0.000000000000000000 ) ) ;
#9695 = EDGE_LOOP ( 'NONE', ( #9274, #1722, #9716, #5606 ) ) ;
#9696 = EDGE_CURVE ( 'NONE', #9156, #932, #4919, .T. ) ;
#9697 = DIRECTION ( 'NONE',  ( 0.5000000000000016653, 0.8660254037844377084, -0.000000000000000000 ) ) ;
#9698 = CARTESIAN_POINT ( 'NONE',  ( 17.30940205453818947, 9.993587935699117963, 38.50000000000000000 ) ) ;
#9699 = LINE ( 'NONE', #8344, #2208 ) ;
#9700 = CARTESIAN_POINT ( 'NONE',  ( 31.33064391108925051, -31.98515466406566432, 0.000000000000000000 ) ) ;
#9701 = CARTESIAN_POINT ( 'NONE',  ( 12.29959453037631789, 14.94503742394005030, 28.98084021057395177 ) ) ;
#9702 = LINE ( 'NONE', #4829, #2111 ) ;
#9703 = EDGE_CURVE ( 'NONE', #9423, #1268, #2352, .T. ) ;
#9704 = ORIENTED_EDGE ( 'NONE', *, *, #2439, .F. ) ;
#9705 = CARTESIAN_POINT ( 'NONE',  ( -12.19490437675973205, 15.35535241251358940, 28.50091275856835082 ) ) ;
#9706 = CIRCLE ( 'NONE', #5093, 1.300000000000000711 ) ;
#9707 = ORIENTED_EDGE ( 'NONE', *, *, #3853, .T. ) ;
#9708 = VERTEX_POINT ( 'NONE', #4027 ) ;
#9709 = CARTESIAN_POINT ( 'NONE',  ( -10.20222350350324980, -15.04040790171520214, 7.499999999999999112 ) ) ;
#9710 = DIRECTION ( 'NONE',  ( 0.5000000000000007772, -0.8660254037844380415, 0.000000000000000000 ) ) ;
#9711 = CARTESIAN_POINT ( 'NONE',  ( -12.11356797664488383, 15.36351725728515660, 1.700000000000001510 ) ) ;
#9712 = EDGE_LOOP ( 'NONE', ( #1626, #5356, #193, #186 ) ) ;
#9713 = LINE ( 'NONE', #9124, #2628 ) ;
#9714 = DIRECTION ( 'NONE',  ( -0.8660254037844368202, -0.5000000000000032196, 0.000000000000000000 ) ) ;
#9715 = DIRECTION ( 'NONE',  ( 0.000000000000000000, -1.000000000000000000, 0.000000000000000000 ) ) ;
#9716 = ORIENTED_EDGE ( 'NONE', *, *, #4688, .T. ) ;
#9717 = CARTESIAN_POINT ( 'NONE',  ( -12.38412809190803188, 14.99996785017270717, 28.79760145956872464 ) ) ;
#9718 = CARTESIAN_POINT ( 'NONE',  ( -6.896604841626705173, -18.29079033058481940, 28.67462904606508900 ) ) ;
#9719 = ORIENTED_EDGE ( 'NONE', *, *, #7712, .F. ) ;
#9720 = VERTEX_POINT ( 'NONE', #1611 ) ;
#9721 = VECTOR ( 'NONE', #3497, 1000.000000000000000 ) ;
#9722 = FACE_OUTER_BOUND ( 'NONE', #7749, .T. ) ;
#9723 = CARTESIAN_POINT ( 'NONE',  ( -18.95128645793326072, 2.992748433247514939, 29.21806332006039852 ) ) ;
#9724 = CARTESIAN_POINT ( 'NONE',  ( 19.17579988818583558, 3.187879604110481768, 29.04646520213531602 ) ) ;
#9725 = EDGE_CURVE ( 'NONE', #1674, #357, #1326, .T. ) ;
#9726 = CARTESIAN_POINT ( 'NONE',  ( -7.226882054023212376, -18.24369197178810253, 28.50089138127209765 ) ) ;
#9727 = CARTESIAN_POINT ( 'NONE',  ( -18.84969215867378978, -2.303792072082491593, 28.20000000000000284 ) ) ;
#9728 = CARTESIAN_POINT ( 'NONE',  ( 20.80183971180802871, 3.544508471040951125, 28.99988140765557887 ) ) ;
#9729 = CARTESIAN_POINT ( 'NONE',  ( -6.788212589741665859, -18.26078867662104344, 29.09635575791934770 ) ) ;
#9730 = CARTESIAN_POINT ( 'NONE',  ( -12.25547992397962815, 15.02000468646707354, 29.33722819558773764 ) ) ;
#9731 = AXIS2_PLACEMENT_3D ( 'NONE', #9149, #3163, #3472 ) ;
#9732 = AXIS2_PLACEMENT_3D ( 'NONE', #9385, #7876, #7126 ) ;
#9733 = VECTOR ( 'NONE', #7998, 1000.000000000000000 ) ;
#9735 = EDGE_CURVE ( 'NONE', #8303, #6355, #3556, .T. ) ;
#9734 = CARTESIAN_POINT ( 'NONE',  ( -12.37224306285682474, 14.51547886531379206, 28.32359423378391838 ) ) ;
#9736 = CARTESIAN_POINT ( 'NONE',  ( -19.33412447847886639, 2.755883217899103954, 28.49763913104211710 ) ) ;
#9737 = CARTESIAN_POINT ( 'NONE',  ( 19.14387665647334202, 2.957177898214757850, 29.38426522169382338 ) ) ;
#9738 = TOROIDAL_SURFACE ( 'NONE', #7858, 1.299999999999999378, 0.2000000000000000111 ) ;
#9739 = CARTESIAN_POINT ( 'NONE',  ( -18.02416689641642122, -0.5740398159155339908, 31.90173821473733184 ) ) ;
#9740 = CARTESIAN_POINT ( 'NONE',  ( -38.99147851341827931, -2.931663733946129557, 7.000000000000000000 ) ) ;
#9741 = VECTOR ( 'NONE', #2549, 1000.000000000000000 ) ;
#9742 = CARTESIAN_POINT ( 'NONE',  ( 12.15919893542089802, 14.97415042001696861, 28.40676796069463350 ) ) ;
#9743 = DIRECTION ( 'NONE',  ( 0.4999999999999985567, -0.8660254037844394848, 0.000000000000000000 ) ) ;
#9744 = LINE ( 'NONE', #7280, #9257 ) ;
#9745 = CARTESIAN_POINT ( 'NONE',  ( 5.046260218071563664, 36.58171314668039997, 7.350568291891625528 ) ) ;
#9746 = EDGE_CURVE ( 'NONE', #6061, #8688, #5608, .T. ) ;
#9747 = ORIENTED_EDGE ( 'NONE', *, *, #2060, .F. ) ;
#9748 = ADVANCED_FACE ( 'NONE', ( #7017 ), #6291, .T. ) ;
#9749 = CARTESIAN_POINT ( 'NONE',  ( -19.32324695394643754, 2.704703357163577238, 28.48202342101896889 ) ) ;
#9750 = CARTESIAN_POINT ( 'NONE',  ( 26.44944774641963647, -20.80161035502790767, 8.919494304133747775 ) ) ;
#9751 = DIRECTION ( 'NONE',  ( 0.000000000000000000, 0.000000000000000000, -1.000000000000000000 ) ) ;
#9752 = ADVANCED_FACE ( 'NONE', ( #8073 ), #9537, .T. ) ;
#9753 = DIRECTION ( 'NONE',  ( -1.000000000000000000, 0.000000000000000000, 0.000000000000000000 ) ) ;
#9754 = CARTESIAN_POINT ( 'NONE',  ( 12.26197047943370144, 15.22230425908913531, 29.41466184688730934 ) ) ;
#9755 = CARTESIAN_POINT ( 'NONE',  ( 28.54360300136443485, -26.60040012809253795, 7.000000000000000000 ) ) ;
#9756 = MECHANICAL_DESIGN_GEOMETRIC_PRESENTATION_REPRESENTATION (  '', ( #516 ), #6006 ) ;
#9757 = EDGE_LOOP ( 'NONE', ( #6408, #3765, #8163, #1768, #9071, #4784 ) ) ;
#9758 = CARTESIAN_POINT ( 'NONE',  ( -12.12029187400442432, 15.37165014628095072, 28.49996611647303979 ) ) ;
#9759 = EDGE_LOOP ( 'NONE', ( #4957, #3134, #7529, #6775 ) ) ;
#9760 = VERTEX_POINT ( 'NONE', #1541 ) ;
#9761 = CARTESIAN_POINT ( 'NONE',  ( -5.191023081292919450, 30.95371673371118604, 10.78378951780781492 ) ) ;
#9762 = CARTESIAN_POINT ( 'NONE',  ( -22.20501126924368052, 1.484624752803684444, 32.00000000000000000 ) ) ;
#9763 = AXIS2_PLACEMENT_3D ( 'NONE', #7964, #2985, #8718 ) ;
#9764 = CARTESIAN_POINT ( 'NONE',  ( 17.92967753712305878, -0.9029245248815382929, 32.00000000000000000 ) ) ;
#9765 = EDGE_LOOP ( 'NONE', ( #6402, #6572, #1525, #4430 ) ) ;
#9766 = CARTESIAN_POINT ( 'NONE',  ( 11.59777649649675624, -15.24040790171518367, 7.500000000000001776 ) ) ;
#9767 = DIRECTION ( 'NONE',  ( 0.8660254037844380415, 0.5000000000000008882, -0.000000000000000000 ) ) ;
#9768 = CARTESIAN_POINT ( 'NONE',  ( 6.917562314683955549, -19.76649579640000098, 29.23172717268997900 ) ) ;
#9769 = ORIENTED_EDGE ( 'NONE', *, *, #5308, .T. ) ;
#9770 = CARTESIAN_POINT ( 'NONE',  ( -12.36989382235934798, 15.09408490619693666, 28.66478519012851933 ) ) ;
#9771 = CARTESIAN_POINT ( 'NONE',  ( -6.931774713087600404, -18.29189509887933696, 28.63806960585987227 ) ) ;
#9772 = EDGE_LOOP ( 'NONE', ( #3933, #2652, #2121, #9664 ) ) ;
#9773 = ORIENTED_EDGE ( 'NONE', *, *, #1122, .T. ) ;
#9774 = DIRECTION ( 'NONE',  ( -0.8660254037844413721, 0.4999999999999951705, -0.000000000000000000 ) ) ;
#9775 = CARTESIAN_POINT ( 'NONE',  ( -19.41356797664481704, 2.719546362032307929, 1.700000000000001510 ) ) ;
#9776 = FACE_OUTER_BOUND ( 'NONE', #7736, .T. ) ;
#9777 = CARTESIAN_POINT ( 'NONE',  ( 19.19062865220716674, 3.193865810668931715, 29.04626811818681631 ) ) ;
#9778 = DIRECTION ( 'NONE',  ( 0.8660254037844413721, -0.4999999999999952260, -0.000000000000000000 ) ) ;
#9779 = DIRECTION ( 'NONE',  ( 1.000000000000000000, 0.000000000000000000, 0.000000000000000000 ) ) ;
#9780 = CARTESIAN_POINT ( 'NONE',  ( -12.34717436100740784, 14.92413622840487974, 29.04661602729913383 ) ) ;
#9781 = B_SPLINE_CURVE_WITH_KNOTS ( 'NONE', 3,
 ( #2390, #1740, #8276, #934, #4211, #3398, #719, #4854, #27, #7310 ),
 .UNSPECIFIED., .F., .F.,
 ( 4, 2, 2, 2, 4 ),
 ( 0.000000000000000000, 0.2500000000000000000, 0.5000000000000000000, 0.7500000000000000000, 1.000000000000000000 ),
 .UNSPECIFIED. ) ;
#9782 = AXIS2_PLACEMENT_3D ( 'NONE', #4586, #1415, #2970 ) ;
#9783 = CARTESIAN_POINT ( 'NONE',  ( -6.791166895417711125, -18.28649894449394253, 29.09658653332300560 ) ) ;
#9784 = CARTESIAN_POINT ( 'NONE',  ( -12.33543750004898243, 15.15376500708044638, 29.39571968233660471 ) ) ;
#9785 = EDGE_CURVE ( 'NONE', #7939, #5327, #469, .T. ) ;
#9786 = VECTOR ( 'NONE', #7718, 1000.000000000000000 ) ;
#9787 = ORIENTED_EDGE ( 'NONE', *, *, #7660, .F. ) ;
#9788 = FACE_OUTER_BOUND ( 'NONE', #7050, .T. ) ;
#9789 = CARTESIAN_POINT ( 'NONE',  ( 12.10975672110860302, 15.39963783453756285, 28.30000000000000071 ) ) ;
#9790 = CARTESIAN_POINT ( 'NONE',  ( -19.31897967902042268, 2.759944699347069541, 28.49391036640150787 ) ) ;
#9791 = CARTESIAN_POINT ( 'NONE',  ( -21.80661409683913732, 2.174668897000153311, 28.20000000000000284 ) ) ;
#9792 = CARTESIAN_POINT ( 'NONE',  ( -6.977507511997463219, -18.24123548662865346, 29.39530974698604382 ) ) ;
#9793 = AXIS2_PLACEMENT_3D ( 'NONE', #3962, #2407, #847 ) ;
#9794 = CYLINDRICAL_SURFACE ( 'NONE', #9793, 1.099999999999998979 ) ;
#9795 = CARTESIAN_POINT ( 'NONE',  ( 12.09079506607427490, 15.15660733187667653, 28.44610173068909731 ) ) ;
#9796 = DIRECTION ( 'NONE',  ( -0.8660254037844380415, -0.5000000000000008882, 0.000000000000000000 ) ) ;
#9797 = CARTESIAN_POINT ( 'NONE',  ( -8.599692158673871489, 15.44972870549839605, 7.499999999999999112 ) ) ;
#9798 = CARTESIAN_POINT ( 'NONE',  ( 4.264525191115562386, 33.85938850057463156, 8.615554210480834030 ) ) ;
#9799 = EDGE_CURVE ( 'NONE', #3001, #4037, #9197, .T. ) ;
#9800 = AXIS2_PLACEMENT_3D ( 'NONE', #8428, #1249, #1091 ) ;
#9801 = ORIENTED_EDGE ( 'NONE', *, *, #6547, .T. ) ;
#9802 = DIRECTION ( 'NONE',  ( -0.5000000000000005551, 0.8660254037844384856, 0.000000000000000000 ) ) ;
#9803 = AXIS2_PLACEMENT_3D ( 'NONE', #2344, #4753, #9580 ) ;
#9804 = DIRECTION ( 'NONE',  ( 1.026956297778269800E-14, -1.000000000000000000, -0.000000000000000000 ) ) ;
#9805 = CARTESIAN_POINT ( 'NONE',  ( 19.28047510816237775, 3.075304312000451290, 28.63983438850249286 ) ) ;
#9806 = CARTESIAN_POINT ( 'NONE',  ( 12.40348194948867544, 15.03876177944573023, 28.99605414248958368 ) ) ;
#9807 = VERTEX_POINT ( 'NONE', #10281 ) ;
#9808 = CYLINDRICAL_SURFACE ( 'NONE', #3135, 0.4999999999999995559 ) ;
#9809 = EDGE_CURVE ( 'NONE', #4886, #3664, #5569, .T. ) ;
#9810 = ORIENTED_EDGE ( 'NONE', *, *, #5294, .F. ) ;
#9811 = ORIENTED_EDGE ( 'NONE', *, *, #1230, .F. ) ;
#9812 = DIRECTION ( 'NONE',  ( -1.000000000000000000, 0.000000000000000000, 0.000000000000000000 ) ) ;
#9813 = CARTESIAN_POINT ( 'NONE',  ( -19.24036289588792670, 2.619546362032309172, 28.50000000000000000 ) ) ;
#9814 = DIRECTION ( 'NONE',  ( 1.000000000000000000, 0.000000000000000000, 0.000000000000000000 ) ) ;
#9815 = ORIENTED_EDGE ( 'NONE', *, *, #4058, .F. ) ;
#9816 = LINE ( 'NONE', #8910, #3483 ) ;
#9817 = ADVANCED_FACE ( 'NONE', ( #2988 ), #4745, .T. ) ;
#9818 = CARTESIAN_POINT ( 'NONE',  ( -18.74752573924078192, 2.907702028942902306, 29.21508389285827434 ) ) ;
#9819 = DIRECTION ( 'NONE',  ( 0.5000000000000014433, -0.8660254037844378194, 0.000000000000000000 ) ) ;
#9820 = ORIENTED_EDGE ( 'NONE', *, *, #9735, .F. ) ;
#9821 = CARTESIAN_POINT ( 'NONE',  ( -12.33934198175300700, 15.05505174578751060, 28.67895602056626458 ) ) ;
#9822 = CARTESIAN_POINT ( 'NONE',  ( -7.023594326896530404, -18.30596149615789869, 28.56996362080670693 ) ) ;
#9823 = ADVANCED_FACE ( 'NONE', ( #5460 ), #8881, .F. ) ;
#9824 = ORIENTED_EDGE ( 'NONE', *, *, #5966, .T. ) ;
#9825 = EDGE_LOOP ( 'NONE', ( #2735, #752 ) ) ;
#9826 = B_SPLINE_CURVE_WITH_KNOTS ( 'NONE', 3,
 ( #6683, #7545, #9838, #199, #1645, #4914, #6626, #8233, #9893, #2612, #41, #5674, #5023, #10593, #949, #1754, #4061, #840, #8179, #3359, #5078, #6573, #783 ),
 .UNSPECIFIED., .F., .F.,
 ( 4, 1, 1, 2, 2, 1, 1, 2, 2, 1, 2, 2, 2, 4 ),
 ( 0.000000000000000000, 0.06249999999998311073, 0.09374999999997160605, 0.1093749999999621553, 0.1249999999999527184, 0.1874999999999280853, 0.2187499999999126254, 0.2343749999999097944, 0.2499999999999069633, 0.3749999999999235056, 0.4374999999999288902, 0.4999999999999342748, 0.7499999999999671374, 1.000000000000000000 ),
 .UNSPECIFIED. ) ;
#9827 = PLANE ( 'NONE',  #7815 ) ;
#9828 = EDGE_CURVE ( 'NONE', #5808, #9720, #6458, .T. ) ;
#9829 = FACE_OUTER_BOUND ( 'NONE', #8061, .T. ) ;
#9830 = DIRECTION ( 'NONE',  ( 0.8660254037844249408, -0.5000000000000237588, 0.000000000000000000 ) ) ;
#9831 = CARTESIAN_POINT ( 'NONE',  ( 19.14972591325282991, 3.178799590818927268, 29.04663199747506042 ) ) ;
#9832 = CARTESIAN_POINT ( 'NONE',  ( -11.94036289588799171, 15.26351725728515873, 1.700000000000001510 ) ) ;
#9833 = DIRECTION ( 'NONE',  ( 1.000000000000000000, -1.387778780781446464E-15, 0.000000000000000000 ) ) ;
#9834 = CARTESIAN_POINT ( 'NONE',  ( -12.34161465066549290, 14.91888931911343974, 29.04656687735575460 ) ) ;
#9835 = CARTESIAN_POINT ( 'NONE',  ( -6.782371979284462782, -18.29229275727849924, 29.02036582846019286 ) ) ;
#9836 = CARTESIAN_POINT ( 'NONE',  ( -12.25223268948162136, 15.01786904470621664, 29.33706150091959941 ) ) ;
#9837 = VERTEX_POINT ( 'NONE', #8722 ) ;
#9838 = CARTESIAN_POINT ( 'NONE',  ( -12.29382198944631099, 15.12964265014019283, 29.39565576978500516 ) ) ;
#9839 = CARTESIAN_POINT ( 'NONE',  ( -12.43886716341457088, 14.40008253813920547, 28.30000000000000071 ) ) ;
#9840 = CARTESIAN_POINT ( 'NONE',  ( -19.40807042202965249, 2.774408187451677499, 28.50714503431487756 ) ) ;
#9841 = DIRECTION ( 'NONE',  ( 0.8660254037844389297, -0.4999999999999996114, 0.000000000000000000 ) ) ;
#9842 = CIRCLE ( 'NONE', #5231, 2.500000000000000000 ) ;
#9843 = CARTESIAN_POINT ( 'NONE',  ( 19.42629054742258887, 2.760961903312605603, 28.49996611647302558 ) ) ;
#9844 = CARTESIAN_POINT ( 'NONE',  ( -12.13755013343300782, 13.92197894325302165, 28.72500000000000142 ) ) ;
#9845 = CARTESIAN_POINT ( 'NONE',  ( 12.87832712574871508, 14.79077489569848503, 28.91203519401015143 ) ) ;
#9846 = CARTESIAN_POINT ( 'NONE',  ( -6.698884299031897527, -17.94206015376705565, 29.15343510911814917 ) ) ;
#9847 = CARTESIAN_POINT ( 'NONE',  ( 12.97927503561599849, 7.493587935699112634, 38.50000000000000000 ) ) ;
#9848 = CARTESIAN_POINT ( 'NONE',  ( 7.099639267347666483, -18.28355590889075799, 29.41459737056343471 ) ) ;
#9849 = DIRECTION ( 'NONE',  ( -0.4999999999999971689, 0.8660254037844402619, 0.000000000000000000 ) ) ;
#9850 = EDGE_LOOP ( 'NONE', ( #3186, #3945, #3994, #10577 ) ) ;
#9851 = DIRECTION ( 'NONE',  ( 0.4999999999999996114, 0.8660254037844389297, 0.000000000000000000 ) ) ;
#9852 = CARTESIAN_POINT ( 'NONE',  ( 11.53440205453818734, 19.99618134940937608, 7.500000000000001776 ) ) ;
#9853 = DIRECTION ( 'NONE',  ( -0.000000000000000000, -0.000000000000000000, -1.000000000000000000 ) ) ;
#9854 = CARTESIAN_POINT ( 'NONE',  ( 19.23471683815140310, 3.085482992127722479, 28.65792281711673084 ) ) ;
#9855 = CARTESIAN_POINT ( 'NONE',  ( 11.91504070579506802, 14.80446432128912626, 29.27006411027210930 ) ) ;
#9856 = EDGE_CURVE ( 'NONE', #9807, #8704, #5404, .T. ) ;
#9857 = ORIENTED_EDGE ( 'NONE', *, *, #3902, .T. ) ;
#9858 = CARTESIAN_POINT ( 'NONE',  ( 13.59143938473561697, 16.03328818044162674, 28.81812133211679949 ) ) ;
#9859 = AXIS2_PLACEMENT_3D ( 'NONE', #8493, #1154, #6089 ) ;
#9860 = ORIENTED_EDGE ( 'NONE', *, *, #4331, .F. ) ;
#9861 = ORIENTED_EDGE ( 'NONE', *, *, #4203, .T. ) ;
#9862 = CARTESIAN_POINT ( 'NONE',  ( 0.008521484731877086022, 19.95959209828480141, 6.999999999999999112 ) ) ;
#9863 = DIRECTION ( 'NONE',  ( 0.8660254037844389297, -0.4999999999999996114, 0.000000000000000000 ) ) ;
#9864 = EDGE_CURVE ( 'NONE', #4041, #5318, #10562, .T. ) ;
#9865 = FACE_OUTER_BOUND ( 'NONE', #1030, .T. ) ;
#9866 = ORIENTED_EDGE ( 'NONE', *, *, #3060, .T. ) ;
#9867 = DIRECTION ( 'NONE',  ( -0.8660254037844382635, -0.5000000000000008882, 0.000000000000000000 ) ) ;
#9868 = VECTOR ( 'NONE', #1660, 1000.000000000000114 ) ;
#9869 = FACE_OUTER_BOUND ( 'NONE', #8245, .T. ) ;
#9870 = CARTESIAN_POINT ( 'NONE',  ( -20.41057094691904439, 3.592686562220267721, 29.39427216176077096 ) ) ;
#9871 = EDGE_LOOP ( 'NONE', ( #5652, #4221, #10517, #2679, #2551 ) ) ;
#9872 = CARTESIAN_POINT ( 'NONE',  ( -12.34502276335552828, 15.06626789056437765, 28.67399222042821094 ) ) ;
#9873 = CARTESIAN_POINT ( 'NONE',  ( -7.051040586014065248, -18.25984284041263095, 28.55345917653066934 ) ) ;
#9874 = ORIENTED_EDGE ( 'NONE', *, *, #5506, .F. ) ;
#9875 = VERTEX_POINT ( 'NONE', #8827 ) ;
#9876 = CIRCLE ( 'NONE', #634, 1.299999999999998712 ) ;
#9877 = EDGE_CURVE ( 'NONE', #3319, #9459, #9576, .T. ) ;
#9878 = CARTESIAN_POINT ( 'NONE',  ( -13.86702952183323845, 15.92643277190053119, 28.70272410868598811 ) ) ;
#9879 = B_SPLINE_CURVE_WITH_KNOTS ( 'NONE', 3,
 ( #2032, #6058, #1982, #8351, #7654, #5300 ),
 .UNSPECIFIED., .F., .F.,
 ( 4, 2, 4 ),
 ( 0.0001604307054781778635, 0.0005812654922720064416, 0.001002100279065835020 ),
 .UNSPECIFIED. ) ;
#9880 = DIRECTION ( 'NONE',  ( -0.8660254037844381525, -0.5000000000000009992, 0.000000000000000000 ) ) ;
#9881 = CARTESIAN_POINT ( 'NONE',  ( 7.039628730585187455, -18.19579016995468734, 28.55311225895596294 ) ) ;
#9882 = EDGE_CURVE ( 'NONE', #182, #3328, #6121, .T. ) ;
#9883 = CARTESIAN_POINT ( 'NONE',  ( 19.16588192346526043, 3.188677322742984099, 28.94712732550066647 ) ) ;
#9884 = CARTESIAN_POINT ( 'NONE',  ( -7.255191244918656857, -18.18909101810841022, 28.49364505592957286 ) ) ;
#9885 = DIRECTION ( 'NONE',  ( 1.026956297778269800E-14, -1.000000000000000000, -0.000000000000000000 ) ) ;
#9886 = ORIENTED_EDGE ( 'NONE', *, *, #757, .F. ) ;
#9887 = CARTESIAN_POINT ( 'NONE',  ( -12.37890984456687882, 14.95113749847949514, 29.04634587615765895 ) ) ;
#9888 = CARTESIAN_POINT ( 'NONE',  ( -6.779143453976305800, -18.26635902162858471, 29.02102644259155895 ) ) ;
#9889 = CARTESIAN_POINT ( 'NONE',  ( -12.30181994342982144, 15.04516994040163524, 29.33612121372933856 ) ) ;
#9890 = CIRCLE ( 'NONE', #10401, 20.00000000000000355 ) ;
#9891 = EDGE_CURVE ( 'NONE', #1416, #962, #10053, .T. ) ;
#9892 = EDGE_LOOP ( 'NONE', ( #1504, #9084, #4357, #5435 ) ) ;
#9893 = CARTESIAN_POINT ( 'NONE',  ( -12.22776913615988903, 15.08970261607826302, 29.39445004174326215 ) ) ;
#9894 = CARTESIAN_POINT ( 'NONE',  ( 18.73804737282514310, 3.519101658430713986, 28.30000000000000071 ) ) ;
#9895 = CARTESIAN_POINT ( 'NONE',  ( -19.26738909339293926, 2.927901258246275340, 28.56584585492284845 ) ) ;
#9896 = CARTESIAN_POINT ( 'NONE',  ( 19.05727895971229202, 3.094921643689280355, 29.22236461136484564 ) ) ;
#9897 = CARTESIAN_POINT ( 'NONE',  ( -11.50222350350310663, -15.04040790171520214, 28.19999999999999929 ) ) ;
#9898 = CARTESIAN_POINT ( 'NONE',  ( 17.92967753712305878, -0.9029245248815382929, 32.00000000000000000 ) ) ;
#9899 = AXIS2_PLACEMENT_3D ( 'NONE', #3723, #5430, #1462 ) ;
#9900 = DIRECTION ( 'NONE',  ( 0.4999999999999952260, 0.8660254037844413721, 0.000000000000000000 ) ) ;
#9901 = CARTESIAN_POINT ( 'NONE',  ( -6.768395085034136116, -17.90411473357012540, 29.23745301411323183 ) ) ;
#9902 = CARTESIAN_POINT ( 'NONE',  ( -17.95188957942405494, -0.9709161997098797459, 32.00000000000000000 ) ) ;
#9903 = CIRCLE ( 'NONE', #10415, 0.1999999999999992617 ) ;
#9904 = CIRCLE ( 'NONE', #656, 1.300000000000000711 ) ;
#9905 = DIRECTION ( 'NONE',  ( 0.000000000000000000, 0.000000000000000000, -1.000000000000000000 ) ) ;
#9906 = AXIS2_PLACEMENT_3D ( 'NONE', #7598, #7704, #2672 ) ;
#9907 = CARTESIAN_POINT ( 'NONE',  ( -11.84036289588799384, 15.43672233804204552, 28.30000000000000071 ) ) ;
#9908 = EDGE_LOOP ( 'NONE', ( #3714, #10392, #1403, #8527 ) ) ;
#9909 = PLANE ( 'NONE',  #10086 ) ;
#9910 = CIRCLE ( 'NONE', #2046, 0.1999999999999997335 ) ;
#9911 = CARTESIAN_POINT ( 'NONE',  ( -8.902223503503199353, -19.84040790171520641, 7.499999999999999112 ) ) ;
#9912 = FACE_OUTER_BOUND ( 'NONE', #390, .T. ) ;
#9913 = CARTESIAN_POINT ( 'NONE',  ( 19.26182216412390957, 3.078394147902801858, 28.64753023767831763 ) ) ;
#9914 = CARTESIAN_POINT ( 'NONE',  ( -21.93867775965134825, 1.529124403727364356, 31.97592877889152163 ) ) ;
#9915 = CIRCLE ( 'NONE', #2386, 0.1999999999999986233 ) ;
#9916 = ORIENTED_EDGE ( 'NONE', *, *, #8580, .T. ) ;
#9917 = CARTESIAN_POINT ( 'NONE',  ( 12.38323650626646888, 15.06532584345960579, 28.83916146171834782 ) ) ;
#9918 = EDGE_CURVE ( 'NONE', #4037, #3001, #5431, .T. ) ;
#9919 = UNCERTAINTY_MEASURE_WITH_UNIT (LENGTH_MEASURE( 1.000000000000000082E-05 ), #3448, 'distance_accuracy_value', 'NONE');
#9920 = ORIENTED_EDGE ( 'NONE', *, *, #6780, .F. ) ;
#9921 = EDGE_CURVE ( 'NONE', #9336, #10113, #8340, .T. ) ;
#9922 = EDGE_LOOP ( 'NONE', ( #3926, #8232, #6682, #4686, #1838, #1716, #1046, #5955, #8968, #1515 ) ) ;
#9923 = DIRECTION ( 'NONE',  ( 0.5000000000000008882, -0.8660254037844381525, 0.000000000000000000 ) ) ;
#9924 = DIRECTION ( 'NONE',  ( 0.4999999999999985567, 0.8660254037844394848, 0.000000000000000000 ) ) ;
#9925 = DIRECTION ( 'NONE',  ( 0.4999999999999987788, 0.8660254037844393737, 0.000000000000000000 ) ) ;
#9926 = AXIS2_PLACEMENT_3D ( 'NONE', #6974, #2090, #10235 ) ;
#9927 = ORIENTED_EDGE ( 'NONE', *, *, #10222, .F. ) ;
#9928 = DIRECTION ( 'NONE',  ( -0.000000000000000000, 0.000000000000000000, -1.000000000000000000 ) ) ;
#9929 = CYLINDRICAL_SURFACE ( 'NONE', #7174, 10.00000000000000178 ) ;
#9930 = EDGE_LOOP ( 'NONE', ( #6300, #9498, #4200, #990 ) ) ;
#9931 = CARTESIAN_POINT ( 'NONE',  ( -12.33741317698051176, 15.05084719064726251, 28.68082004827440201 ) ) ;
#9932 = CARTESIAN_POINT ( 'NONE',  ( -6.928800039750327322, -18.28776782627860342, 28.64008160065018771 ) ) ;
#9933 = ORIENTED_EDGE ( 'NONE', *, *, #1771, .F. ) ;
#9934 = EDGE_CURVE ( 'NONE', #68, #3784, #4986, .T. ) ;
#9935 = ORIENTED_EDGE ( 'NONE', *, *, #42, .T. ) ;
#9936 = CARTESIAN_POINT ( 'NONE',  ( -20.77143065881089967, 3.967659206818885842, 28.76562486002083929 ) ) ;
#9937 = CARTESIAN_POINT ( 'NONE',  ( -31.31360094162512908, -31.98515466406514562, 7.000000000000000000 ) ) ;
#9938 = DIRECTION ( 'NONE',  ( 0.000000000000000000, 0.000000000000000000, 1.000000000000000000 ) ) ;
#9939 = CARTESIAN_POINT ( 'NONE',  ( 19.09642103699443183, 3.177989629581882358, 28.95187934442598987 ) ) ;
#9940 = CARTESIAN_POINT ( 'NONE',  ( -7.209254834470237405, -18.15840260819108209, 28.48335828976517092 ) ) ;
#9941 = CARTESIAN_POINT ( 'NONE',  ( 11.59777649649660880, -15.24040790171518367, 28.20000000000000284 ) ) ;
#9942 = EDGE_LOOP ( 'NONE', ( #266, #8502, #3557, #4361, #7929, #5100 ) ) ;
#9943 = CARTESIAN_POINT ( 'NONE',  ( -12.26872026741829735, 14.80264843948313924, 29.00834757554800447 ) ) ;
#9944 = EDGE_CURVE ( 'NONE', #1281, #3595, #4, .T. ) ;
#9945 = CARTESIAN_POINT ( 'NONE',  ( -6.764545480477419659, -18.20163643792166042, 29.02208500588339035 ) ) ;
#9946 = CARTESIAN_POINT ( 'NONE',  ( -12.40671457556958757, 15.03030949086383927, 29.24448553307180632 ) ) ;
#9947 = ORIENTED_EDGE ( 'NONE', *, *, #7009, .T. ) ;
#9948 = EDGE_CURVE ( 'NONE', #10576, #5797, #6624, .T. ) ;
#9949 = CARTESIAN_POINT ( 'NONE',  ( -9.527297344413417690, -19.83199295098546600, 31.97592408599769698 ) ) ;
#9950 = CARTESIAN_POINT ( 'NONE',  ( -12.14097626982723277, 14.99424126611763519, 28.42601872119864126 ) ) ;
#9951 =( BOUNDED_SURFACE ( )  B_SPLINE_SURFACE ( 3, 2, ( 
 ( #8727, #2848, #7769 ),
 ( #581, #7817, #9378 ),
 ( #7023, #478, #5361 ),
 ( #428, #6118, #4459 ),
 ( #9479, #3858, #10233 ),
 ( #3704, #9590, #1286 ),
 ( #5409, #7118, #7069 ),
 ( #2896, #6172, #10385 ) ),
 .UNSPECIFIED., .F., .F., .T. ) 
 B_SPLINE_SURFACE_WITH_KNOTS ( ( 4, 2, 2, 4 ),
 ( 3, 3 ),
 ( 0.003954194195918679135, 0.004451794748634081179, 0.004700595024991782202, 0.004949395301349483224 ),
 ( 0.000000000000000000, 1.000000000000000000 ),
 .UNSPECIFIED. ) 
 GEOMETRIC_REPRESENTATION_ITEM ( )  RATIONAL_B_SPLINE_SURFACE ( (
 ( 1.000000000000000000, 0.7071067811865470176, 1.000000000000000000),
 ( 1.000000000000000000, 0.6690556487002570218, 1.000000000000000000),
 ( 1.000000000000000000, 0.6284388346618219323, 1.000000000000000000),
 ( 1.000000000000000000, 0.5613352979810563026, 1.000000000000000000),
 ( 1.000000000000000000, 0.5377691402912813112, 1.000000000000000000),
 ( 1.000000000000000000, 0.4886680682765563999, 1.000000000000000000),
 ( 1.000000000000000000, 0.4634483138216365927, 1.000000000000000000),
 ( 1.000000000000000000, 0.4379152334966388560, 1.000000000000000000) ) ) 
 REPRESENTATION_ITEM ( '' )  SURFACE ( )  );
#9952 = CARTESIAN_POINT ( 'NONE',  ( -19.26983223606526963, 2.994900601899309400, 28.62889512480992948 ) ) ;
#9953 = CARTESIAN_POINT ( 'NONE',  ( -12.20661409683927978, 18.80235664966114584, 28.19999999999999929 ) ) ;
#9954 = CARTESIAN_POINT ( 'NONE',  ( 19.19729845354527598, 3.058300946197307635, 29.33730981173531305 ) ) ;
#9955 = B_SPLINE_CURVE_WITH_KNOTS ( 'NONE', 3,
 ( #5585, #8088, #1607, #748 ),
 .UNSPECIFIED., .F., .F.,
 ( 4, 4 ),
 ( 4.336808689942017736E-19, 0.0003527882210653372438 ),
 .UNSPECIFIED. ) ;
#9956 = CYLINDRICAL_SURFACE ( 'NONE', #6546, 0.5000000000000018874 ) ;
#9957 = CARTESIAN_POINT ( 'NONE',  ( 28.54360300136443485, -26.60040012809253795, 7.000000000000000000 ) ) ;
#9958 = AXIS2_PLACEMENT_3D ( 'NONE', #5751, #7412, #8102 ) ;
#9959 = ADVANCED_FACE ( 'NONE', ( #7398 ), #2578, .F. ) ;
#9960 = CARTESIAN_POINT ( 'NONE',  ( -6.975177905226902730, -18.18544110413587944, 29.39351266794890805 ) ) ;
#9961 = DIRECTION ( 'NONE',  ( -1.101697372407250679E-15, 1.000000000000000000, 0.000000000000000000 ) ) ;
#9962 = ORIENTED_EDGE ( 'NONE', *, *, #8617, .F. ) ;
#9963 = CARTESIAN_POINT ( 'NONE',  ( -11.93392055124368767, 15.27467572552896691, 28.99988140765558597 ) ) ;
#9964 = LINE ( 'NONE', #4982, #3921 ) ;
#9965 = VERTEX_POINT ( 'NONE', #9852 ) ;
#9966 = CIRCLE ( 'NONE', #5574, 0.1999999999999987899 ) ;
#9967 = AXIS2_PLACEMENT_3D ( 'NONE', #9711, #5651, #5702 ) ;
#9968 = CARTESIAN_POINT ( 'NONE',  ( -66.37105222701389096, -26.48366435127810092, 28.20000000000000284 ) ) ;
#9969 = LINE ( 'NONE', #1937, #4416 ) ;
#9970 = CARTESIAN_POINT ( 'NONE',  ( -9.699017848312209367, -15.12932599668801537, 32.00000000000000000 ) ) ;
#9971 = CARTESIAN_POINT ( 'NONE',  ( 19.28852404602745807, 2.964529342532964407, 28.55796694935982671 ) ) ;
#9972 = FACE_OUTER_BOUND ( 'NONE', #7282, .T. ) ;
#9973 = LINE ( 'NONE', #2802, #5710 ) ;
#9974 = ORIENTED_EDGE ( 'NONE', *, *, #2355, .T. ) ;
#9975 = CARTESIAN_POINT ( 'NONE',  ( 7.334064165424404536, -18.17953120078727736, 28.49153734414978700 ) ) ;
#9976 = EDGE_LOOP ( 'NONE', ( #5115, #7616, #5887, #5261 ) ) ;
#9977 = AXIS2_PLACEMENT_3D ( 'NONE', #273, #5909, #5046 ) ;
#9978 = CARTESIAN_POINT ( 'NONE',  ( -16.99147851343124671, 48.46410000294399367, 3.500000000000000444 ) ) ;
#9979 = DIRECTION ( 'NONE',  ( 0.5000000000000007772, -0.8660254037844381525, 0.000000000000000000 ) ) ;
#9980 = CIRCLE ( 'NONE', #6736, 0.1999999999999999833 ) ;
#9981 = DIRECTION ( 'NONE',  ( -0.8660254037844380415, -0.5000000000000008882, 0.000000000000000000 ) ) ;
#9982 = ADVANCED_FACE ( 'NONE', ( #746 ), #4023, .T. ) ;
#9983 = ORIENTED_EDGE ( 'NONE', *, *, #197, .T. ) ;
#9984 = FACE_OUTER_BOUND ( 'NONE', #6316, .T. ) ;
#9985 = AXIS2_PLACEMENT_3D ( 'NONE', #7110, #3037, #3094 ) ;
#9986 = LINE ( 'NONE', #8213, #2734 ) ;
#9987 = SURFACE_SIDE_STYLE ('',( #6924 ) ) ;
#9988 = EDGE_LOOP ( 'NONE', ( #8417, #8202, #9927, #8356, #9538 ) ) ;
#9989 = CARTESIAN_POINT ( 'NONE',  ( -12.27604208514925155, 15.13592565653075539, 28.58463100136795987 ) ) ;
#9990 = CARTESIAN_POINT ( 'NONE',  ( -6.945566043092239461, -18.19455260857054313, 28.56250190445952342 ) ) ;
#9991 = VERTEX_POINT ( 'NONE', #3211 ) ;
#9992 = ORIENTED_EDGE ( 'NONE', *, *, #2133, .T. ) ;
#9993 = DIRECTION ( 'NONE',  ( -1.000000000000000000, 0.000000000000000000, 0.000000000000000000 ) ) ;
#9994 = LINE ( 'NONE', #4212, #6586 ) ;
#9995 = CARTESIAN_POINT ( 'NONE',  ( 21.06860244792060399, 3.482461858527878373, 28.30000000000000071 ) ) ;
#9996 = CARTESIAN_POINT ( 'NONE',  ( 19.17635555675707337, 3.185782311968023528, 28.89705447457403409 ) ) ;
#9997 = CARTESIAN_POINT ( 'NONE',  ( 31.33064391108925051, -31.98515466406566432, 7.000000000000000000 ) ) ;
#9998 = ADVANCED_FACE ( 'NONE', ( #6486 ), #7989, .F. ) ;
#9999 = CARTESIAN_POINT ( 'NONE',  ( -6.904238123952913142, -18.32767642020609600, 28.65825201690173429 ) ) ;
#10000 = EDGE_LOOP ( 'NONE', ( #3698, #8957 ) ) ;
#10001 = CARTESIAN_POINT ( 'NONE',  ( -12.37667970657494898, 14.94680375879977419, 29.02118938250585956 ) ) ;
#10002 = CARTESIAN_POINT ( 'NONE',  ( -6.770203824133138149, -18.22124825355360045, 29.02201162529090794 ) ) ;
#10003 = EDGE_LOOP ( 'NONE', ( #9393, #9171, #2425, #2761 ) ) ;
#10004 = CARTESIAN_POINT ( 'NONE',  ( 7.329375709731974275, -18.24040790171481063, 1.700000000000001510 ) ) ;
#10005 = CARTESIAN_POINT ( 'NONE',  ( 12.10293835719401301, 15.41144758726212416, 28.49953455754358700 ) ) ;
#10006 = CARTESIAN_POINT ( 'NONE',  ( -19.39459298248336339, 2.914980265791798697, 28.54978199663915461 ) ) ;
#10007 = CARTESIAN_POINT ( 'NONE',  ( 9.431548250712365800, -19.61587191873194413, 31.85167049528092065 ) ) ;
#10008 = CARTESIAN_POINT ( 'NONE',  ( 19.07057224257308192, 3.097499349237227584, 29.22513990244504711 ) ) ;
#10009 = DIRECTION ( 'NONE',  ( -0.8660254037844381525, -0.5000000000000009992, 0.000000000000000000 ) ) ;
#10010 = FACE_OUTER_BOUND ( 'NONE', #4247, .T. ) ;
#10011 = CIRCLE ( 'NONE', #7618, 0.2000000000000005107 ) ;
#10012 = CARTESIAN_POINT ( 'NONE',  ( -6.954415344673305022, -18.07763940010771719, 29.37753707948985493 ) ) ;
#10013 = CARTESIAN_POINT ( 'NONE',  ( -12.06158606022814261, 14.70488677593673010, 29.20668032927648738 ) ) ;
#10014 = CARTESIAN_POINT ( 'NONE',  ( -6.416466898276858011, -18.04040790171494635, 28.32529462522017738 ) ) ;
#10015 = LINE ( 'NONE', #2682, #3806 ) ;
#10016 = EDGE_LOOP ( 'NONE', ( #1303, #7567, #10126, #9067 ) ) ;
#10017 = VECTOR ( 'NONE', #270, 1000.000000000000000 ) ;
#10019 = EDGE_CURVE ( 'NONE', #10468, #8551, #3171, .T. ) ;
#10018 = DIRECTION ( 'NONE',  ( -0.000000000000000000, 0.000000000000000000, -1.000000000000000000 ) ) ;
#10020 = CARTESIAN_POINT ( 'NONE',  ( 19.02465662317642270, 3.071181931489282757, 28.39934941922715339 ) ) ;
#10021 = CARTESIAN_POINT ( 'NONE',  ( -4.746095424604683366, 33.06410000294339824, 0.000000000000000000 ) ) ;
#10022 = CARTESIAN_POINT ( 'NONE',  ( 19.24841919415987590, 3.026781814630097323, 28.59508510857578756 ) ) ;
#10023 = CARTESIAN_POINT ( 'NONE',  ( -21.56894035183462321, 1.586331898973161625, 31.79166666666666785 ) ) ;
#10024 = ADVANCED_FACE ( 'NONE', ( #2845 ), #9011, .T. ) ;
#10025 = CARTESIAN_POINT ( 'NONE',  ( -10.03934400441920793, -20.04040790171520570, 32.00000000000000000 ) ) ;
#10026 = VERTEX_POINT ( 'NONE', #6701 ) ;
#10027 = CARTESIAN_POINT ( 'NONE',  ( 7.325398503004160844, -18.21667199674639193, 28.50074283921110307 ) ) ;
#10028 = ADVANCED_FACE ( 'NONE', ( #3487 ), #6114, .F. ) ;
#10029 = ORIENTED_EDGE ( 'NONE', *, *, #6797, .T. ) ;
#10030 = DIRECTION ( 'NONE',  ( 0.8660254037844389297, -0.4999999999999996114, 0.000000000000000000 ) ) ;
#10031 = CARTESIAN_POINT ( 'NONE',  ( 8.677480116372874974, 15.34451529956981908, 7.500000000000001776 ) ) ;
#10032 = EDGE_CURVE ( 'NONE', #10177, #121, #3372, .T. ) ;
#10033 = CARTESIAN_POINT ( 'NONE',  ( 12.11365626730989398, 15.28368478298398969, 28.49935093687708587 ) ) ;
#10034 = EDGE_LOOP ( 'NONE', ( #5106, #4851, #8812, #4102 ) ) ;
#10035 = DIRECTION ( 'NONE',  ( -0.000000000000000000, -0.000000000000000000, -1.000000000000000000 ) ) ;
#10037 = CARTESIAN_POINT ( 'NONE',  ( -11.99147851343123961, 43.06410000294339824, 0.000000000000000000 ) ) ;
#10036 = AXIS2_PLACEMENT_3D ( 'NONE', #1972, #7596, #8398 ) ;
#10038 = VERTEX_POINT ( 'NONE', #8358 ) ;
#10039 = CARTESIAN_POINT ( 'NONE',  ( -12.15832362286481505, 15.26337643035042113, 28.51155979876794078 ) ) ;
#10040 = CARTESIAN_POINT ( 'NONE',  ( -7.057463485384285917, -18.26858462869283528, 28.55212361038167757 ) ) ;
#10041 = ORIENTED_EDGE ( 'NONE', *, *, #9746, .T. ) ;
#10042 = ORIENTED_EDGE ( 'NONE', *, *, #2205, .F. ) ;
#10043 = AXIS2_PLACEMENT_3D ( 'NONE', #7423, #4802, #8868 ) ;
#10044 = CARTESIAN_POINT ( 'NONE',  ( -6.769446089332680216, -17.78996803086419476, 29.23849492710515463 ) ) ;
#10045 = CARTESIAN_POINT ( 'NONE',  ( -12.33543750004898243, 15.15376500708044638, 29.39571968233660471 ) ) ;
#10046 = CARTESIAN_POINT ( 'NONE',  ( -6.406863956330345999, -18.04040790171494280, 28.32359423378391838 ) ) ;
#10047 = CARTESIAN_POINT ( 'NONE',  ( 19.11238622547880794, 3.178613615384087598, 28.90535030359691859 ) ) ;
#10048 = CARTESIAN_POINT ( 'NONE',  ( 18.10427503561594165, -1.383172453091262799, 28.19999999999999929 ) ) ;
#10049 = DIRECTION ( 'NONE',  ( 0.000000000000000000, 0.000000000000000000, 1.000000000000000000 ) ) ;
#10050 = ORIENTED_EDGE ( 'NONE', *, *, #2153, .F. ) ;
#10051 = CARTESIAN_POINT ( 'NONE',  ( -12.41617310383011130, 14.98633000247428093, 28.89164846083754057 ) ) ;
#10052 = CARTESIAN_POINT ( 'NONE',  ( -6.778776296674184465, -18.26379865116904000, 29.02109282618933506 ) ) ;
#10053 = CIRCLE ( 'NONE', #1666, 2.500000000002149836 ) ;
#10054 = VERTEX_POINT ( 'NONE', #1987 ) ;
#10055 = CYLINDRICAL_SURFACE ( 'NONE', #7771, 1.100000000000002309 ) ;
#10056 = EDGE_CURVE ( 'NONE', #4681, #1300, #3891, .T. ) ;
#10057 = FACE_OUTER_BOUND ( 'NONE', #6456, .T. ) ;
#10058 = CARTESIAN_POINT ( 'NONE',  ( -19.32025199257212122, 2.817601446460896053, 28.51398870213158077 ) ) ;
#10059 = CARTESIAN_POINT ( 'NONE',  ( 13.41590602785219488, 15.80517479254812940, 29.36017022187091641 ) ) ;
#10060 = CARTESIAN_POINT ( 'NONE',  ( 19.22341927718255761, 2.988465778725963862, 29.39402779690542289 ) ) ;
#10061 = APPLICATION_PROTOCOL_DEFINITION ( 'draft international standard', 'automotive_design', 1998, #10236 ) ;
#10062 = CARTESIAN_POINT ( 'NONE',  ( -11.50222350350325051, -15.04040790171520214, 7.499999999999999112 ) ) ;
#10063 = AXIS2_PLACEMENT_3D ( 'NONE', #7273, #10494, #5571 ) ;
#10064 = CARTESIAN_POINT ( 'NONE',  ( -19.46063602946471249, 2.730974778032022598, 28.49953455754358345 ) ) ;
#10065 = CARTESIAN_POINT ( 'NONE',  ( -6.902332665646940590, -18.20262100890377610, 29.33733375616493078 ) ) ;
#10066 = DIRECTION ( 'NONE',  ( 0.5000000000000008882, -0.8660254037844382635, 6.033820786006286703E-16 ) ) ;
#10067 = ORIENTED_EDGE ( 'NONE', *, *, #644, .T. ) ;
#10068 = CYLINDRICAL_SURFACE ( 'NONE', #9468, 0.1999999999999997335 ) ;
#10069 = EDGE_CURVE ( 'NONE', #8993, #2861, #7770, .T. ) ;
#10070 = CIRCLE ( 'NONE', #5451, 5.000000000000000000 ) ;
#10071 = DIRECTION ( 'NONE',  ( -1.000000000000000000, -1.334402673828312452E-15, 0.000000000000000000 ) ) ;
#10072 = ORIENTED_EDGE ( 'NONE', *, *, #342, .T. ) ;
#10073 = CYLINDRICAL_SURFACE ( 'NONE', #4094, 0.2000000000000005107 ) ;
#10074 = CARTESIAN_POINT ( 'NONE',  ( -7.274305630064775485, -18.04040790171495701, 28.49996611647302203 ) ) ;
#10075 = TOROIDAL_SURFACE ( 'NONE', #483, 2.700000000001501199, 0.2000000000000000111 ) ;
#10076 = CARTESIAN_POINT ( 'NONE',  ( -26.98347392270289902, -29.48515466406520602, 0.000000000000000000 ) ) ;
#10077 = CARTESIAN_POINT ( 'NONE',  ( 19.36418458059054615, 3.009137239054037849, 28.56684427480537991 ) ) ;
#10078 = DIRECTION ( 'NONE',  ( 0.8660254037844413721, -0.4999999999999952260, 0.000000000000000000 ) ) ;
#10079 = AXIS2_PLACEMENT_3D ( 'NONE', #3054, #9596, #3710 ) ;
#10080 = CYLINDRICAL_SURFACE ( 'NONE', #4344, 1.100000000000000311 ) ;
#10081 = ORIENTED_EDGE ( 'NONE', *, *, #5208, .F. ) ;
#10082 = CARTESIAN_POINT ( 'NONE',  ( 7.375738316649893989, -18.30820447402133411, 28.49829467079360512 ) ) ;
#10083 = EDGE_CURVE ( 'NONE', #5420, #1875, #7657, .T. ) ;
#10084 = AXIS2_PLACEMENT_3D ( 'NONE', #10505, #8038, #3110 ) ;
#10085 = EDGE_CURVE ( 'NONE', #5338, #2322, #2703, .T. ) ;
#10086 = AXIS2_PLACEMENT_3D ( 'NONE', #268, #4349, #7609 ) ;
#10087 = AXIS2_PLACEMENT_3D ( 'NONE', #7819, #2950, #8136 ) ;
#10088 = EDGE_CURVE ( 'NONE', #5790, #6122, #740, .T. ) ;
#10089 = ORIENTED_EDGE ( 'NONE', *, *, #393, .F. ) ;
#10090 = FACE_OUTER_BOUND ( 'NONE', #1406, .T. ) ;
#10091 = CARTESIAN_POINT ( 'NONE',  ( 10.29777649649680349, -19.84040790171517799, 7.500000000000001776 ) ) ;
#10092 = CARTESIAN_POINT ( 'NONE',  ( 25.98928359826505030, -5.040407901715162176, 17.00000000000000000 ) ) ;
#10093 = AXIS2_PLACEMENT_3D ( 'NONE', #6412, #9676, #2289 ) ;
#10094 = ORIENTED_EDGE ( 'NONE', *, *, #9746, .F. ) ;
#10095 = FACE_OUTER_BOUND ( 'NONE', #2915, .T. ) ;
#10096 = B_SPLINE_CURVE_WITH_KNOTS ( 'NONE', 3,
 ( #6783, #10046, #1102, #6137, #5931, #8389 ),
 .UNSPECIFIED., .F., .F.,
 ( 4, 2, 4 ),
 ( 0.000000000000000000, 0.0004057138013021434906, 0.0008114276026042869811 ),
 .UNSPECIFIED. ) ;
#10097 = ORIENTED_EDGE ( 'NONE', *, *, #1441, .T. ) ;
#10098 = CARTESIAN_POINT ( 'NONE',  ( -12.25297024624773279, 15.20574258655894262, 28.54915198650585140 ) ) ;
#10099 = ORIENTED_EDGE ( 'NONE', *, *, #5696, .F. ) ;
#10100 = ORIENTED_EDGE ( 'NONE', *, *, #3543, .F. ) ;
#10101 = ORIENTED_EDGE ( 'NONE', *, *, #1111, .T. ) ;
#10102 = DIRECTION ( 'NONE',  ( 1.734723475976810250E-14, -1.000000000000000000, 7.523163845262650140E-29 ) ) ;
#10103 = LINE ( 'NONE', #2769, #8033 ) ;
#10104 = CARTESIAN_POINT ( 'NONE',  ( 19.18752624189265532, 3.195401367629056022, 28.94539439669913961 ) ) ;
#10105 = FACE_OUTER_BOUND ( 'NONE', #3751, .T. ) ;
#10106 = CARTESIAN_POINT ( 'NONE',  ( 22.43440205453820369, 1.116827546908616187, 7.499999999999999112 ) ) ;
#10107 = ORIENTED_EDGE ( 'NONE', *, *, #4368, .T. ) ;
#10108 = CARTESIAN_POINT ( 'NONE',  ( -12.36004629909848340, 14.92910907897414319, 28.94788551875321403 ) ) ;
#10109 = CARTESIAN_POINT ( 'NONE',  ( -6.786802654932452938, -18.27401732054454442, 28.89466597259660929 ) ) ;
#10110 = AXIS2_PLACEMENT_3D ( 'NONE', #1734, #2537, #3706 ) ;
#10111 = ORIENTED_EDGE ( 'NONE', *, *, #8903, .F. ) ;
#10112 = CARTESIAN_POINT ( 'NONE',  ( 19.20391900254308837, 2.979106960906336976, 29.39275911490846127 ) ) ;
#10113 = VERTEX_POINT ( 'NONE', #1881 ) ;
#10114 = CARTESIAN_POINT ( 'NONE',  ( 12.00975672110860160, 15.57284291529445142, 1.500000000000001332 ) ) ;
#10115 = CARTESIAN_POINT ( 'NONE',  ( -19.30708396077227817, 2.867455740889092830, 28.53415820279996140 ) ) ;
#10116 = CARTESIAN_POINT ( 'NONE',  ( 13.59219515348877216, 15.87333803556879452, 29.27837635123677273 ) ) ;
#10117 = CARTESIAN_POINT ( 'NONE',  ( 19.19288649969340099, 3.055723395802237174, 29.33733375616477090 ) ) ;
#10118 = TOROIDAL_SURFACE ( 'NONE', #7034, 2.700000000002149125, 0.2000000000000000111 ) ;
#10119 = CARTESIAN_POINT ( 'NONE',  ( 66.09723735711772008, -26.98744490682923924, 31.50000000000000000 ) ) ;
#10120 = ADVANCED_FACE ( 'NONE', ( #5148 ), #8849, .F. ) ;
#10121 = DIRECTION ( 'NONE',  ( -1.000000000000000000, 0.000000000000000000, 0.000000000000000000 ) ) ;
#10122 = CARTESIAN_POINT ( 'NONE',  ( -6.707403737777288377, -18.05421996723687883, 29.06596556568785061 ) ) ;
#10123 = DIRECTION ( 'NONE',  ( -0.4999999999999958367, -0.8660254037844411501, 0.000000000000000000 ) ) ;
#10124 = ORIENTED_EDGE ( 'NONE', *, *, #3206, .T. ) ;
#10125 = CARTESIAN_POINT ( 'NONE',  ( -17.95200743113937492, -1.090581569920590521, 32.00000000000000000 ) ) ;
#10126 = ORIENTED_EDGE ( 'NONE', *, *, #4846, .T. ) ;
#10127 = CARTESIAN_POINT ( 'NONE',  ( 12.10962762324024666, 15.08450541251004928, 29.38249564221041155 ) ) ;
#10128 = CARTESIAN_POINT ( 'NONE',  ( -8.715272748157795846, 37.95668670219798457, 7.000000000000000000 ) ) ;
#10129 = CARTESIAN_POINT ( 'NONE',  ( 9.794570841305764830, -20.04040790171518438, 32.00000000000000000 ) ) ;
#10130 = CARTESIAN_POINT ( 'NONE',  ( 19.18079711452663361, 3.056044732887280180, 28.58794429354589894 ) ) ;
#10131 = CARTESIAN_POINT ( 'NONE',  ( -22.12800594014112221, 1.440165705317288714, 32.00000000000000000 ) ) ;
#10132 = CYLINDRICAL_SURFACE ( 'NONE', #729, 2.500000000000004885 ) ;
#10133 = EDGE_CURVE ( 'NONE', #5443, #2527, #5774, .T. ) ;
#10134 = CARTESIAN_POINT ( 'NONE',  ( 6.369168748208425157, -18.04040790171481845, 28.30000000000000071 ) ) ;
#10135 = AXIS2_PLACEMENT_3D ( 'NONE', #5497, #606, #2167 ) ;
#10136 = VECTOR ( 'NONE', #8852, 1000.000000000000114 ) ;
#10137 = AXIS2_PLACEMENT_3D ( 'NONE', #1140, #6770, #2644 ) ;
#10138 = ORIENTED_EDGE ( 'NONE', *, *, #5171, .F. ) ;
#10139 = CARTESIAN_POINT ( 'NONE',  ( 19.40150208981414792, 2.746650280639580277, 28.49996611647302203 ) ) ;
#10140 = DIRECTION ( 'NONE',  ( -1.000000000000000000, 0.000000000000000000, 0.000000000000000000 ) ) ;
#10141 = CARTESIAN_POINT ( 'NONE',  ( 12.10366964683130320, 15.19576339452755498, 28.47076859642414348 ) ) ;
#10142 = ORIENTED_EDGE ( 'NONE', *, *, #9282, .T. ) ;
#10143 = CIRCLE ( 'NONE', #8257, 0.1999999999999987899 ) ;
#10144 = ORIENTED_EDGE ( 'NONE', *, *, #3385, .T. ) ;
#10145 = EDGE_CURVE ( 'NONE', #3328, #8155, #9706, .T. ) ;
#10146 = CARTESIAN_POINT ( 'NONE',  ( -12.28548314707047240, 15.16529941580091112, 28.57560033753870954 ) ) ;
#10147 = ORIENTED_EDGE ( 'NONE', *, *, #3656, .T. ) ;
#10148 = VERTEX_POINT ( 'NONE', #9268 ) ;
#10149 = ORIENTED_EDGE ( 'NONE', *, *, #2423, .F. ) ;
#10150 = PLANE ( 'NONE',  #5948 ) ;
#10151 = VECTOR ( 'NONE', #4029, 1000.000000000000227 ) ;
#10152 = DIRECTION ( 'NONE',  ( 1.026956297778269800E-14, -1.000000000000000000, -0.000000000000000000 ) ) ;
#10153 = EDGE_CURVE ( 'NONE', #6664, #4098, #372, .T. ) ;
#10154 = DIRECTION ( 'NONE',  ( 0.8660254037844389297, -0.4999999999999996114, 0.000000000000000000 ) ) ;
#10155 = CARTESIAN_POINT ( 'NONE',  ( 19.18537501954790869, 3.150972326733975315, 28.77093538942816053 ) ) ;
#10156 = EDGE_CURVE ( 'NONE', #2367, #4277, #6010, .T. ) ;
#10157 = CARTESIAN_POINT ( 'NONE',  ( 0.008521484731877086022, 19.95959209828480141, 32.00000000000000000 ) ) ;
#10158 = VERTEX_POINT ( 'NONE', #318 ) ;
#10159 = CARTESIAN_POINT ( 'NONE',  ( -12.37007241577166106, 14.94709124517326337, 28.89692455547045213 ) ) ;
#10160 = CARTESIAN_POINT ( 'NONE',  ( -6.817884811785704713, -18.28369540324098708, 28.79953951812954926 ) ) ;
#10161 = EDGE_LOOP ( 'NONE', ( #8534, #7990, #445, #7129 ) ) ;
#10162 = DIRECTION ( 'NONE',  ( -1.000000000000000000, 0.000000000000000000, 0.000000000000000000 ) ) ;
#10163 = EDGE_CURVE ( 'NONE', #2082, #10380, #9876, .T. ) ;
#10164 = ORIENTED_EDGE ( 'NONE', *, *, #1595, .F. ) ;
#10165 = CARTESIAN_POINT ( 'NONE',  ( 42.76454612787576792, -5.100205573816938731, 7.000000000000000000 ) ) ;
#10166 = CARTESIAN_POINT ( 'NONE',  ( -19.01702388275577249, 3.121860905164607125, 28.97531966039865381 ) ) ;
#10167 = PLANE ( 'NONE',  #9566 ) ;
#10168 = CARTESIAN_POINT ( 'NONE',  ( 18.94379670647204250, 3.158176838147942700, 29.05250173569052308 ) ) ;
#10169 = EDGE_CURVE ( 'NONE', #2593, #5285, #9969, .T. ) ;
#10170 = CARTESIAN_POINT ( 'NONE',  ( 13.29539736716370157, 16.54604799605133891, 1.700000000000000178 ) ) ;
#10171 = CARTESIAN_POINT ( 'NONE',  ( -18.34138153684681782, -20.04040790171521280, 15.97060556896634864 ) ) ;
#10172 = CARTESIAN_POINT ( 'NONE',  ( -6.755208465036184329, -18.11523279263915143, 29.10820113491131877 ) ) ;
#10173 = CARTESIAN_POINT ( 'NONE',  ( 66.34884018471316836, -26.55165602610592401, 28.19999999999999929 ) ) ;
#10174 = AXIS2_PLACEMENT_3D ( 'NONE', #3192, #3299, #7214 ) ;
#10175 = ORIENTED_EDGE ( 'NONE', *, *, #2942, .T. ) ;
#10176 = CARTESIAN_POINT ( 'NONE',  ( 20.40505407550331185, 3.778616658142472939, 29.32189361210919287 ) ) ;
#10177 = VERTEX_POINT ( 'NONE', #10128 ) ;
#10178 = CARTESIAN_POINT ( 'NONE',  ( -19.24903390400096015, 2.748830635222224927, 28.45482150165902269 ) ) ;
#10179 = CARTESIAN_POINT ( 'NONE',  ( 18.73804737282514310, 3.519101658430713986, 28.30000000000000071 ) ) ;
#10180 = DIRECTION ( 'NONE',  ( 1.000000000000000000, 0.000000000000000000, 0.000000000000000000 ) ) ;
#10181 = CARTESIAN_POINT ( 'NONE',  ( 19.32466578043197458, 3.003588307338741714, 28.57541295217090749 ) ) ;
#10182 = DIRECTION ( 'NONE',  ( -0.8660254037844389297, 0.4999999999999996114, -0.000000000000000000 ) ) ;
#10183 = CARTESIAN_POINT ( 'NONE',  ( 12.10975672110860302, 15.39963783453756285, 1.700000000000001510 ) ) ;
#10184 = SPHERICAL_SURFACE ( 'NONE', #3944, 0.2000000000000000111 ) ;
#10185 = CARTESIAN_POINT ( 'NONE',  ( 7.184948487027194020, -18.25006240425701165, 28.52834222041965617 ) ) ;
#10186 = VECTOR ( 'NONE', #188, 1000.000000000000000 ) ;
#10187 = CIRCLE ( 'NONE', #4548, 0.1999999999999992617 ) ;
#10188 = ORIENTED_EDGE ( 'NONE', *, *, #3109, .T. ) ;
#10189 = DIRECTION ( 'NONE',  ( 0.000000000000000000, -1.000000000000000000, 0.000000000000000000 ) ) ;
#10190 = EDGE_CURVE ( 'NONE', #6394, #1138, #1160, .T. ) ;
#10191 = CARTESIAN_POINT ( 'NONE',  ( -25.98076211353316367, -14.99999999999999467, 5.000000000000000000 ) ) ;
#10192 = CARTESIAN_POINT ( 'NONE',  ( 12.12706540167240199, 15.49987477159733729, 28.49465573191012169 ) ) ;
#10193 = ORIENTED_EDGE ( 'NONE', *, *, #10538, .T. ) ;
#10194 = DIRECTION ( 'NONE',  ( 1.101697372407250679E-15, -1.000000000000000000, -0.000000000000000000 ) ) ;
#10195 = ORIENTED_EDGE ( 'NONE', *, *, #9106, .T. ) ;
#10196 = CARTESIAN_POINT ( 'NONE',  ( -12.29385403642756636, 15.18235983073092399, 28.56996362080671048 ) ) ;
#10197 = EDGE_LOOP ( 'NONE', ( #2173, #8900, #7467, #1218, #3467, #5184 ) ) ;
#10198 = ORIENTED_EDGE ( 'NONE', *, *, #2157, .T. ) ;
#10199 = EDGE_CURVE ( 'NONE', #8688, #9076, #5267, .T. ) ;
#10200 = EDGE_LOOP ( 'NONE', ( #2440, #3670, #4524, #920, #1832, #6739 ) ) ;
#10201 = CARTESIAN_POINT ( 'NONE',  ( -7.255049187298578950, -84.42798937697750716, 3.500000000000000000 ) ) ;
#10202 = CARTESIAN_POINT ( 'NONE',  ( 7.329375709731972499, -18.04040790171481135, 1.700000000000000178 ) ) ;
#10203 = CARTESIAN_POINT ( 'NONE',  ( 19.22970261573088990, 3.151336941724831586, 28.75676378181030302 ) ) ;
#10204 = AXIS2_PLACEMENT_3D ( 'NONE', #2779, #2670, #5942 ) ;
#10205 = DIRECTION ( 'NONE',  ( -0.8660254037844389297, 0.4999999999999996114, -0.000000000000000000 ) ) ;
#10206 = CARTESIAN_POINT ( 'NONE',  ( -6.775333374800866615, -18.32767642020609955, 29.04799146136921451 ) ) ;
#10207 = EDGE_LOOP ( 'NONE', ( #2285, #978, #2122, #5047 ) ) ;
#10208 = CARTESIAN_POINT ( 'NONE',  ( -12.38902147316739288, 14.95600483650511237, 28.94489586755517507 ) ) ;
#10209 = CARTESIAN_POINT ( 'NONE',  ( -6.831339530058857967, -18.26854819488623605, 28.76155448368990619 ) ) ;
#10210 = EDGE_CURVE ( 'NONE', #1888, #2960, #7919, .T. ) ;
#10211 = AXIS2_PLACEMENT_3D ( 'NONE', #8443, #9401, #9451 ) ;
#10212 = EDGE_LOOP ( 'NONE', ( #386, #4314, #8516, #4355, #7777 ) ) ;
#10213 = DIRECTION ( 'NONE',  ( 0.000000000000000000, 0.000000000000000000, 1.000000000000000000 ) ) ;
#10214 = ORIENTED_EDGE ( 'NONE', *, *, #1047, .F. ) ;
#10215 = EDGE_CURVE ( 'NONE', #2493, #4370, #10391, .T. ) ;
#10216 = CYLINDRICAL_SURFACE ( 'NONE', #4228, 0.5000000000000004441 ) ;
#10217 = CARTESIAN_POINT ( 'NONE',  ( -19.00658355486536522, 3.073572766054962102, 29.10275370526385785 ) ) ;
#10218 = DIRECTION ( 'NONE',  ( -1.000000000000000000, -1.101697372407250679E-15, 0.000000000000000000 ) ) ;
#10219 = CARTESIAN_POINT ( 'NONE',  ( 19.16616099044493993, 3.175608773265091056, 29.09602131302033001 ) ) ;
#10220 = FACE_OUTER_BOUND ( 'NONE', #1565, .T. ) ;
#10221 = CARTESIAN_POINT ( 'NONE',  ( -7.273376631444425477, -18.22751753749077608, 28.49959613129567160 ) ) ;
#10222 = EDGE_CURVE ( 'NONE', #6751, #7303, #8280, .T. ) ;
#10223 = AXIS2_PLACEMENT_3D ( 'NONE', #4238, #964, #7610 ) ;
#10224 = CARTESIAN_POINT ( 'NONE',  ( -6.816841222871767414, -18.16049847635744641, 29.23252710712267444 ) ) ;
#10225 = DIRECTION ( 'NONE',  ( -1.026956297778269800E-14, 1.000000000000000000, 0.000000000000000000 ) ) ;
#10226 = ORIENTED_EDGE ( 'NONE', *, *, #1372, .F. ) ;
#10227 = DIRECTION ( 'NONE',  ( 1.000000000000000000, 0.000000000000000000, 0.000000000000000000 ) ) ;
#10228 = ORIENTED_EDGE ( 'NONE', *, *, #7898, .T. ) ;
#10229 = CARTESIAN_POINT ( 'NONE',  ( -19.41452894621575354, 2.687940795684877759, 28.49834892183876889 ) ) ;
#10230 = DIRECTION ( 'NONE',  ( 3.190973401373109377E-16, 1.000000000000000000, 0.000000000000000000 ) ) ;
#10231 = LINE ( 'NONE', #426, #3345 ) ;
#10232 = CARTESIAN_POINT ( 'NONE',  ( 19.39307023630222915, 2.796653908075152906, 28.50083196644965966 ) ) ;
#10233 = CARTESIAN_POINT ( 'NONE',  ( 19.03644214952387870, 3.058024176958420437, 28.40307432367051277 ) ) ;
#10234 = DIRECTION ( 'NONE',  ( 1.000000000000000000, 1.387778780781445676E-15, 0.000000000000000000 ) ) ;
#10235 = DIRECTION ( 'NONE',  ( 0.000000000000000000, 0.000000000000000000, -1.000000000000000000 ) ) ;
#10236 = APPLICATION_CONTEXT ( 'automotive_design' ) ;
#10237 = CARTESIAN_POINT ( 'NONE',  ( 7.006585417526470572, -18.23702757077184700, 28.63062868190976573 ) ) ;
#10238 = AXIS2_PLACEMENT_3D ( 'NONE', #8051, #810, #9710 ) ;
#10239 = ORIENTED_EDGE ( 'NONE', *, *, #4655, .F. ) ;
#10240 = DIRECTION ( 'NONE',  ( 0.5000000000000004441, -0.8660254037844383745, 0.000000000000000000 ) ) ;
#10241 = CARTESIAN_POINT ( 'NONE',  ( -9.102223503503832802, 55.26510000294449299, 28.19999999999999929 ) ) ;
#10242 = CARTESIAN_POINT ( 'NONE',  ( 12.15196808162332864, 15.37767301410920950, 28.50611259769485883 ) ) ;
#10243 = ORIENTED_EDGE ( 'NONE', *, *, #1499, .T. ) ;
#10244 = DIRECTION ( 'NONE',  ( -1.000000000000000000, 0.000000000000000000, 0.000000000000000000 ) ) ;
#10245 = EDGE_CURVE ( 'NONE', #999, #5713, #2247, .T. ) ;
#10246 = AXIS2_PLACEMENT_3D ( 'NONE', #3055, #6929, #8529 ) ;
#10247 = ORIENTED_EDGE ( 'NONE', *, *, #8807, .F. ) ;
#10248 = CARTESIAN_POINT ( 'NONE',  ( -12.15125964694956728, 15.23925826663219496, 28.51120091408467161 ) ) ;
#10249 = ORIENTED_EDGE ( 'NONE', *, *, #4842, .T. ) ;
#10250 = AXIS2_PLACEMENT_3D ( 'NONE', #4249, #332, #6020 ) ;
#10251 = ADVANCED_FACE ( 'NONE', ( #2084 ), #2943, .F. ) ;
#10252 = AXIS2_PLACEMENT_3D ( 'NONE', #4666, #3047, #6271 ) ;
#10253 = ORIENTED_EDGE ( 'NONE', *, *, #7339, .F. ) ;
#10254 = FACE_OUTER_BOUND ( 'NONE', #5116, .T. ) ;
#10255 = VECTOR ( 'NONE', #5985, 1000.000000000000000 ) ;
#10256 = CARTESIAN_POINT ( 'NONE',  ( 7.529375709731974453, -18.24040790171480708, 28.30000000000000071 ) ) ;
#10257 = FACE_OUTER_BOUND ( 'NONE', #9668, .T. ) ;
#10258 = CARTESIAN_POINT ( 'NONE',  ( 19.21757664233869534, 3.150323580572691906, 28.76056851090176636 ) ) ;
#10259 = AXIS2_PLACEMENT_3D ( 'NONE', #10603, #3204, #683 ) ;
#10260 = FACE_OUTER_BOUND ( 'NONE', #1248, .T. ) ;
#10261 = CARTESIAN_POINT ( 'NONE',  ( -6.896696066141924319, -18.32767642020609955, 29.33294715574873024 ) ) ;
#10262 = ORIENTED_EDGE ( 'NONE', *, *, #9944, .T. ) ;
#10263 = CARTESIAN_POINT ( 'NONE',  ( -12.38547569422931716, 14.96212100068284556, 28.89455058477678051 ) ) ;
#10264 = CARTESIAN_POINT ( 'NONE',  ( -6.809051412438115847, -18.26052677061858631, 28.80547381357851222 ) ) ;
#10265 = VECTOR ( 'NONE', #4371, 1000.000000000000114 ) ;
#10266 = EDGE_CURVE ( 'NONE', #687, #4092, #2187, .T. ) ;
#10267 = ORIENTED_EDGE ( 'NONE', *, *, #5028, .T. ) ;
#10268 = ORIENTED_EDGE ( 'NONE', *, *, #3787, .F. ) ;
#10269 = DIRECTION ( 'NONE',  ( 0.8660254037844389297, -0.4999999999999996114, 0.000000000000000000 ) ) ;
#10270 = CARTESIAN_POINT ( 'NONE',  ( -19.22081929765740327, 3.116300225353382913, 28.84819618009002085 ) ) ;
#10271 = FACE_OUTER_BOUND ( 'NONE', #657, .T. ) ;
#10272 = CARTESIAN_POINT ( 'NONE',  ( 18.98831535341072652, 3.136881933799303468, 29.09610520691074242 ) ) ;
#10273 = CARTESIAN_POINT ( 'NONE',  ( -19.37749521570201594, 2.693466889334521497, 28.49628953726925573 ) ) ;
#10274 = CIRCLE ( 'NONE', #2916, 0.5000000000000004441 ) ;
#10275 = CARTESIAN_POINT ( 'NONE',  ( 20.77523192933501406, 3.990594502160992096, 28.69938302371408412 ) ) ;
#10276 = CARTESIAN_POINT ( 'NONE',  ( -6.709180428337858437, -18.03982014670587830, 29.08438622925540784 ) ) ;
#10277 = CARTESIAN_POINT ( 'NONE',  ( 23.79318993999364551, -25.04040790171517017, 0.000000000000000000 ) ) ;
#10278 = VERTEX_POINT ( 'NONE', #7116 ) ;
#10279 = CARTESIAN_POINT ( 'NONE',  ( 19.33655164035172902, 2.482461858527877485, 1.700000000000001510 ) ) ;
#10280 = EDGE_CURVE ( 'NONE', #962, #5132, #9546, .T. ) ;
#10281 = CARTESIAN_POINT ( 'NONE',  ( -4.321605534190315900, 22.45959209828479786, 0.000000000000000000 ) ) ;
#10282 = CIRCLE ( 'NONE', #2244, 0.2000000000000005107 ) ;
#10283 = ORIENTED_EDGE ( 'NONE', *, *, #9431, .F. ) ;
#10284 = CARTESIAN_POINT ( 'NONE',  ( -19.29585315483830854, 2.705283239787466876, 28.46873683747866934 ) ) ;
#10285 = LINE ( 'NONE', #10332, #2533 ) ;
#10286 = CARTESIAN_POINT ( 'NONE',  ( 19.37430611548444759, 2.850340856689849378, 28.51245277080070295 ) ) ;
#10287 = EDGE_CURVE ( 'NONE', #3084, #9439, #9890, .T. ) ;
#10288 = CARTESIAN_POINT ( 'NONE',  ( 12.10975672110860124, 15.39963783453756285, 1.700000000000001510 ) ) ;
#10289 = CARTESIAN_POINT ( 'NONE',  ( -12.25800699742127620, 14.79548483712227913, 29.02794623883423952 ) ) ;
#10290 = CARTESIAN_POINT ( 'NONE',  ( -7.086707599718530481, -18.11692953867720490, 28.45747881217728192 ) ) ;
#10291 = CARTESIAN_POINT ( 'NONE',  ( 13.80763292299727851, -42.33589999702859785, 7.000000000000000000 ) ) ;
#10292 = CARTESIAN_POINT ( 'NONE',  ( 6.886920245589831069, -18.20067183214139206, 28.72111991996031222 ) ) ;
#10293 = ORIENTED_EDGE ( 'NONE', *, *, #6357, .T. ) ;
#10294 = CARTESIAN_POINT ( 'NONE',  ( 56.99033417765470233, -13.31346813379172112, 7.000000000000000000 ) ) ;
#10295 = CARTESIAN_POINT ( 'NONE',  ( -25.98076211353316367, -14.99999999999999467, 0.1999999999999996503 ) ) ;
#10296 = CARTESIAN_POINT ( 'NONE',  ( 12.32703392316754609, 15.08592472635579185, 28.71914349759892104 ) ) ;
#10297 = VERTEX_POINT ( 'NONE', #7766 ) ;
#10298 = CARTESIAN_POINT ( 'NONE',  ( -7.255049187298578950, -84.42798937697750716, 3.500000000000000000 ) ) ;
#10299 = VERTEX_POINT ( 'NONE', #3804 ) ;
#10300 = CARTESIAN_POINT ( 'NONE',  ( -12.13905626768151258, 15.32770567158008745, 28.50088191899058643 ) ) ;
#10301 = VERTEX_POINT ( 'NONE', #6374 ) ;
#10302 = AXIS2_PLACEMENT_3D ( 'NONE', #6322, #5312, #1336 ) ;
#10303 = EDGE_LOOP ( 'NONE', ( #8678, #6937, #561, #488 ) ) ;
#10304 = FACE_OUTER_BOUND ( 'NONE', #5660, .T. ) ;
#10305 = EDGE_CURVE ( 'NONE', #6553, #1631, #5309, .T. ) ;
#10306 = DIRECTION ( 'NONE',  ( 1.000000000000000000, 0.000000000000000000, 0.000000000000000000 ) ) ;
#10307 = AXIS2_PLACEMENT_3D ( 'NONE', #3364, #99, #4976 ) ;
#10308 = CARTESIAN_POINT ( 'NONE',  ( 7.935714785157980344, 16.22929054052718811, 32.00000000000000000 ) ) ;
#10309 = CARTESIAN_POINT ( 'NONE',  ( 19.20615416217360760, 3.149973684024673037, 28.76424777521335585 ) ) ;
#10310 = CARTESIAN_POINT ( 'NONE',  ( -18.85995500004020187, 3.563514186831111985, 28.86184692011449116 ) ) ;
#10311 = CARTESIAN_POINT ( 'NONE',  ( -22.93340901608224058, -0.1769971528393877724, 28.20000000000000284 ) ) ;
#10312 = ORIENTED_EDGE ( 'NONE', *, *, #8408, .T. ) ;
#10313 = CARTESIAN_POINT ( 'NONE',  ( -12.35801255362505202, 14.99783369102243391, 28.76129741667629247 ) ) ;
#10314 = CARTESIAN_POINT ( 'NONE',  ( -6.784358899020204170, -18.21827536467628050, 28.81805929501380348 ) ) ;
#10315 = AXIS2_PLACEMENT_3D ( 'NONE', #3771, #5535, #4623 ) ;
#10316 = ORIENTED_EDGE ( 'NONE', *, *, #1127, .T. ) ;
#10317 = ORIENTED_EDGE ( 'NONE', *, *, #8388, .F. ) ;
#10318 = FACE_OUTER_BOUND ( 'NONE', #9263, .T. ) ;
#10319 = CIRCLE ( 'NONE', #5877, 0.2000000000000001221 ) ;
#10320 = CARTESIAN_POINT ( 'NONE',  ( -18.94056674647393024, 3.076341981228703393, 29.09515728097899867 ) ) ;
#10321 = DIRECTION ( 'NONE',  ( 1.000000000000000000, 0.000000000000000000, 0.000000000000000000 ) ) ;
#10322 = CARTESIAN_POINT ( 'NONE',  ( 19.26776363011184756, 3.176143224197220061, 29.24448553307179921 ) ) ;
#10323 = ADVANCED_FACE ( 'NONE', ( #9477 ), #2359, .T. ) ;
#10324 = CARTESIAN_POINT ( 'NONE',  ( 20.83107204394877243, 3.893876586549493091, 28.88431404857713858 ) ) ;
#10325 = CARTESIAN_POINT ( 'NONE',  ( -6.797890084380495246, -18.30612684267116563, 29.12167673825768333 ) ) ;
#10326 = CARTESIAN_POINT ( 'NONE',  ( 13.48857900324911263, 16.21144758726212842, 28.49953455754358345 ) ) ;
#10327 = CARTESIAN_POINT ( 'NONE',  ( 12.28321443373833688, 14.70753553998556917, 28.34963024200234827 ) ) ;
#10329 = EDGE_CURVE ( 'NONE', #4680, #7884, #8778, .T. ) ;
#10328 = CARTESIAN_POINT ( 'NONE',  ( 1.214615306565984409E-14, 38.06410000294339113, 0.000000000000000000 ) ) ;
#10330 = ORIENTED_EDGE ( 'NONE', *, *, #7381, .F. ) ;
#10331 = CARTESIAN_POINT ( 'NONE',  ( -19.24912291670328202, 2.727451888532133939, 28.44882740099237495 ) ) ;
#10332 = CARTESIAN_POINT ( 'NONE',  ( -17.31198659095686665, -15.04040790171521103, 32.00000000000000000 ) ) ;
#10333 = CARTESIAN_POINT ( 'NONE',  ( 19.42037380553781745, 2.875988801535496187, 28.51001498631006470 ) ) ;
#10334 = DIRECTION ( 'NONE',  ( -0.4999999999999966693, 0.8660254037844405950, -6.505213034913022660E-15 ) ) ;
#10335 = CARTESIAN_POINT ( 'NONE',  ( -12.36932151644883326, 14.96073985411249652, 29.12109540609286285 ) ) ;
#10336 = DIRECTION ( 'NONE',  ( 0.8660254037844382635, 0.5000000000000008882, -0.000000000000000000 ) ) ;
#10337 = CARTESIAN_POINT ( 'NONE',  ( 13.29539736716370513, 16.54604799605133891, 28.30000000000000071 ) ) ;
#10338 = CARTESIAN_POINT ( 'NONE',  ( 7.142988122255784056, -18.30818160910354919, 28.55459294696856887 ) ) ;
#10339 = EDGE_CURVE ( 'NONE', #2334, #6723, #10285, .T. ) ;
#10340 = ORIENTED_EDGE ( 'NONE', *, *, #8034, .T. ) ;
#10341 = SPHERICAL_SURFACE ( 'NONE', #9732, 0.2000000000000000111 ) ;
#10342 = ADVANCED_FACE ( 'NONE', ( #1233 ), #6319, .F. ) ;
#10343 = DIRECTION ( 'NONE',  ( -0.000000000000000000, -0.000000000000000000, -1.000000000000000000 ) ) ;
#10344 = CARTESIAN_POINT ( 'NONE',  ( -19.26266730013069406, 3.120355532327253378, 28.82827461229125987 ) ) ;
#10345 = CARTESIAN_POINT ( 'NONE',  ( 12.29967413040609792, 15.17984695530240202, 28.61932281902517516 ) ) ;
#10346 = ORIENTED_EDGE ( 'NONE', *, *, #1834, .F. ) ;
#10347 = CARTESIAN_POINT ( 'NONE',  ( 25.98076211353316722, -14.99999999999999467, 5.000000000000000000 ) ) ;
#10348 = ORIENTED_EDGE ( 'NONE', *, *, #3342, .F. ) ;
#10349 = CARTESIAN_POINT ( 'NONE',  ( -12.14072049043828727, 15.32857285314777585, 28.50083196644966321 ) ) ;
#10350 = CIRCLE ( 'NONE', #8304, 1.099999999999999645 ) ;
#10351 = ADVANCED_FACE ( 'NONE', ( #3701, #6967, #2892, #6169, #5359 ), #8620, .F. ) ;
#10352 = ORIENTED_EDGE ( 'NONE', *, *, #2974, .F. ) ;
#10353 = EDGE_CURVE ( 'NONE', #8341, #10502, #3810, .T. ) ;
#10354 = EDGE_LOOP ( 'NONE', ( #7833, #9586, #7407, #4892 ) ) ;
#10355 = CARTESIAN_POINT ( 'NONE',  ( -7.274305630064772821, -18.32767642020610310, 28.49996611647303624 ) ) ;
#10356 = AXIS2_PLACEMENT_3D ( 'NONE', #5649, #8100, #8262 ) ;
#10357 = CYLINDRICAL_SURFACE ( 'NONE', #5339, 0.5000000000000000000 ) ;
#10358 = CARTESIAN_POINT ( 'NONE',  ( 19.22348031427754123, 3.169991639588754850, 28.79896438887289278 ) ) ;
#10359 = ORIENTED_EDGE ( 'NONE', *, *, #10389, .F. ) ;
#10360 = DIRECTION ( 'NONE',  ( 1.101697372407250679E-15, -1.000000000000000000, -0.000000000000000000 ) ) ;
#10361 = DIRECTION ( 'NONE',  ( 6.123233995736761105E-17, 1.060575238724907285E-16, 1.000000000000000000 ) ) ;
#10362 = ORIENTED_EDGE ( 'NONE', *, *, #9106, .F. ) ;
#10363 = CARTESIAN_POINT ( 'NONE',  ( -12.35516527610841209, 14.99330622067296126, 28.76301258469641553 ) ) ;
#10364 = CARTESIAN_POINT ( 'NONE',  ( -6.890054703087201915, -18.24677756932972628, 28.66125330968742801 ) ) ;
#10365 = ORIENTED_EDGE ( 'NONE', *, *, #10454, .F. ) ;
#10366 = ORIENTED_EDGE ( 'NONE', *, *, #9703, .T. ) ;
#10367 = CARTESIAN_POINT ( 'NONE',  ( -18.76025941512615702, 3.451109983602373976, 28.30000000000000071 ) ) ;
#10368 = CARTESIAN_POINT ( 'NONE',  ( -19.13108461026098084, 3.113598571601696285, 28.98227330072122498 ) ) ;
#10369 = CARTESIAN_POINT ( 'NONE',  ( -12.70722842964462629, 14.62184713645554091, 28.92845686198178612 ) ) ;
#10370 = CARTESIAN_POINT ( 'NONE',  ( 19.14888948231703480, 3.169521674053062288, 29.09551700648208694 ) ) ;
#10371 = CARTESIAN_POINT ( 'NONE',  ( -7.163330617449823023, -18.23201399153584745, 28.51172639627513306 ) ) ;
#10372 = CARTESIAN_POINT ( 'NONE',  ( 20.74082119588013740, 4.051021538231662333, 28.79185873982643784 ) ) ;
#10373 = DIRECTION ( 'NONE',  ( -0.000000000000000000, -0.000000000000000000, 1.000000000000000000 ) ) ;
#10374 = CARTESIAN_POINT ( 'NONE',  ( -6.774469916221086407, -18.22814749790982347, 29.04663559663380212 ) ) ;
#10375 = CARTESIAN_POINT ( 'NONE',  ( -11.97406470607840845, 14.70426426802675479, 29.23849492710514042 ) ) ;
#10376 = CIRCLE ( 'NONE', #2164, 2.500000000000007550 ) ;
#10377 = DIRECTION ( 'NONE',  ( -0.000000000000000000, -0.000000000000000000, -1.000000000000000000 ) ) ;
#10378 = EDGE_CURVE ( 'NONE', #246, #970, #9030, .T. ) ;
#10379 = CARTESIAN_POINT ( 'NONE',  ( 7.263230142843042358, -18.31012240667589808, 28.50499166098389381 ) ) ;
#10380 = VERTEX_POINT ( 'NONE', #9791 ) ;
#10381 = DIRECTION ( 'NONE',  ( 0.8660254037844389297, -0.4999999999999996114, 0.000000000000000000 ) ) ;
#10382 = DIRECTION ( 'NONE',  ( 1.000000000000000000, 0.000000000000000000, 0.000000000000000000 ) ) ;
#10383 = CARTESIAN_POINT ( 'NONE',  ( 19.34541004413733489, 2.844496879341397833, 28.51155979876790525 ) ) ;
#10384 = AXIS2_PLACEMENT_3D ( 'NONE', #4456, #2797, #1180 ) ;
#10385 = CARTESIAN_POINT ( 'NONE',  ( 19.19591314848468855, 2.868660660026626452, 28.45309165528613704 ) ) ;
#10386 = CARTESIAN_POINT ( 'NONE',  ( -12.36182661085504542, 14.94769583720067629, 29.09616697309182953 ) ) ;
#10387 = CARTESIAN_POINT ( 'NONE',  ( -19.21407220144767791, 2.901887689437343543, 29.39427216176076385 ) ) ;
#10388 = LINE ( 'NONE', #5412, #1895 ) ;
#10389 = EDGE_CURVE ( 'NONE', #10278, #2259, #6527, .T. ) ;
#10390 = CARTESIAN_POINT ( 'NONE',  ( 6.840712814181547863, -18.17765460909349073, 28.98093516058342090 ) ) ;
#10391 = CIRCLE ( 'NONE', #8517, 1.300000000000000266 ) ;
#10392 = ORIENTED_EDGE ( 'NONE', *, *, #7977, .T. ) ;
#10393 = DIRECTION ( 'NONE',  ( -0.000000000000000000, -0.000000000000000000, -1.000000000000000000 ) ) ;
#10394 = B_SPLINE_CURVE_WITH_KNOTS ( 'NONE', 3,
 ( #8895, #9749, #1498, #7340 ),
 .UNSPECIFIED., .F., .F.,
 ( 4, 4 ),
 ( 0.000000000000000000, 1.000000000000000000 ),
 .UNSPECIFIED. ) ;
#10395 = FACE_OUTER_BOUND ( 'NONE', #8150, .T. ) ;
#10396 = DIRECTION ( 'NONE',  ( 0.5000000000000012212, -0.8660254037844379305, 0.000000000000000000 ) ) ;
#10397 = CARTESIAN_POINT ( 'NONE',  ( 12.13353980590774839, 15.34082493723818708, 28.50704837560094163 ) ) ;
#10398 = ORIENTED_EDGE ( 'NONE', *, *, #7432, .T. ) ;
#10399 = CYLINDRICAL_SURFACE ( 'NONE', #4166, 2.500000000000007994 ) ;
#10400 = ADVANCED_FACE ( 'NONE', ( #5729 ), #786, .T. ) ;
#10401 = AXIS2_PLACEMENT_3D ( 'NONE', #8669, #4557, #476 ) ;
#10402 = ORIENTED_EDGE ( 'NONE', *, *, #10353, .T. ) ;
#10403 = CARTESIAN_POINT ( 'NONE',  ( -12.17605168655632397, 15.34628143654362020, 28.50088384319749579 ) ) ;
#10404 = EDGE_CURVE ( 'NONE', #6096, #3822, #8526, .T. ) ;
#10405 = EDGE_CURVE ( 'NONE', #526, #8568, #8183, .T. ) ;
#10406 = ORIENTED_EDGE ( 'NONE', *, *, #6372, .F. ) ;
#10407 = ORIENTED_EDGE ( 'NONE', *, *, #9569, .T. ) ;
#10408 = PLANE ( 'NONE',  #9047 ) ;
#10409 = AXIS2_PLACEMENT_3D ( 'NONE', #9616, #2381, #5755 ) ;
#10410 = DIRECTION ( 'NONE',  ( 0.5000000000000016653, -0.8660254037844377084, 0.000000000000000000 ) ) ;
#10411 = CARTESIAN_POINT ( 'NONE',  ( 6.660462879032445827, -18.04530627142358767, 28.35285573610611820 ) ) ;
#10412 = CARTESIAN_POINT ( 'NONE',  ( 19.27889864004908915, 3.075492810891506057, 28.64046918041905698 ) ) ;
#10413 = VECTOR ( 'NONE', #7621, 1000.000000000000114 ) ;
#10414 = ORIENTED_EDGE ( 'NONE', *, *, #8313, .T. ) ;
#10415 = AXIS2_PLACEMENT_3D ( 'NONE', #3766, #7778, #9488 ) ;
#10416 = CARTESIAN_POINT ( 'NONE',  ( 22.91119697378132614, -0.1090054780111490151, 7.499999999999999112 ) ) ;
#10417 = CARTESIAN_POINT ( 'NONE',  ( 7.343012437561156069, -18.31012240788766832, 28.49953455754358345 ) ) ;
#10418 = CIRCLE ( 'NONE', #4939, 4.999999999999997335 ) ;
#10419 = ORIENTED_EDGE ( 'NONE', *, *, #3121, .F. ) ;
#10420 = CARTESIAN_POINT ( 'NONE',  ( -12.36620119758423009, 15.00975082675165240, 28.75676378181018578 ) ) ;
#10421 = CARTESIAN_POINT ( 'NONE',  ( -6.909126106767028652, -18.32767642020609955, 28.66478519012851578 ) ) ;
#10422 = AXIS2_PLACEMENT_3D ( 'NONE', #637, #3920, #8945 ) ;
#10423 = ORIENTED_EDGE ( 'NONE', *, *, #4842, .F. ) ;
#10424 = ORIENTED_EDGE ( 'NONE', *, *, #8264, .T. ) ;
#10425 = AXIS2_PLACEMENT_3D ( 'NONE', #9968, #1021, #2741 ) ;
#10426 = CIRCLE ( 'NONE', #6487, 0.1999999999999987899 ) ;
#10427 = DIRECTION ( 'NONE',  ( 0.000000000000000000, 0.000000000000000000, 1.000000000000000000 ) ) ;
#10428 = CARTESIAN_POINT ( 'NONE',  ( -19.35909891521229653, 2.947482266223039993, 29.41778643567228357 ) ) ;
#10429 = DIRECTION ( 'NONE',  ( -1.000000000000000000, 0.000000000000000000, 0.000000000000000000 ) ) ;
#10430 = CARTESIAN_POINT ( 'NONE',  ( 19.08198134063613338, 3.163496612004601971, 29.04435609168754340 ) ) ;
#10431 = TOROIDAL_SURFACE ( 'NONE', #1199, 1.299999999999999378, 0.2000000000000000111 ) ;
#10432 = CARTESIAN_POINT ( 'NONE',  ( -7.056450675378432180, -18.17344655987138680, 28.50524347393889357 ) ) ;
#10433 = CARTESIAN_POINT ( 'NONE',  ( 20.50497954578509407, 3.956118759889658776, 28.98067628409770435 ) ) ;
#10434 = DIRECTION ( 'NONE',  ( 0.000000000000000000, 0.000000000000000000, -1.000000000000000000 ) ) ;
#10435 = CARTESIAN_POINT ( 'NONE',  ( -6.786878123989255940, -18.25084132268043291, 29.09622363287613567 ) ) ;
#10436 = CARTESIAN_POINT ( 'NONE',  ( -12.09994800315688046, 14.97311949009099941, 29.36598323523340781 ) ) ;
#10437 = CARTESIAN_POINT ( 'NONE',  ( 21.16860244792060541, 3.309256777770989810, 1.700000000000001510 ) ) ;
#10438 = DIRECTION ( 'NONE',  ( -0.8660254037844389297, 0.4999999999999996114, -0.000000000000000000 ) ) ;
#10439 = CARTESIAN_POINT ( 'NONE',  ( -19.43347679406672768, 2.702783847602564737, 28.49871764232139526 ) ) ;
#10440 = VECTOR ( 'NONE', #2252, 1000.000000000000000 ) ;
#10441 = ADVANCED_FACE ( 'NONE', ( #8932 ), #6469, .T. ) ;
#10442 = CARTESIAN_POINT ( 'NONE',  ( 12.28672223603878599, 17.99322401248544878, 31.90173821473731763 ) ) ;
#10443 = CARTESIAN_POINT ( 'NONE',  ( 19.36427352314484907, 2.786596076556685730, 28.49834978833301946 ) ) ;
#10444 = CARTESIAN_POINT ( 'NONE',  ( -12.00585446152235036, 14.15008253813920902, 28.29999999999999716 ) ) ;
#10445 = CARTESIAN_POINT ( 'NONE',  ( -12.26287106487973944, 14.85456650458461958, 29.10820113491165628 ) ) ;
#10446 = CARTESIAN_POINT ( 'NONE',  ( 19.40975672110861439, 2.755666939284761696, 1.500000000000001332 ) ) ;
#10447 = DIRECTION ( 'NONE',  ( 0.8660254037844383745, 0.5000000000000003331, 0.000000000000000000 ) ) ;
#10448 = CARTESIAN_POINT ( 'NONE',  ( 6.970002773528687356, -18.33668152655358341, 29.30532670196321021 ) ) ;
#10449 = VERTEX_POINT ( 'NONE', #4064 ) ;
#10450 = DIRECTION ( 'NONE',  ( 1.000000000000000000, 0.000000000000000000, 0.000000000000000000 ) ) ;
#10451 = DIRECTION ( 'NONE',  ( -0.8660254037844405950, -0.4999999999999966693, 0.000000000000000000 ) ) ;
#10452 = FACE_OUTER_BOUND ( 'NONE', #7880, .T. ) ;
#10453 = CARTESIAN_POINT ( 'NONE',  ( 12.18817954851917840, 14.82456496545162850, 29.09656761311826756 ) ) ;
#10454 = EDGE_CURVE ( 'NONE', #9720, #6849, #8685, .T. ) ;
#10455 = DIRECTION ( 'NONE',  ( -0.000000000000000000, -0.000000000000000000, 1.000000000000000000 ) ) ;
#10456 = VERTEX_POINT ( 'NONE', #4121 ) ;
#10457 = CARTESIAN_POINT ( 'NONE',  ( -12.07926823817446405, 15.33090362071749801, 28.49483732229388622 ) ) ;
#10458 = ORIENTED_EDGE ( 'NONE', *, *, #4339, .T. ) ;
#10459 = ORIENTED_EDGE ( 'NONE', *, *, #74, .T. ) ;
#10460 = LINE ( 'NONE', #3722, #3056 ) ;
#10461 = FACE_OUTER_BOUND ( 'NONE', #5834, .T. ) ;
#10462 = DIRECTION ( 'NONE',  ( -0.000000000000000000, 0.000000000000000000, 1.000000000000000000 ) ) ;
#10463 = EDGE_LOOP ( 'NONE', ( #4059, #5693, #7863, #6668 ) ) ;
#10464 = AXIS2_PLACEMENT_3D ( 'NONE', #19, #7521, #3335 ) ;
#10465 = CARTESIAN_POINT ( 'NONE',  ( -6.881392653515147728, -20.04040790171519859, 28.70272410868598811 ) ) ;
#10466 = CARTESIAN_POINT ( 'NONE',  ( -29.15463627111944334, -9.036483793191512959, 11.13368473831820893 ) ) ;
#10467 = CARTESIAN_POINT ( 'NONE',  ( 6.875750160461780780, -19.91196029388001421, 29.04889372320863927 ) ) ;
#10468 = VERTEX_POINT ( 'NONE', #4760 ) ;
#10469 = CARTESIAN_POINT ( 'NONE',  ( -12.34881806071761723, 14.98202846177546910, 28.76722666724756294 ) ) ;
#10470 = CARTESIAN_POINT ( 'NONE',  ( -6.873869062691878362, -18.26032180155185358, 28.68973844299832621 ) ) ;
#10471 = ORIENTED_EDGE ( 'NONE', *, *, #333, .F. ) ;
#10472 = VERTEX_POINT ( 'NONE', #7383 ) ;
#10473 = AXIS2_PLACEMENT_3D ( 'NONE', #8296, #5842, #4229 ) ;
#10474 = AXIS2_PLACEMENT_3D ( 'NONE', #71, #10567, #7356 ) ;
#10475 = EDGE_CURVE ( 'NONE', #6927, #22, #4422, .T. ) ;
#10476 = DIRECTION ( 'NONE',  ( -0.4999999999999996114, -0.8660254037844389297, 0.000000000000000000 ) ) ;
#10477 = CARTESIAN_POINT ( 'NONE',  ( -19.15729387211982271, 2.941148192026779018, 29.34668585641495042 ) ) ;
#10478 = CARTESIAN_POINT ( 'NONE',  ( -12.14094186208837556, 15.00853479755247299, 28.42884216425967381 ) ) ;
#10479 = EDGE_CURVE ( 'NONE', #4170, #9659, #8347, .T. ) ;
#10480 = CARTESIAN_POINT ( 'NONE',  ( 19.17310672062849974, 3.189095206303187879, 29.02138154749652799 ) ) ;
#10481 = CARTESIAN_POINT ( 'NONE',  ( -7.170962311327730099, -18.25795265678134882, 28.51237153934257051 ) ) ;
#10482 = FACE_OUTER_BOUND ( 'NONE', #9198, .T. ) ;
#10483 = CARTESIAN_POINT ( 'NONE',  ( -9.746095424604677149, 33.06410000294339824, 0.000000000000000000 ) ) ;
#10484 = CIRCLE ( 'NONE', #4837, 0.5000000000000007772 ) ;
#10485 = CARTESIAN_POINT ( 'NONE',  ( -6.787737325494081375, -18.25711953480790584, 29.09631122522175062 ) ) ;
#10486 = LINE ( 'NONE', #5456, #3788 ) ;
#10487 = CARTESIAN_POINT ( 'NONE',  ( -18.82047468757060571, 2.887903993452070939, 29.25474978903323731 ) ) ;
#10488 = EDGE_CURVE ( 'NONE', #4479, #6563, #5779, .T. ) ;
#10489 = CIRCLE ( 'NONE', #3827, 2.500000000000003553 ) ;
#10490 = CARTESIAN_POINT ( 'NONE',  ( 7.343012437561156069, -18.31012240788766832, 28.49953455754358345 ) ) ;
#10491 = ADVANCED_FACE ( 'NONE', ( #6472 ), #4108, .F. ) ;
#10492 = AXIS2_PLACEMENT_3D ( 'NONE', #442, #7829, #2260 ) ;
#10493 = CARTESIAN_POINT ( 'NONE',  ( -19.23457550175775665, 2.796870500372895751, 28.46293096899449893 ) ) ;
#10494 = DIRECTION ( 'NONE',  ( 0.8660254037844380415, 0.5000000000000008882, -0.000000000000000000 ) ) ;
#10495 = AXIS2_PLACEMENT_3D ( 'NONE', #1983, #6005, #9264 ) ;
#10496 = DIRECTION ( 'NONE',  ( 0.8660254037844377084, -0.5000000000000016653, 0.000000000000000000 ) ) ;
#10497 = CARTESIAN_POINT ( 'NONE',  ( -12.11356797664488028, 15.36351725728515838, 28.30000000000000071 ) ) ;
#10498 = CARTESIAN_POINT ( 'NONE',  ( -12.29314207917697033, 14.86240455499639346, 29.04289563912259808 ) ) ;
#10499 = DIRECTION ( 'NONE',  ( 0.000000000000000000, 0.000000000000000000, -1.000000000000000000 ) ) ;
#10500 = CARTESIAN_POINT ( 'NONE',  ( -8.526487077917064283, 15.17652362474139061, 28.19999999999999929 ) ) ;
#10501 = B_SPLINE_CURVE_WITH_KNOTS ( 'NONE', 3,
 ( #1871, #10064, #8508, #6056 ),
 .UNSPECIFIED., .F., .F.,
 ( 4, 4 ),
 ( 0.000000000000000000, 1.000000000000000000 ),
 .UNSPECIFIED. ) ;
#10502 = VERTEX_POINT ( 'NONE', #2508 ) ;
#10503 = LINE ( 'NONE', #3161, #8027 ) ;
#10504 = CARTESIAN_POINT ( 'NONE',  ( 28.79318993999365262, -24.66274253330536226, 7.096841937228509423 ) ) ;
#10505 = CARTESIAN_POINT ( 'NONE',  ( -7.270624290268027146, -18.04040790171495701, 28.30000000000000071 ) ) ;
#10506 = CARTESIAN_POINT ( 'NONE',  ( -7.620066784728247278, 26.74648962555593457, 14.93672475471150562 ) ) ;
#10507 = CARTESIAN_POINT ( 'NONE',  ( 12.06776852304037995, 14.79002010284667357, 29.19898991900424789 ) ) ;
#10508 = DIRECTION ( 'NONE',  ( -8.673617379884087537E-15, 1.000000000000000000, 0.000000000000000000 ) ) ;
#10509 = ORIENTED_EDGE ( 'NONE', *, *, #9693, .F. ) ;
#10510 = CARTESIAN_POINT ( 'NONE',  ( -12.15214166274522967, 15.33437947358212128, 28.50085351100425513 ) ) ;
#10511 = EDGE_LOOP ( 'NONE', ( #6081, #7986, #4863, #2371 ) ) ;
#10512 = EDGE_CURVE ( 'NONE', #8745, #2015, #6235, .T. ) ;
#10513 = ORIENTED_EDGE ( 'NONE', *, *, #9934, .F. ) ;
#10514 = CARTESIAN_POINT ( 'NONE',  ( -5.030931250406583288, 31.34627499865986522, 10.42541267490602408 ) ) ;
#10515 = DIRECTION ( 'NONE',  ( -1.000000000000000000, 0.000000000000000000, 0.000000000000000000 ) ) ;
#10516 = CARTESIAN_POINT ( 'NONE',  ( -11.50222350350320077, -20.04040790171520570, 7.499999999999999112 ) ) ;
#10517 = ORIENTED_EDGE ( 'NONE', *, *, #10153, .T. ) ;
#10518 = CIRCLE ( 'NONE', #5221, 1.300000000000001155 ) ;
#10519 = DIRECTION ( 'NONE',  ( 0.5000000000000007772, -0.8660254037844381525, 0.000000000000000000 ) ) ;
#10520 = DIRECTION ( 'NONE',  ( -1.000000000000000000, -1.334402673828312452E-15, 0.000000000000000000 ) ) ;
#10521 = CARTESIAN_POINT ( 'NONE',  ( -7.957926827459004926, 16.16129886569885343, 32.00000000000000000 ) ) ;
#10522 = ORIENTED_EDGE ( 'NONE', *, *, #8617, .T. ) ;
#10523 = CARTESIAN_POINT ( 'NONE',  ( -12.36911090762638743, 15.01360803813789424, 28.75530951536646285 ) ) ;
#10524 = CARTESIAN_POINT ( 'NONE',  ( -6.894700876163743608, -18.28779443993645160, 28.67601094394471062 ) ) ;
#10525 = ADVANCED_FACE ( 'NONE', ( #8133 ), #1709, .F. ) ;
#10526 = ORIENTED_EDGE ( 'NONE', *, *, #3270, .T. ) ;
#10527 = CIRCLE ( 'NONE', #2656, 4.999999999999997335 ) ;
#10528 = ORIENTED_EDGE ( 'NONE', *, *, #7271, .F. ) ;
#10529 = CIRCLE ( 'NONE', #8815, 0.2000000000000005107 ) ;
#10530 = B_SPLINE_CURVE_WITH_KNOTS ( 'NONE', 3,
 ( #3180, #9379, #8524, #378 ),
 .UNSPECIFIED., .F., .F.,
 ( 4, 4 ),
 ( 0.000000000000000000, 0.0003526191071291374089 ),
 .UNSPECIFIED. ) ;
#10531 = CYLINDRICAL_SURFACE ( 'NONE', #6283, 1.100000000000002309 ) ;
#10532 = CARTESIAN_POINT ( 'NONE',  ( -19.35777028854990789, 3.002220961450094538, 29.38716950990243504 ) ) ;
#10533 = DIRECTION ( 'NONE',  ( 1.000000000000000000, 0.000000000000000000, 0.000000000000000000 ) ) ;
#10534 = CARTESIAN_POINT ( 'NONE',  ( 19.13872096842981207, 3.175475121321063465, 29.04656687735576881 ) ) ;
#10535 = CARTESIAN_POINT ( 'NONE',  ( -7.223700057702714616, -18.22264354712615031, 28.49937737617141664 ) ) ;
#10536 = FACE_OUTER_BOUND ( 'NONE', #8211, .T. ) ;
#10537 = DIRECTION ( 'NONE',  ( -1.000000000000000000, 0.000000000000000000, 0.000000000000000000 ) ) ;
#10538 = EDGE_CURVE ( 'NONE', #5790, #2606, #4176, .T. ) ;
#10539 = CARTESIAN_POINT ( 'NONE',  ( -6.786539857408373955, -18.24855120560544819, 29.09618495413721462 ) ) ;
#10540 = CARTESIAN_POINT ( 'NONE',  ( -12.25446695529630148, 15.01937413457273252, 29.33720028208099961 ) ) ;
#10541 = EDGE_CURVE ( 'NONE', #4033, #4956, #3042, .T. ) ;
#10542 = EDGE_CURVE ( 'NONE', #1808, #4821, #812, .T. ) ;
#10543 = DIRECTION ( 'NONE',  ( 1.000000000000000000, 0.000000000000000000, 0.000000000000000000 ) ) ;
#10544 = CARTESIAN_POINT ( 'NONE',  ( -19.47715981062010115, 2.726644615543261541, 28.49847869478344009 ) ) ;
#10545 = DIRECTION ( 'NONE',  ( 0.000000000000000000, 0.000000000000000000, -1.000000000000000000 ) ) ;
#10546 = CARTESIAN_POINT ( 'NONE',  ( 19.46771306351783437, 2.784877204130709050, 28.49996611647302913 ) ) ;
#10547 = CARTESIAN_POINT ( 'NONE',  ( 13.68556365594479018, 15.78400187908585828, 28.95401938936056041 ) ) ;
#10548 = CARTESIAN_POINT ( 'NONE',  ( 21.71119697378135527, 1.969455491071525621, 7.499999999999999112 ) ) ;
#10549 = DIRECTION ( 'NONE',  ( 1.000000000000000000, 0.000000000000000000, 0.000000000000000000 ) ) ;
#10550 = CARTESIAN_POINT ( 'NONE',  ( 23.79318993999363840, -20.04040790171516306, 0.000000000000000000 ) ) ;
#10551 = CARTESIAN_POINT ( 'NONE',  ( 12.05328176879519830, 15.36703200561694693, 28.48906993330934156 ) ) ;
#10552 = VECTOR ( 'NONE', #9774, 999.9999999999998863 ) ;
#10553 = ORIENTED_EDGE ( 'NONE', *, *, #10541, .T. ) ;
#10554 = LINE ( 'NONE', #6587, #1874 ) ;
#10555 = DIRECTION ( 'NONE',  ( 1.000000000000000000, 0.000000000000000000, 0.000000000000000000 ) ) ;
#10556 = CARTESIAN_POINT ( 'NONE',  ( -22.28340901608224200, 0.9488358720803822255, 28.20000000000000284 ) ) ;
#10557 = DIRECTION ( 'NONE',  ( 0.000000000000000000, 0.000000000000000000, 1.000000000000000000 ) ) ;
#10558 = CARTESIAN_POINT ( 'NONE',  ( 12.13056145335122338, 15.09931742421697543, 29.38439518621645163 ) ) ;
#10559 = DIRECTION ( 'NONE',  ( 1.000000000000000000, 0.000000000000000000, 0.000000000000000000 ) ) ;
#10560 = ORIENTED_EDGE ( 'NONE', *, *, #4975, .F. ) ;
#10561 = CARTESIAN_POINT ( 'NONE',  ( -12.11021445762498949, 15.36581641944660426, 28.49996105544747138 ) ) ;
#10562 = CIRCLE ( 'NONE', #4066, 1.299999999999999378 ) ;
#10563 = ORIENTED_EDGE ( 'NONE', *, *, #1324, .T. ) ;
#10564 = ORIENTED_EDGE ( 'NONE', *, *, #7065, .F. ) ;
#10565 = CARTESIAN_POINT ( 'NONE',  ( 12.11533809113191751, 13.98997061808132614, 28.72500000000000497 ) ) ;
#10566 = DIRECTION ( 'NONE',  ( -0.000000000000000000, 0.000000000000000000, -1.000000000000000000 ) ) ;
#10567 = DIRECTION ( 'NONE',  ( -0.000000000000000000, -0.000000000000000000, -1.000000000000000000 ) ) ;
#10568 = EDGE_CURVE ( 'NONE', #526, #2209, #7151, .T. ) ;
#10569 = ORIENTED_EDGE ( 'NONE', *, *, #803, .F. ) ;
#10570 = CARTESIAN_POINT ( 'NONE',  ( 34.41339725749421774, -8.678640315854829979, 7.414983303227810296 ) ) ;
#10571 = CARTESIAN_POINT ( 'NONE',  ( 22.26119697378127427, 1.016827546908759317, 28.19999999999999929 ) ) ;
#10572 = DIRECTION ( 'NONE',  ( -1.101697372407250679E-15, 1.000000000000000000, 0.000000000000000000 ) ) ;
#10573 = EDGE_LOOP ( 'NONE', ( #1604, #7628, #4670, #3021 ) ) ;
#10574 = CARTESIAN_POINT ( 'NONE',  ( -12.31167711550413024, 15.04702024554709539, 28.65792281711678058 ) ) ;
#10575 = CARTESIAN_POINT ( 'NONE',  ( -6.846620189535558509, -18.30604905409400374, 28.74989679937599618 ) ) ;
#10576 = VERTEX_POINT ( 'NONE', #9897 ) ;
#10577 = ORIENTED_EDGE ( 'NONE', *, *, #3468, .F. ) ;
#10578 = VECTOR ( 'NONE', #3071, 1000.000000000000114 ) ;
#10579 = DIRECTION ( 'NONE',  ( -0.000000000000000000, -0.000000000000000000, 1.000000000000000000 ) ) ;
#10580 = CARTESIAN_POINT ( 'NONE',  ( -19.12643511554327347, 2.879262753073756009, 29.37563829472397359 ) ) ;
#10581 = LINE ( 'NONE', #6514, #9577 ) ;
#10582 = CARTESIAN_POINT ( 'NONE',  ( 19.18620113966288088, 3.183638114476506242, 29.09635575791934770 ) ) ;
#10583 = CARTESIAN_POINT ( 'NONE',  ( -7.235169944843312884, -18.17215122931950688, 28.48885327365215048 ) ) ;
#10584 = EDGE_CURVE ( 'NONE', #3346, #6448, #2791, .T. ) ;
#10585 = DIRECTION ( 'NONE',  ( 0.000000000000000000, -0.000000000000000000, -1.000000000000000000 ) ) ;
#10586 = FACE_OUTER_BOUND ( 'NONE', #7153, .T. ) ;
#10587 = CARTESIAN_POINT ( 'NONE',  ( -6.771541863568666386, -18.21558814557944928, 29.04656687735576526 ) ) ;
#10588 = CARTESIAN_POINT ( 'NONE',  ( -12.25771184224071320, 15.02138818970339607, 29.33728614555100478 ) ) ;
#10589 = CIRCLE ( 'NONE', #5807, 1.300000000000001155 ) ;
#10590 = TOROIDAL_SURFACE ( 'NONE', #7341, 1.300000000000000266, 0.2000000000000000111 ) ;
#10591 = ORIENTED_EDGE ( 'NONE', *, *, #2355, .F. ) ;
#10592 = CIRCLE ( 'NONE', #8708, 0.2000000000000005107 ) ;
#10593 = CARTESIAN_POINT ( 'NONE',  ( -12.18148864996005720, 15.05649020833813800, 29.39011472870689801 ) ) ;
#10594 = CARTESIAN_POINT ( 'NONE',  ( -25.98076211353316367, -14.99999999999999467, 0.000000000000000000 ) ) ;
#10595 = CARTESIAN_POINT ( 'NONE',  ( -19.47835443601125149, 2.747736291718810175, 28.49976732480272545 ) ) ;
#10596 = CARTESIAN_POINT ( 'NONE',  ( 2.700000000000000178, 30.00000000000000000, 0.1999999999999996503 ) ) ;
#10597 = CIRCLE ( 'NONE', #8713, 0.1999999999999987899 ) ;
#10598 = CARTESIAN_POINT ( 'NONE',  ( 19.42016195826490232, 2.757423560712664479, 28.49996611647302558 ) ) ;
#10599 = LINE ( 'NONE', #6376, #7230 ) ;
#10600 = CIRCLE ( 'NONE', #10259, 5.000000000000004441 ) ;
#10601 = DIRECTION ( 'NONE',  ( 0.4999999999999991118, 0.8660254037844392627, 0.000000000000000000 ) ) ;
#10602 = ADVANCED_FACE ( 'NONE', ( #6856 ), #4391, .T. ) ;
#10603 = CARTESIAN_POINT ( 'NONE',  ( -17.31198659095687375, -10.04040790171521103, 0.000000000000000000 ) ) ;
#10604 = CARTESIAN_POINT ( 'NONE',  ( 12.11533809113191751, 13.98997061808132614, 28.72500000000000497 ) ) ;
#10605 = B_SPLINE_SURFACE_WITH_KNOTS ( 'NONE', 3, 3, ( 
 ( #8530, #4251, #1786, #5972, #9283, #6075, #6931, #4360, #6713, #5918, #10192 ),
 ( #3498, #2754, #1997, #5211, #5053, #8319, #6824, #9177, #7622, #278, #1841 ),
 ( #5105, #1949, #8374, #4307, #3553, #3612, #4413, #7569, #5264, #1198, #8479 ),
 ( #10141, #335, #6877, #228, #2810, #10033, #5534, #10397, #10242, #2150, #2908 ),
 ( #4674, #6125, #6179, #9542, #3870, #6228, #7780, #6280, #5419, #9490, #3768 ),
 ( #6981, #1247, #2855, #5480, #4621, #3058, #8632, #8681, #9387, #4724, #7032 ),
 ( #7879, #7934, #8737, #5321, #7827, #1348, #540, #3821, #8584, #2051, #6335 ),
 ( #7081, #9438, #2099, #2956, #439, #4518, #3923, #1399, #10345, #7984, #9600 ),
 ( #487, #3713, #7128, #5373, #1297, #591, #4569, #10296, #3004, #2204, #2258 ),
 ( #8790, #1453, #639, #7185, #692, #4881, #9058, #8998, #7, #2523, #7239 ),
 ( #8144, #2365, #3112, #7402, #5641, #9701, #5741, #4989, #4079, #9806, #1663 ),
 ( #4775, #10453, #917, #2472, #1609, #8253, #61, #4190, #8091, #8040, #860 ),
 ( #10507, #4932, #3972, #5587, #8897, #802, #4827, #5795, #3214, #3273, #1559 ),
 ( #3165, #7346, #1721, #8200, #6543, #6387, #6437, #4136, #8845, #3324, #6591 ),
 ( #9855, #9653, #2314, #1502, #750, #4026, #7287, #10558, #6490, #9754, #2418 ) ),
 .UNSPECIFIED., .F., .F., .F.,
 ( 4, 1, 1, 1, 1, 1, 1, 1, 1, 1, 1, 1, 4 ),
 ( 4, 1, 1, 1, 1, 1, 1, 1, 4 ),
 ( -0.02751110602301588826, 0.004947603695379561295, 0.03740631341377501085, 0.06986502313217045346, 0.1023237328505659099, 0.1672411522873568090, 0.2321585717241477220, 0.3619934105977294925, 0.4918282494713113184, 0.6216630883448931444, 0.7514979272184748593, 0.8813327660920566853, 1.011167604965638400 ),
 ( -0.0004963956247142754883, 0.1246083105015592524, 0.1871606635646960171, 0.2497130166278327956, 0.3748177227541062972, 0.4999224288803798544, 0.6250271350066534115, 0.7501318411329268576, 1.000341253385473861 ),
 .UNSPECIFIED. ) ;
#10606 = CARTESIAN_POINT ( 'NONE',  ( 7.084382912966047385, -18.20827662597076113, 29.40386246134495707 ) ) ;
ENDSEC;
END-ISO-10303-21;
